episode,score,max_tile,steps
1,352,64,44
2,492,64,57
3,596,64,70
4,412,64,53
5,396,64,50
6,208,32,35
7,128,16,27
8,548,64,67
9,128,16,27
10,432,64,54
11,140,16,29
12,160,32,28
13,524,64,65
14,492,64,61
15,524,64,65
16,188,32,31
17,540,64,65
18,140,16,27
19,104,16,25
20,556,64,65
21,192,32,31
22,368,64,44
23,196,32,32
24,212,32,36
25,204,32,33
26,504,64,60
27,504,64,61
28,184,32,30
29,244,32,39
30,228,32,36
31,872,128,84
32,392,64,49
33,516,64,63
34,212,32,35
35,512,64,62
36,368,64,44
37,480,64,58
38,248,32,40
39,136,16,29
40,504,64,61
41,112,16,26
42,508,64,61
43,948,128,91
44,436,64,55
45,428,64,54
46,428,64,53
47,492,64,57
48,480,64,56
49,536,64,64
50,300,32,48
51,532,64,67
52,544,64,67
53,204,32,34
54,472,64,57
55,464,64,56
56,532,64,64
57,204,32,34
58,540,64,65
59,940,128,89
60,336,32,49
61,804,128,73
62,512,64,62
63,248,32,40
64,552,64,67
65,496,64,59
66,252,32,41
67,560,64,70
68,516,64,63
69,360,64,45
70,216,32,37
71,496,64,59
72,284,32,44
73,168,32,30
74,384,64,47
75,528,64,65
76,272,32,45
77,204,32,34
78,404,64,52
79,164,16,31
80,192,32,31
81,1124,128,104
82,960,128,91
83,284,32,45
84,552,64,68
85,500,64,60
86,532,64,63
87,612,64,70
88,516,64,63
89,1172,128,111
90,544,64,66
91,660,64,79
92,604,64,69
93,240,32,39
94,540,64,65
95,936,128,88
96,236,32,37
97,132,16,28
98,500,64,59
99,216,32,36
100,84,16,21
101,416,64,51
102,1172,128,111
103,1088,128,105
104,280,32,44
105,544,64,66
106,492,64,58
107,528,64,62
108,556,64,68
109,532,64,63
110,284,32,45
111,524,64,61
112,1180,128,111
113,200,32,33
114,280,32,44
115,568,64,71
116,992,128,98
117,396,64,51
118,608,64,73
119,1312,128,122
120,284,32,44
121,472,64,57
122,392,64,49
123,556,64,68
124,552,64,67
125,200,32,33
126,540,64,65
127,544,64,66
128,500,64,60
129,396,64,49
130,424,64,53
131,152,32,27
132,508,64,61
133,424,64,53
134,500,64,59
135,548,64,67
136,192,32,32
137,500,64,59
138,952,128,88
139,540,64,65
140,208,32,34
141,228,32,36
142,200,32,33
143,196,32,33
144,296,32,47
145,208,32,35
146,520,64,64
147,520,64,61
148,784,128,70
149,964,128,95
150,472,64,59
151,220,32,37
152,428,64,53
153,280,32,44
154,776,128,70
155,424,64,53
156,544,64,65
157,188,32,31
158,316,32,45
159,288,32,46
160,532,64,63
161,180,32,32
162,440,64,56
163,556,64,69
164,216,32,36
165,1004,128,100
166,508,64,62
167,536,64,64
168,500,64,60
169,384,64,47
170,1172,128,110
171,996,128,98
172,1228,128,113
173,924,128,85
174,568,64,71
175,984,128,95
176,248,32,41
177,540,64,65
178,984,128,95
179,708,64,82
180,320,32,46
181,692,64,76
182,540,64,66
183,864,128,83
184,392,64,49
185,428,64,53
186,416,64,51
187,380,64,47
188,228,32,36
189,832,128,79
190,1132,128,106
191,404,64,51
192,556,64,68
193,1168,128,109
194,1172,128,111
195,292,32,47
196,392,64,49
197,560,64,69
198,220,32,35
199,564,64,70
200,1248,128,118
201,388,64,48
202,844,128,79
203,1132,128,104
204,448,64,57
205,108,16,22
206,1324,128,125
207,552,64,67
208,916,128,88
209,224,32,35
210,224,32,34
211,512,64,62
212,1200,128,117
213,540,64,65
214,1268,128,121
215,560,64,69
216,524,64,64
217,420,64,52
218,504,64,60
219,616,64,72
220,988,128,96
221,292,32,46
222,540,64,64
223,864,128,82
224,880,128,86
225,1148,128,109
226,988,128,96
227,624,64,73
228,1372,128,131
229,680,64,72
230,1128,128,104
231,940,128,89
232,504,64,61
233,284,32,45
234,452,64,53
235,964,128,95
236,208,32,35
237,548,64,67
238,528,64,62
239,76,16,19
240,932,128,87
241,1252,128,119
242,472,64,57
243,1188,128,114
244,544,64,65
245,932,128,88
246,480,64,61
247,552,64,67
248,508,64,61
249,320,32,47
250,840,128,81
251,484,64,62
252,204,32,34
253,860,128,82
254,1368,128,131
255,544,64,66
256,228,32,35
257,404,64,52
258,992,128,97
259,504,64,60
260,564,64,70
261,636,64,76
262,556,64,69
263,980,128,95
264,940,128,89
265,196,32,32
266,980,128,94
267,184,32,30
268,980,128,94
269,560,64,69
270,292,32,47
271,1256,128,120
272,828,128,78
273,1260,128,121
274,540,64,64
275,552,64,67
276,1180,128,112
277,1168,128,110
278,416,64,51
279,388,64,49
280,180,32,29
281,1340,128,124
282,1244,128,117
283,988,128,96
284,456,64,56
285,1128,128,104
286,496,64,59
287,164,16,31
288,252,32,41
289,312,32,45
290,996,128,98
291,556,64,69
292,840,128,81
293,432,64,54
294,492,64,58
295,544,64,66
296,1140,128,107
297,672,64,80
298,236,32,37
299,672,64,80
300,244,32,39
301,1120,128,103
302,676,64,78
303,564,64,70
304,368,64,43
305,656,64,76
306,1108,128,104
307,992,128,97
308,940,128,89
309,1176,128,111
310,488,64,57
311,404,64,48
312,164,32,28
313,1192,128,115
314,516,64,63
315,216,32,36
316,480,64,59
317,1228,128,113
318,388,64,48
319,564,64,70
320,1104,128,99
321,200,32,33
322,224,32,38
323,956,128,94
324,544,64,66
325,524,64,62
326,864,128,83
327,236,32,38
328,612,64,71
329,536,64,64
330,508,64,61
331,936,128,89
332,496,64,59
333,944,128,90
334,1056,128,102
335,1232,128,114
336,208,32,35
337,504,64,57
338,632,64,75
339,972,128,93
340,940,128,90
341,488,64,57
342,992,128,97
343,1352,128,127
344,268,32,42
345,1892,256,144
346,528,64,62
347,228,32,36
348,88,16,21
349,556,64,68
350,1268,128,122
351,992,128,98
352,1164,128,108
353,540,64,65
354,1220,128,114
355,532,64,63
356,1248,128,117
357,628,64,75
358,580,64,68
359,540,64,64
360,532,64,64
361,512,64,62
362,556,64,68
363,892,128,82
364,1260,128,120
365,976,128,94
366,212,32,36
367,984,128,96
368,1368,128,132
369,548,64,67
370,208,32,35
371,448,64,57
372,1312,128,129
373,608,64,70
374,1256,128,120
375,464,64,55
376,1208,128,113
377,1264,128,121
378,924,128,86
379,516,64,63
380,540,64,65
381,1236,128,116
382,184,32,30
383,476,64,55
384,1196,128,110
385,628,64,75
386,896,128,86
387,532,64,62
388,380,64,46
389,500,64,61
390,924,128,85
391,1336,128,128
392,504,64,61
393,1344,128,124
394,536,64,64
395,188,32,31
396,376,64,46
397,628,64,75
398,628,64,74
399,384,64,48
400,948,128,91
401,240,32,39
402,1240,128,116
403,1240,128,116
404,396,64,49
405,492,64,57
406,1364,128,130
407,248,32,40
408,1244,128,117
409,612,64,71
410,236,32,38
411,1220,128,111
412,1204,128,111
413,1212,128,113
414,1240,128,115
415,1024,128,97
416,900,128,83
417,688,64,78
418,1244,128,117
419,524,64,65
420,1328,128,125
421,548,64,66
422,1184,128,107
423,1252,128,118
424,540,64,66
425,892,128,82
426,372,64,44
427,1152,128,106
428,1184,128,113
429,1272,128,118
430,1276,128,120
431,1260,128,121
432,1248,128,117
433,1248,128,117
434,1264,128,122
435,1248,128,118
436,468,64,56
437,1372,128,132
438,240,32,39
439,984,128,96
440,1228,128,114
441,960,128,94
442,1292,128,123
443,1140,128,107
444,404,64,49
445,1208,128,109
446,872,128,84
447,228,32,36
448,544,64,66
449,1184,128,113
450,564,64,63
451,2240,256,174
452,1312,128,122
453,1192,128,109
454,612,64,71
455,984,128,96
456,1928,256,145
457,520,64,64
458,564,64,70
459,648,64,76
460,552,64,67
461,1176,128,111
462,524,64,61
463,212,32,36
464,552,64,68
465,1144,128,108
466,1248,128,118
467,1228,128,113
468,1208,128,112
469,1124,128,103
470,504,64,61
471,1316,128,124
472,996,128,98
473,800,128,71
474,604,64,69
475,1224,128,112
476,1200,128,110
477,1168,128,103
478,668,64,79
479,392,64,49
480,1004,128,100
481,556,64,68
482,672,64,72
483,628,64,75
484,1188,128,114
485,248,32,40
486,1160,128,108
487,500,64,59
488,616,64,71
489,556,64,69
490,960,128,90
491,936,128,89
492,1256,128,120
493,1200,128,110
494,396,64,50
495,928,128,87
496,812,128,74
497,972,128,93
498,544,64,66
499,460,64,54
500,940,128,90
501,196,32,32
502,1232,128,114
503,944,128,90
504,1004,128,100
505,432,64,54
506,192,32,31
507,1236,128,118
508,1284,128,122
509,500,64,60
510,1068,128,105
511,516,64,63
512,832,128,76
513,1156,128,110
514,240,32,38
515,616,64,72
516,1228,128,113
517,1392,128,126
518,544,64,66
519,504,64,59
520,1052,128,100
521,960,128,94
522,524,64,65
523,904,128,85
524,1064,128,94
525,732,64,81
526,540,64,64
527,1308,128,121
528,516,64,64
529,504,64,60
530,1232,128,115
531,1300,128,120
532,528,64,65
533,900,128,84
534,632,64,75
535,1164,128,112
536,896,128,83
537,920,128,85
538,380,64,46
539,508,64,61
540,188,32,30
541,1140,128,107
542,1260,128,116
543,932,128,88
544,472,64,60
545,1124,128,104
546,1156,128,107
547,564,64,70
548,704,64,81
549,976,128,93
550,1244,128,117
551,1184,128,107
552,1144,128,104
553,932,128,88
554,1156,128,107
555,1188,128,108
556,1140,128,107
557,496,64,58
558,400,64,50
559,504,64,61
560,392,64,49
561,2548,256,189
562,488,64,57
563,388,64,48
564,1236,128,114
565,524,64,62
566,904,128,85
567,228,32,36
568,1172,128,110
569,192,32,32
570,648,64,75
571,1324,128,124
572,1224,128,117
573,988,128,97
574,1224,128,113
575,540,64,65
576,204,32,34
577,568,64,70
578,1356,128,129
579,1236,128,114
580,492,64,58
581,1252,128,119
582,1180,128,113
583,636,64,76
584,636,64,76
585,552,64,67
586,1108,128,100
587,1360,128,130
588,1004,128,100
589,504,64,60
590,560,64,69
591,1352,128,127
592,992,128,97
593,384,64,47
594,204,32,34
595,512,64,61
596,1068,128,94
597,384,64,48
598,1204,128,113
599,608,64,73
600,200,32,33
601,1236,128,116
602,1056,128,101
603,2144,256,166
604,628,64,74
605,1208,128,112
606,644,64,78
607,1212,128,110
608,1268,128,122
609,1376,128,132
610,612,64,71
611,540,64,65
612,948,128,92
613,608,64,71
614,568,64,65
615,1216,128,114
616,628,64,75
617,1856,256,138
618,904,128,85
619,984,128,95
620,896,128,83
621,948,128,92
622,576,64,68
623,836,128,80
624,984,128,96
625,724,64,79
626,1104,128,109
627,1168,128,110
628,540,64,65
629,1300,128,125
630,2260,256,178
631,208,32,35
632,1224,128,111
633,532,64,63
634,932,128,89
635,224,32,35
636,1232,128,114
637,1308,128,121
638,644,64,77
639,536,64,64
640,924,128,85
641,1344,128,125
642,1144,128,105
643,628,64,75
644,1256,128,120
645,532,64,63
646,952,128,92
647,844,128,78
648,268,32,44
649,1048,128,100
650,580,64,67
651,1220,128,115
652,2232,256,172
653,1240,128,115
654,360,32,51
655,1536,128,131
656,932,128,87
657,984,128,96
658,984,128,96
659,964,128,95
660,544,64,66
661,380,64,46
662,1176,128,105
663,1060,128,102
664,572,64,65
665,912,128,87
666,484,64,59
667,492,64,58
668,580,64,64
669,544,64,65
670,1096,128,101
671,540,64,65
672,856,128,81
673,1128,128,104
674,932,128,88
675,1316,128,123
676,1196,128,109
677,944,128,90
678,572,64,69
679,1232,128,113
680,976,128,94
681,1196,128,112
682,824,128,78
683,544,64,66
684,1528,128,129
685,1016,128,99
686,2132,256,164
687,1316,128,123
688,500,64,60
689,1284,128,123
690,212,32,33
691,952,128,92
692,1136,128,106
693,972,128,93
694,1060,128,103
695,1992,256,156
696,196,32,32
697,568,64,65
698,1036,128,101
699,1316,128,124
700,1224,128,113
701,1256,128,120
702,472,64,57
703,1296,128,124
704,1044,128,99
705,512,64,62
706,1224,128,112
707,1072,128,102
708,1268,128,123
709,1000,128,93
710,416,64,50
711,1244,128,117
712,992,128,97
713,1220,128,115
714,1184,128,114
715,496,64,59
716,508,64,62
717,1180,128,112
718,924,128,85
719,1016,128,96
720,444,64,53
721,564,64,71
722,1576,128,133
723,548,64,67
724,548,64,66
725,204,32,34
726,976,128,94
727,556,64,69
728,72,16,18
729,1324,128,124
730,940,128,90
731,1208,128,112
732,484,64,61
733,1332,128,127
734,1244,128,117
735,1232,128,114
736,1212,128,113
737,512,64,62
738,1156,128,111
739,1248,128,117
740,420,64,52
741,1100,128,99
742,992,128,97
743,524,64,65
744,984,128,96
745,496,64,59
746,416,64,51
747,1928,256,144
748,380,64,46
749,936,128,92
750,960,128,93
751,532,64,66
752,1972,256,155
753,888,128,81
754,1144,128,104
755,392,64,49
756,528,64,65
757,1368,128,131
758,1260,128,120
759,1204,128,113
760,1272,128,119
761,900,128,84
762,844,128,81
763,520,64,60
764,500,64,59
765,932,128,87
766,1260,128,120
767,488,64,57
768,552,64,68
769,936,128,88
770,1232,128,114
771,384,64,47
772,1136,128,102
773,1256,128,120
774,1260,128,120
775,340,32,47
776,944,128,91
777,488,64,58
778,508,64,61
779,260,32,40
780,2404,256,193
781,1312,128,122
782,344,32,48
783,424,64,53
784,1244,128,117
785,2192,256,170
786,540,64,65
787,1256,128,120
788,548,64,66
789,2256,256,178
790,1252,128,119
791,1252,128,119
792,1248,128,118
793,460,64,54
794,212,32,36
795,1176,128,111
796,1228,128,114
797,812,128,74
798,1200,128,111
799,504,64,60
800,1272,128,119
801,2304,256,179
802,1144,128,108
803,504,64,61
804,1124,128,103
805,2344,256,184
806,1360,128,130
807,2204,256,169
808,196,32,32
809,892,128,83
810,1244,128,117
811,360,32,52
812,568,64,65
813,2088,256,158
814,188,32,31
815,496,64,58
816,632,64,75
817,980,128,95
818,200,32,33
819,644,64,75
820,544,64,66
821,952,128,93
822,500,64,60
823,980,128,95
824,96,16,23
825,1316,128,129
826,540,64,65
827,1344,128,129
828,580,64,68
829,1360,128,130
830,616,64,72
831,588,64,71
832,484,64,56
833,2420,256,187
834,468,64,56
835,2164,256,167
836,1220,128,112
837,1200,128,111
838,648,64,79
839,620,64,73
840,1092,128,100
841,244,32,39
842,184,32,29
843,1176,128,111
844,1236,128,115
845,328,64,39
846,1256,128,116
847,2004,256,152
848,1256,128,120
849,1056,128,102
850,496,64,59
851,1096,128,101
852,1060,128,104
853,608,64,70
854,620,64,74
855,1992,256,156
856,1224,128,113
857,376,64,45
858,1076,128,96
859,592,64,70
860,992,128,98
861,2068,256,159
862,624,64,75
863,928,128,87
864,2712,256,211
865,1252,128,119
866,1376,128,132
867,1140,128,110
868,1308,128,121
869,932,128,88
870,1220,128,112
871,1172,128,111
872,964,128,91
873,2252,256,177
874,512,64,62
875,272,32,42
876,2140,256,165
877,2288,256,180
878,1244,128,117
879,588,64,69
880,1128,128,104
881,1164,128,109
882,1220,128,112
883,228,32,39
884,804,128,74
885,620,64,72
886,1344,128,126
887,536,64,64
888,532,64,63
889,988,128,96
890,1196,128,110
891,1288,128,122
892,1332,128,127
893,512,64,62
894,940,128,90
895,924,128,86
896,1216,128,114
897,976,128,94
898,1160,128,111
899,1264,128,118
900,1012,128,96
901,1220,128,111
902,1004,128,100
903,388,64,48
904,620,64,73
905,1244,128,117
906,1132,128,105
907,1296,128,118
908,1372,128,132
909,500,64,60
910,1248,128,118
911,1372,128,132
912,988,128,97
913,496,64,59
914,1244,128,117
915,976,128,94
916,1128,128,104
917,388,64,48
918,984,128,96
919,2256,256,178
920,964,128,91
921,1328,128,132
922,1276,128,124
923,660,64,78
924,1172,128,111
925,832,128,78
926,1284,128,122
927,932,128,88
928,1216,128,114
929,204,32,34
930,484,64,62
931,1224,128,116
932,480,64,59
933,952,128,92
934,1000,128,100
935,1084,128,98
936,928,128,87
937,784,64,83
938,1136,128,106
939,976,128,93
940,472,64,56
941,1360,128,128
942,1948,256,149
943,1160,128,108
944,508,64,61
945,396,64,50
946,980,128,95
947,536,64,64
948,212,32,36
949,1096,128,97
950,2048,256,158
951,1324,128,126
952,1228,128,112
953,436,64,55
954,2184,256,171
955,952,128,91
956,536,64,64
957,1248,128,118
958,436,64,50
959,964,128,91
960,940,128,89
961,1068,128,105
962,1168,128,110
963,1136,128,102
964,1140,128,107
965,208,32,35
966,1008,128,97
967,1220,128,111
968,524,64,60
969,1308,128,122
970,1204,128,112
971,1172,128,111
972,1260,128,116
973,356,32,51
974,1236,128,115
975,1232,128,115
976,624,64,74
977,1292,128,124
978,916,128,85
979,980,128,94
980,1108,128,99
981,1236,128,115
982,1260,128,117
983,2760,256,212
984,2264,256,176
985,516,64,63
986,604,64,72
987,888,128,88
988,1248,128,118
989,548,64,67
990,984,128,96
991,1228,128,114
992,1256,128,120
993,1132,128,105
994,540,64,65
995,1228,128,113
996,1088,128,99
997,1340,128,128
998,200,32,33
999,1220,128,112
1000,1240,128,116
1001,900,128,85
1002,1316,128,123
1003,204,32,34
1004,1532,128,130
1005,972,128,93
1006,1248,128,114
1007,544,64,66
1008,1204,128,112
1009,1228,128,113
1010,620,64,73
1011,896,128,83
1012,1264,128,122
1013,1236,128,115
1014,808,128,73
1015,828,128,78
1016,1252,128,118
1017,1228,128,114
1018,1112,128,101
1019,968,128,92
1020,1116,128,111
1021,904,128,85
1022,436,64,55
1023,1244,128,118
1024,520,64,64
1025,816,128,75
1026,564,64,70
1027,2248,256,176
1028,1244,128,117
1029,2212,256,168
1030,1136,128,105
1031,212,32,36
1032,952,128,92
1033,924,128,86
1034,1324,128,125
1035,1536,128,146
1036,968,128,92
1037,512,64,62
1038,1256,128,116
1039,1248,128,118
1040,2984,256,231
1041,1332,128,127
1042,832,128,79
1043,520,64,64
1044,2220,256,169
1045,196,32,33
1046,1236,128,115
1047,2260,256,179
1048,1196,128,110
1049,548,64,67
1050,1252,128,118
1051,544,64,66
1052,1056,128,102
1053,2436,256,190
1054,1204,128,108
1055,1152,128,106
1056,92,16,22
1057,2720,256,214
1058,1132,128,106
1059,1320,128,124
1060,544,64,66
1061,792,128,73
1062,172,32,30
1063,1216,128,113
1064,1384,128,134
1065,404,64,51
1066,1172,128,111
1067,1248,128,118
1068,964,128,92
1069,1212,128,113
1070,352,32,51
1071,1060,128,102
1072,1140,128,104
1073,1232,128,118
1074,924,128,86
1075,1296,128,126
1076,1392,128,136
1077,556,64,68
1078,1228,128,114
1079,360,32,51
1080,200,32,33
1081,1248,128,117
1082,1344,128,126
1083,1388,128,135
1084,1000,128,99
1085,980,128,95
1086,552,64,62
1087,1092,128,100
1088,632,64,76
1089,1336,128,127
1090,508,64,62
1091,1904,256,143
1092,464,64,55
1093,196,32,32
1094,476,64,58
1095,224,32,35
1096,944,128,91
1097,1244,128,117
1098,1012,128,96
1099,1256,128,116
1100,1388,128,125
1101,1236,128,115
1102,1204,128,112
1103,1356,128,127
1104,544,64,66
1105,400,64,51
1106,608,64,70
1107,1284,128,122
1108,1316,128,123
1109,1244,128,117
1110,1144,128,108
1111,1328,128,122
1112,464,64,54
1113,92,16,22
1114,948,128,88
1115,416,64,51
1116,1012,128,94
1117,1084,128,108
1118,1260,128,119
1119,1316,128,123
1120,544,64,66
1121,916,128,84
1122,824,128,77
1123,972,128,93
1124,2176,256,170
1125,1164,128,109
1126,1216,128,114
1127,1180,128,112
1128,1260,128,121
1129,1144,128,104
1130,968,128,92
1131,388,64,48
1132,1136,128,106
1133,544,64,65
1134,528,64,62
1135,492,64,58
1136,1160,128,102
1137,1320,128,124
1138,536,64,64
1139,204,32,34
1140,2248,256,176
1141,1172,128,105
1142,624,64,73
1143,1248,128,118
1144,1128,128,104
1145,536,64,64
1146,1208,128,112
1147,1052,128,101
1148,1232,128,114
1149,652,64,77
1150,1372,128,132
1151,948,128,91
1152,1436,128,133
1153,1140,128,107
1154,1224,128,112
1155,924,128,87
1156,1208,128,113
1157,1060,128,103
1158,1152,128,107
1159,1272,128,123
1160,1284,128,122
1161,2232,256,172
1162,544,64,66
1163,1212,128,113
1164,688,64,75
1165,140,32,24
1166,1220,128,111
1167,1376,128,133
1168,1524,128,139
1169,632,64,76
1170,1248,128,118
1171,540,64,65
1172,1264,128,122
1173,1116,128,101
1174,1248,128,118
1175,1208,128,113
1176,464,64,58
1177,1224,128,113
1178,1240,128,115
1179,1236,128,115
1180,1072,128,95
1181,968,128,92
1182,1240,128,116
1183,468,64,57
1184,492,64,58
1185,828,128,78
1186,548,64,67
1187,1244,128,116
1188,1244,128,117
1189,1248,128,118
1190,1300,128,126
1191,2272,256,181
1192,392,64,49
1193,1264,128,118
1194,992,128,98
1195,924,128,89
1196,1180,128,113
1197,932,128,88
1198,1320,128,130
1199,1268,128,122
1200,204,32,34
1201,988,128,97
1202,396,64,50
1203,476,64,58
1204,1352,128,128
1205,1308,128,127
1206,500,64,60
1207,1272,128,119
1208,1324,128,125
1209,2292,256,182
1210,1128,128,104
1211,1248,128,119
1212,1240,128,116
1213,1244,128,117
1214,1380,128,133
1215,1236,128,116
1216,1320,128,124
1217,392,64,49
1218,192,32,31
1219,916,128,84
1220,2224,256,174
1221,2396,256,192
1222,1188,128,114
1223,936,128,88
1224,968,128,92
1225,392,64,49
1226,1264,128,118
1227,1248,128,118
1228,1236,128,115
1229,1236,128,115
1230,2800,256,218
1231,804,128,73
1232,540,64,65
1233,1276,128,124
1234,1196,128,110
1235,1364,128,130
1236,1240,128,115
1237,2224,256,169
1238,928,128,90
1239,784,128,71
1240,1324,128,121
1241,1000,128,100
1242,540,64,65
1243,1228,128,113
1244,1172,128,111
1245,1236,128,116
1246,1000,128,99
1247,1124,128,103
1248,1140,128,107
1249,1944,256,148
1250,2152,256,164
1251,1196,128,109
1252,1344,128,126
1253,1264,128,121
1254,1360,128,130
1255,1148,128,106
1256,192,32,32
1257,700,64,78
1258,1284,128,122
1259,1432,128,133
1260,1356,128,129
1261,548,64,67
1262,2172,256,169
1263,520,64,64
1264,1264,128,122
1265,1180,128,113
1266,1320,128,124
1267,1068,128,94
1268,1100,128,98
1269,2824,256,212
1270,520,64,61
1271,1156,128,106
1272,1256,128,120
1273,500,64,60
1274,956,128,90
1275,620,64,72
1276,1156,128,107
1277,468,64,59
1278,508,64,61
1279,1236,128,115
1280,972,128,93
1281,1172,128,111
1282,968,128,92
1283,2260,256,179
1284,1260,128,120
1285,476,64,58
1286,1120,128,103
1287,1300,128,125
1288,616,64,72
1289,1268,128,118
1290,552,64,67
1291,1168,128,110
1292,920,128,86
1293,944,128,91
1294,1232,128,114
1295,1916,256,141
1296,1248,128,117
1297,580,64,70
1298,1216,128,115
1299,1252,128,119
1300,1312,128,122
1301,488,64,57
1302,940,128,90
1303,2124,256,161
1304,576,64,66
1305,952,128,92
1306,1320,128,120
1307,868,128,83
1308,1192,128,108
1309,836,128,79
1310,1264,128,121
1311,540,64,65
1312,1112,128,101
1313,972,128,93
1314,536,64,64
1315,2520,256,185
1316,988,128,96
1317,1180,128,112
1318,1320,128,124
1319,1220,128,111
1320,972,128,93
1321,1372,128,131
1322,436,64,55
1323,864,128,82
1324,1268,128,123
1325,1224,128,112
1326,980,128,95
1327,1172,128,111
1328,1176,128,105
1329,540,64,65
1330,1252,128,118
1331,616,64,72
1332,1216,128,111
1333,828,128,78
1334,1264,128,117
1335,1396,128,133
1336,1240,128,116
1337,1316,128,126
1338,932,128,88
1339,1264,128,117
1340,512,64,62
1341,628,64,74
1342,1148,128,109
1343,1232,128,118
1344,1824,256,135
1345,1232,128,114
1346,1220,128,112
1347,1216,128,110
1348,1124,128,104
1349,1292,128,118
1350,1240,128,116
1351,376,64,46
1352,1108,128,103
1353,540,64,65
1354,1204,128,111
1355,1216,128,114
1356,480,64,55
1357,1072,128,96
1358,1408,128,136
1359,1196,128,109
1360,1232,128,115
1361,2380,256,192
1362,2240,256,173
1363,1248,128,118
1364,1236,128,115
1365,1292,128,123
1366,1244,128,117
1367,208,32,35
1368,396,64,50
1369,2208,256,170
1370,1244,128,117
1371,240,32,38
1372,556,64,68
1373,1284,128,121
1374,1176,128,106
1375,1124,128,104
1376,1252,128,119
1377,1060,128,102
1378,1124,128,103
1379,644,64,78
1380,1372,128,133
1381,1132,128,105
1382,984,128,96
1383,1124,128,103
1384,1244,128,117
1385,1248,128,118
1386,896,128,83
1387,984,128,96
1388,504,64,61
1389,1256,128,119
1390,2200,256,168
1391,1244,128,117
1392,1132,128,105
1393,1164,128,108
1394,1188,128,108
1395,1232,128,114
1396,1236,128,115
1397,888,128,82
1398,1252,128,119
1399,1980,256,153
1400,1240,128,116
1401,1248,128,118
1402,1264,128,121
1403,1348,128,126
1404,1120,128,112
1405,244,32,39
1406,388,64,48
1407,1240,128,116
1408,1156,128,107
1409,1172,128,110
1410,1192,128,110
1411,552,64,67
1412,1340,128,128
1413,1120,128,102
1414,504,64,60
1415,532,64,64
1416,1256,128,120
1417,1360,128,129
1418,908,128,82
1419,1244,128,117
1420,1196,128,111
1421,1188,128,108
1422,1348,128,130
1423,1020,128,97
1424,1248,128,117
1425,540,64,66
1426,684,64,83
1427,1348,128,127
1428,1240,128,116
1429,1236,128,115
1430,1140,128,107
1431,304,32,43
1432,1192,128,108
1433,1236,128,114
1434,952,128,92
1435,960,128,91
1436,1276,128,121
1437,1196,128,110
1438,636,64,77
1439,1248,128,118
1440,2364,256,188
1441,1244,128,117
1442,984,128,96
1443,1220,128,115
1444,1268,128,122
1445,1200,128,110
1446,508,64,61
1447,2308,256,174
1448,1260,128,120
1449,220,32,37
1450,628,64,75
1451,1188,128,108
1452,820,128,77
1453,460,64,54
1454,1928,256,146
1455,1348,128,127
1456,1168,128,110
1457,496,64,59
1458,1236,128,115
1459,988,128,97
1460,1144,128,108
1461,1912,256,147
1462,1116,128,102
1463,1092,128,96
1464,624,64,74
1465,544,64,66
1466,1112,128,102
1467,208,32,35
1468,1292,128,123
1469,1280,128,122
1470,1828,256,135
1471,1164,128,108
1472,1312,128,122
1473,556,64,68
1474,524,64,62
1475,1308,128,120
1476,1172,128,110
1477,1968,256,150
1478,1192,128,108
1479,2136,256,164
1480,1124,128,103
1481,1288,128,122
1482,2268,256,181
1483,1296,128,124
1484,1260,128,115
1485,1212,128,113
1486,1232,128,115
1487,1244,128,117
1488,2244,256,175
1489,1264,128,118
1490,1284,128,122
1491,1212,128,113
1492,908,128,86
1493,1920,256,144
1494,560,64,69
1495,1256,128,120
1496,2108,256,159
1497,1132,128,105
1498,552,64,68
1499,920,128,85
1500,492,64,58
1501,1248,128,118
1502,548,64,67
1503,904,128,84
1504,1276,128,124
1505,1116,128,102
1506,1244,128,118
1507,1348,128,126
1508,1316,128,123
1509,920,128,85
1510,944,128,90
1511,1228,128,116
1512,1244,128,116
1513,576,64,73
1514,496,64,59
1515,1968,256,150
1516,1136,128,106
1517,560,64,69
1518,2304,256,185
1519,1140,128,106
1520,2368,256,190
1521,2256,256,178
1522,840,128,81
1523,508,64,62
1524,1224,128,112
1525,932,128,87
1526,548,64,67
1527,1172,128,104
1528,980,128,94
1529,2644,256,198
1530,2260,256,179
1531,948,128,91
1532,544,64,66
1533,1196,128,110
1534,1272,128,120
1535,512,64,63
1536,1328,128,125
1537,1248,128,119
1538,1296,128,125
1539,964,128,91
1540,512,64,62
1541,1288,128,123
1542,908,128,85
1543,1912,256,145
1544,492,64,58
1545,1272,128,123
1546,1344,128,125
1547,1108,128,100
1548,2396,256,195
1549,904,128,81
1550,988,128,97
1551,1248,128,117
1552,2240,256,173
1553,1172,128,111
1554,1108,128,103
1555,208,32,35
1556,1300,128,125
1557,548,64,67
1558,2220,256,169
1559,500,64,60
1560,1244,128,117
1561,1032,128,100
1562,968,128,91
1563,1232,128,114
1564,1212,128,113
1565,1824,256,135
1566,768,128,69
1567,1380,128,134
1568,952,128,92
1569,1084,128,98
1570,1376,128,129
1571,2264,256,179
1572,1088,128,100
1573,1256,128,120
1574,1252,128,119
1575,976,128,94
1576,936,128,89
1577,2304,256,185
1578,1148,128,109
1579,1208,128,112
1580,1284,128,122
1581,540,64,65
1582,428,64,53
1583,1172,128,111
1584,1236,128,115
1585,1084,128,99
1586,928,128,87
1587,1220,128,115
1588,496,64,59
1589,2372,256,190
1590,1080,128,104
1591,516,64,60
1592,2568,256,192
1593,1240,128,114
1594,968,128,92
1595,1220,128,116
1596,912,128,84
1597,1428,128,131
1598,1192,128,109
1599,1112,128,101
1600,1192,128,108
1601,1372,128,132
1602,2156,256,165
1603,2224,256,170
1604,2244,256,175
1605,1300,128,119
1606,1120,128,102
1607,932,128,88
1608,1112,128,101
1609,464,64,55
1610,1492,128,135
1611,1276,128,124
1612,948,128,91
1613,960,128,90
1614,1348,128,126
1615,1232,128,114
1616,1144,128,105
1617,540,64,64
1618,608,64,70
1619,1228,128,113
1620,1232,128,114
1621,1100,128,99
1622,1888,256,139
1623,1252,128,118
1624,624,64,74
1625,1052,128,101
1626,1252,128,115
1627,2368,256,189
1628,1316,128,124
1629,952,128,92
1630,2280,256,180
1631,1044,128,99
1632,1380,128,135
1633,960,128,90
1634,2240,256,173
1635,1400,128,134
1636,2724,256,210
1637,1072,128,106
1638,1240,128,116
1639,1144,128,108
1640,1124,128,103
1641,952,128,93
1642,820,128,76
1643,2324,256,183
1644,2208,256,171
1645,1792,256,132
1646,1276,128,120
1647,1024,128,99
1648,368,64,44
1649,1100,128,99
1650,864,128,83
1651,940,128,89
1652,2144,256,166
1653,536,64,64
1654,1224,128,116
1655,2132,256,164
1656,2256,256,178
1657,2136,256,160
1658,668,64,80
1659,932,128,87
1660,984,128,96
1661,1148,128,109
1662,500,64,60
1663,1192,128,115
1664,1296,128,125
1665,1256,128,120
1666,1424,128,130
1667,1520,128,142
1668,1168,128,110
1669,1208,128,112
1670,2620,256,194
1671,1248,128,118
1672,540,64,64
1673,1248,128,118
1674,1220,128,111
1675,2288,256,175
1676,1260,128,120
1677,984,128,95
1678,1200,128,111
1679,1116,128,102
1680,1384,128,131
1681,576,64,72
1682,880,128,86
1683,2236,256,173
1684,1216,128,114
1685,1236,128,115
1686,508,64,62
1687,528,64,62
1688,992,128,93
1689,336,32,50
1690,2360,256,187
1691,552,64,67
1692,1216,128,110
1693,68,16,17
1694,1224,128,113
1695,504,64,61
1696,1300,128,119
1697,1156,128,107
1698,1460,128,134
1699,1112,128,101
1700,992,128,98
1701,1216,128,111
1702,1212,128,110
1703,1056,128,101
1704,1148,128,109
1705,636,64,77
1706,492,64,58
1707,1320,128,123
1708,192,32,31
1709,1052,128,100
1710,1228,128,113
1711,1216,128,110
1712,1220,128,111
1713,2040,256,156
1714,1316,128,123
1715,1204,128,111
1716,2224,256,174
1717,1044,128,99
1718,1416,128,138
1719,952,128,92
1720,984,128,96
1721,1160,128,108
1722,548,64,67
1723,1368,128,131
1724,996,128,95
1725,2320,256,181
1726,1128,128,104
1727,1224,128,112
1728,512,64,62
1729,1136,128,103
1730,1272,128,120
1731,1324,128,125
1732,1148,128,106
1733,928,128,87
1734,1256,128,120
1735,548,64,67
1736,1288,128,123
1737,200,32,33
1738,1236,128,115
1739,1556,128,146
1740,516,64,63
1741,392,64,49
1742,1084,128,98
1743,2332,256,181
1744,1180,128,113
1745,1164,128,109
1746,92,16,22
1747,2852,256,215
1748,932,128,88
1749,1380,128,129
1750,492,64,58
1751,2348,256,185
1752,1324,128,121
1753,1240,128,116
1754,508,64,61
1755,2208,256,171
1756,1244,128,117
1757,1324,128,125
1758,1908,256,147
1759,200,32,33
1760,1892,256,140
1761,1132,128,105
1762,956,128,93
1763,2176,256,170
1764,412,64,50
1765,1264,128,121
1766,1240,128,116
1767,1248,128,118
1768,1212,128,113
1769,516,64,63
1770,1196,128,109
1771,1144,128,104
1772,1224,128,112
1773,436,64,50
1774,1196,128,110
1775,1248,128,117
1776,236,32,37
1777,1236,128,114
1778,2352,256,185
1779,2200,256,164
1780,1088,128,96
1781,2084,256,162
1782,952,128,92
1783,212,32,36
1784,512,64,63
1785,1316,128,123
1786,500,64,60
1787,620,64,72
1788,2164,256,166
1789,2240,256,174
1790,1248,128,118
1791,496,64,59
1792,1252,128,118
1793,2692,256,207
1794,1112,128,102
1795,944,128,90
1796,2336,256,185
1797,1244,128,117
1798,1112,128,101
1799,1404,128,136
1800,2652,256,197
1801,1208,128,113
1802,1228,128,117
1803,2820,256,212
1804,1992,256,156
1805,920,128,85
1806,1228,128,113
1807,512,64,62
1808,1112,128,101
1809,816,128,75
1810,1428,128,131
1811,1332,128,127
1812,1280,128,121
1813,2760,256,212
1814,2172,256,169
1815,1364,128,130
1816,608,64,70
1817,1072,128,96
1818,428,32,57
1819,408,64,52
1820,1396,128,134
1821,2248,256,176
1822,1980,256,153
1823,1056,128,102
1824,1228,128,116
1825,540,64,65
1826,1228,128,114
1827,980,128,89
1828,1076,128,97
1829,460,64,54
1830,916,128,85
1831,980,128,95
1832,940,128,90
1833,1992,256,156
1834,640,64,77
1835,2104,256,167
1836,1360,128,129
1837,1312,128,122
1838,308,32,44
1839,1276,128,121
1840,2572,256,195
1841,1360,128,129
1842,1040,128,99
1843,1112,128,101
1844,1136,128,106
1845,1000,128,99
1846,1284,128,122
1847,720,64,77
1848,540,64,65
1849,1280,128,122
1850,344,64,42
1851,1092,128,106
1852,1152,128,106
1853,1136,128,103
1854,1204,128,111
1855,1272,128,123
1856,1164,128,109
1857,1288,128,123
1858,1236,128,115
1859,1120,128,102
1860,1232,128,114
1861,956,128,93
1862,1104,128,99
1863,1220,128,115
1864,1252,128,118
1865,208,32,35
1866,396,64,50
1867,1252,128,118
1868,1116,128,102
1869,1128,128,104
1870,400,64,51
1871,1112,128,101
1872,1236,128,116
1873,1496,128,136
1874,1236,128,116
1875,556,64,69
1876,1988,256,155
1877,1020,128,97
1878,1376,128,132
1879,576,64,67
1880,928,128,87
1881,1288,128,122
1882,796,128,71
1883,1264,128,121
1884,1224,128,112
1885,308,32,44
1886,1188,128,108
1887,548,64,67
1888,1540,128,141
1889,988,128,97
1890,544,64,66
1891,1120,128,102
1892,840,128,81
1893,1216,128,113
1894,1236,128,115
1895,2204,256,169
1896,984,128,96
1897,564,64,70
1898,1128,128,105
1899,1236,128,114
1900,1240,128,116
1901,1328,128,121
1902,376,64,46
1903,1224,128,113
1904,800,128,72
1905,548,64,67
1906,1148,128,109
1907,2572,256,192
1908,2944,256,226
1909,1332,128,127
1910,1192,128,109
1911,1236,128,115
1912,996,128,99
1913,1136,128,106
1914,980,128,95
1915,1032,128,103
1916,1148,128,109
1917,1236,128,115
1918,1152,128,110
1919,492,64,58
1920,2256,256,177
1921,1232,128,114
1922,1172,128,111
1923,1172,128,110
1924,1204,128,111
1925,1268,128,122
1926,1212,128,114
1927,400,64,51
1928,516,64,63
1929,1124,128,103
1930,992,128,97
1931,2516,256,184
1932,1252,128,118
1933,1240,128,116
1934,716,64,80
1935,1124,128,104
1936,1236,128,115
1937,1052,128,101
1938,1264,128,121
1939,1232,128,114
1940,232,32,37
1941,2972,256,233
1942,492,64,58
1943,548,64,67
1944,320,32,46
1945,1132,128,101
1946,472,64,57
1947,976,128,94
1948,1236,128,115
1949,1176,128,112
1950,804,64,87
1951,992,128,98
1952,296,32,41
1953,924,128,87
1954,980,128,95
1955,664,64,79
1956,1148,128,105
1957,824,128,77
1958,1248,128,118
1959,1124,128,103
1960,476,64,57
1961,1140,128,103
1962,912,128,82
1963,1236,128,116
1964,948,128,91
1965,944,128,90
1966,1132,128,105
1967,1232,128,114
1968,496,64,59
1969,1180,128,112
1970,1164,128,109
1971,2244,256,175
1972,960,128,90
1973,532,64,63
1974,2752,256,209
1975,1236,128,115
1976,1252,128,119
1977,1232,128,114
1978,972,128,93
1979,968,128,93
1980,820,128,77
1981,1992,256,155
1982,1252,128,118
1983,848,128,82
1984,1228,128,113
1985,1224,128,116
1986,2264,256,179
1987,652,64,79
1988,1236,128,115
1989,2104,256,156
1990,540,64,65
1991,1248,128,118
1992,1108,128,100
1993,940,128,89
1994,1260,128,120
1995,1192,128,109
1996,564,64,70
1997,2108,256,158
1998,1204,128,112
1999,1248,128,118
2000,1316,128,123
2001,828,128,78
2002,1084,128,104
2003,464,64,55
2004,1556,128,146
2005,1340,128,128
2006,532,64,63
2007,1360,128,129
2008,1240,128,115
2009,1480,128,132
2010,1220,128,112
2011,1116,128,101
2012,1248,128,114
2013,1372,128,132
2014,1172,128,111
2015,924,128,86
2016,316,32,45
2017,1136,128,106
2018,1156,128,107
2019,2132,256,163
2020,1368,128,131
2021,1144,128,108
2022,1212,128,113
2023,1364,128,129
2024,1232,128,114
2025,1204,128,112
2026,1148,128,105
2027,2140,256,165
2028,548,64,67
2029,1224,128,112
2030,928,128,87
2031,508,64,61
2032,880,128,83
2033,1748,256,122
2034,824,128,77
2035,1284,128,123
2036,1376,128,133
2037,1168,128,110
2038,1356,128,128
2039,1144,128,108
2040,1356,128,128
2041,952,128,92
2042,2652,256,197
2043,1252,128,118
2044,1112,128,101
2045,952,128,92
2046,1304,128,120
2047,980,128,95
2048,1140,128,107
2049,1276,128,120
2050,976,128,94
2051,1788,256,132
2052,1240,128,116
2053,1252,128,119
2054,1240,128,116
2055,1372,128,133
2056,1140,128,107
2057,1992,256,155
2058,1192,128,115
2059,2304,256,185
2060,1352,128,128
2061,976,128,94
2062,252,32,41
2063,1112,128,110
2064,580,64,67
2065,548,64,66
2066,828,128,79
2067,380,64,46
2068,1304,128,120
2069,1308,128,127
2070,508,64,61
2071,500,64,60
2072,1228,128,113
2073,1396,128,134
2074,1972,256,155
2075,508,64,62
2076,1352,128,128
2077,1324,128,125
2078,204,32,34
2079,1228,128,113
2080,976,128,93
2081,1268,128,123
2082,1252,128,119
2083,428,64,54
2084,2836,256,210
2085,1244,128,117
2086,1232,128,114
2087,536,64,64
2088,516,64,63
2089,1228,128,113
2090,988,128,97
2091,484,64,56
2092,556,64,68
2093,2344,256,183
2094,584,64,67
2095,1256,128,119
2096,172,32,27
2097,1956,256,151
2098,1004,128,100
2099,2248,256,176
2100,1248,128,117
2101,1136,128,106
2102,992,128,90
2103,1204,128,112
2104,2196,256,168
2105,1116,128,103
2106,1952,256,149
2107,932,128,87
2108,940,128,89
2109,396,64,50
2110,1448,128,132
2111,1560,128,148
2112,1244,128,117
2113,1228,128,112
2114,1396,128,133
2115,992,128,98
2116,988,128,97
2117,1104,128,102
2118,2352,256,185
2119,1040,128,98
2120,544,64,66
2121,1244,128,116
2122,2288,256,182
2123,1336,128,128
2124,996,128,99
2125,436,64,49
2126,1276,128,124
2127,1244,128,117
2128,1192,128,109
2129,1284,128,122
2130,808,128,74
2131,924,128,86
2132,704,64,81
2133,1260,128,121
2134,328,32,48
2135,552,64,67
2136,1240,128,116
2137,1112,128,101
2138,992,128,97
2139,832,128,79
2140,2160,256,165
2141,1196,128,116
2142,552,64,67
2143,1024,128,98
2144,1144,128,105
2145,660,64,72
2146,496,64,59
2147,1016,128,95
2148,996,128,98
2149,1228,128,113
2150,2084,256,167
2151,1220,128,115
2152,924,128,87
2153,640,64,77
2154,564,64,70
2155,1120,128,103
2156,1248,128,118
2157,1284,128,123
2158,340,64,41
2159,1724,128,156
2160,908,128,83
2161,1244,128,117
2162,648,64,76
2163,1088,128,108
2164,1132,128,106
2165,512,64,62
2166,964,128,95
2167,1628,128,144
2168,2288,256,175
2169,2200,256,168
2170,436,64,55
2171,1256,128,119
2172,200,32,33
2173,2176,256,163
2174,396,64,50
2175,1032,128,96
2176,1140,128,104
2177,1668,128,143
2178,912,128,86
2179,1264,128,122
2180,2952,256,228
2181,696,64,77
2182,556,64,68
2183,2548,256,184
2184,1932,256,145
2185,1320,128,123
2186,636,64,76
2187,396,64,50
2188,2192,256,166
2189,1232,128,114
2190,1240,128,115
2191,1228,128,117
2192,972,128,94
2193,1096,128,106
2194,1972,256,151
2195,1240,128,116
2196,1268,128,118
2197,1076,128,97
2198,1084,128,98
2199,1248,128,118
2200,1140,128,107
2201,1144,128,108
2202,480,64,59
2203,536,64,64
2204,984,128,95
2205,1224,128,112
2206,1244,128,117
2207,2252,256,178
2208,1212,128,109
2209,1240,128,116
2210,1232,128,115
2211,1228,128,113
2212,1136,128,106
2213,1252,128,119
2214,1212,128,113
2215,204,32,34
2216,1240,128,116
2217,1900,256,142
2218,1268,128,119
2219,1260,128,120
2220,1092,128,106
2221,548,64,67
2222,1120,128,103
2223,2240,256,174
2224,1320,128,124
2225,1228,128,114
2226,1140,128,107
2227,2032,256,161
2228,428,64,53
2229,1240,128,116
2230,2716,256,209
2231,1256,128,119
2232,1984,256,154
2233,2108,256,158
2234,552,64,67
2235,1236,128,115
2236,1320,128,124
2237,2348,256,184
2238,1124,128,103
2239,1200,128,111
2240,1112,128,101
2241,1024,128,98
2242,952,128,92
2243,1276,128,121
2244,2136,256,160
2245,1232,128,114
2246,1260,128,116
2247,1356,128,128
2248,232,32,37
2249,1232,128,114
2250,988,128,97
2251,1232,128,113
2252,1248,128,118
2253,1240,128,115
2254,1108,128,99
2255,828,128,78
2256,2652,256,200
2257,544,64,66
2258,1488,128,135
2259,1216,128,110
2260,1164,128,109
2261,1140,128,104
2262,948,128,92
2263,856,128,81
2264,1268,128,119
2265,1260,128,121
2266,1124,128,103
2267,1196,128,109
2268,1284,128,122
2269,2268,256,182
2270,388,64,48
2271,928,128,88
2272,1208,128,112
2273,1252,128,119
2274,1064,128,104
2275,1836,256,137
2276,904,128,86
2277,1176,128,112
2278,1264,128,118
2279,848,128,79
2280,1248,128,118
2281,1800,256,129
2282,924,128,86
2283,192,32,32
2284,1164,128,109
2285,1164,128,108
2286,2268,256,180
2287,1132,128,105
2288,1112,128,101
2289,2692,256,206
2290,1288,128,123
2291,2244,256,175
2292,2340,256,183
2293,1236,128,114
2294,2220,256,173
2295,1160,128,108
2296,1092,128,100
2297,1188,128,114
2298,548,64,67
2299,1236,128,115
2300,876,128,85
2301,516,64,63
2302,2136,256,164
2303,1204,128,112
2304,964,128,95
2305,1252,128,118
2306,1248,128,118
2307,2140,256,165
2308,2704,256,210
2309,2272,256,181
2310,2692,256,206
2311,1180,128,112
2312,936,128,88
2313,2252,256,177
2314,548,64,67
2315,1160,128,107
2316,988,128,96
2317,1080,128,97
2318,956,128,93
2319,2264,256,180
2320,2132,256,163
2321,1156,128,107
2322,2240,256,174
2323,1232,128,114
2324,2184,256,165
2325,980,128,94
2326,1268,128,122
2327,1216,128,111
2328,192,32,32
2329,940,128,90
2330,1988,256,156
2331,2324,256,182
2332,2200,256,169
2333,540,64,65
2334,2140,256,165
2335,1240,128,116
2336,1100,128,108
2337,680,64,73
2338,512,64,62
2339,1248,128,118
2340,2116,256,160
2341,2604,256,200
2342,468,64,56
2343,496,64,59
2344,1236,128,115
2345,1244,128,116
2346,2080,256,155
2347,1852,256,138
2348,2264,256,179
2349,488,64,57
2350,236,32,38
2351,1224,128,112
2352,484,64,56
2353,1328,128,125
2354,1904,256,143
2355,948,128,91
2356,1176,128,112
2357,1220,128,112
2358,512,64,62
2359,1240,128,115
2360,2516,256,180
2361,628,64,74
2362,1132,128,106
2363,1068,128,95
2364,1024,128,98
2365,1152,128,106
2366,1996,256,156
2367,900,128,85
2368,636,64,76
2369,1948,256,149
2370,968,128,92
2371,804,128,73
2372,1268,128,119
2373,492,64,58
2374,1148,128,105
2375,544,64,66
2376,1100,128,97
2377,628,64,73
2378,1308,128,121
2379,2520,256,196
2380,1236,128,115
2381,1048,128,99
2382,2496,256,180
2383,2292,256,182
2384,1360,128,129
2385,1100,128,97
2386,1180,128,112
2387,1944,256,149
2388,1084,128,98
2389,1184,128,114
2390,1176,128,111
2391,1224,128,113
2392,928,128,87
2393,980,128,94
2394,940,128,90
2395,1232,128,118
2396,1772,256,128
2397,2232,256,172
2398,548,64,67
2399,1212,128,110
2400,1136,128,107
2401,2392,256,190
2402,940,128,89
2403,928,128,87
2404,1248,128,118
2405,2160,256,159
2406,532,64,63
2407,900,128,80
2408,904,128,84
2409,2236,256,173
2410,2280,256,180
2411,2680,256,204
2412,548,64,67
2413,2060,256,157
2414,2208,256,180
2415,1176,128,111
2416,1188,128,108
2417,1228,128,113
2418,984,128,96
2419,1236,128,115
2420,1252,128,118
2421,1556,128,145
2422,516,64,63
2423,824,64,91
2424,1224,128,112
2425,1240,128,116
2426,1256,128,119
2427,1256,128,119
2428,1120,128,101
2429,1116,128,102
2430,2232,256,172
2431,1164,128,109
2432,1148,128,109
2433,2588,256,197
2434,1944,256,147
2435,932,128,88
2436,1188,128,114
2437,1124,128,103
2438,856,128,81
2439,1832,256,137
2440,1240,128,120
2441,1608,128,139
2442,2624,256,201
2443,384,64,47
2444,540,64,65
2445,1872,256,143
2446,1256,128,119
2447,2352,256,185
2448,1496,128,136
2449,2224,256,170
2450,1228,128,112
2451,2136,256,164
2452,1248,128,118
2453,208,32,35
2454,2824,256,209
2455,1192,128,109
2456,836,128,75
2457,1144,128,104
2458,1244,128,118
2459,1220,128,111
2460,1272,128,124
2461,1260,128,121
2462,936,128,89
2463,1248,128,118
2464,1844,256,139
2465,1124,128,103
2466,1204,128,112
2467,2852,256,215
2468,948,128,91
2469,1200,128,110
2470,836,128,79
2471,944,128,90
2472,1204,128,110
2473,2208,256,170
2474,2712,256,206
2475,404,64,52
2476,1392,128,136
2477,2552,256,203
2478,536,64,64
2479,1232,128,114
2480,1076,128,107
2481,1128,128,104
2482,540,64,65
2483,384,64,48
2484,788,128,70
2485,2172,256,169
2486,1932,256,145
2487,1104,128,102
2488,536,64,64
2489,1248,128,118
2490,1980,128,173
2491,864,128,82
2492,988,128,96
2493,1228,128,114
2494,1356,128,132
2495,1320,128,124
2496,1232,128,113
2497,1316,128,122
2498,2508,256,193
2499,936,128,88
2500,1348,128,127
2501,1244,128,116
2502,2260,256,179
2503,1428,128,130
2504,2280,256,183
2505,544,64,66
2506,240,32,38
2507,816,128,75
2508,1228,128,113
2509,1104,128,103
2510,2156,256,168
2511,2640,256,199
2512,480,64,58
2513,480,64,56
2514,1108,128,103
2515,2224,256,174
2516,948,128,92
2517,1240,128,116
2518,1268,128,123
2519,940,128,89
2520,380,64,47
2521,1040,128,99
2522,2236,256,172
2523,1256,128,119
2524,1288,128,123
2525,1088,128,100
2526,1172,128,111
2527,1988,256,155
2528,1252,128,118
2529,1320,128,124
2530,1148,128,106
2531,620,64,62
2532,1300,128,126
2533,944,128,90
2534,1124,128,103
2535,988,128,96
2536,2648,256,201
2537,1208,128,112
2538,1408,128,136
2539,1116,128,101
2540,2516,256,185
2541,1256,128,120
2542,940,128,89
2543,952,128,93
2544,384,64,47
2545,1180,128,106
2546,1968,256,150
2547,1156,128,108
2548,1216,128,111
2549,1368,128,130
2550,484,64,57
2551,1384,128,135
2552,2240,256,175
2553,2652,256,201
2554,1832,256,137
2555,1208,128,112
2556,1260,128,120
2557,572,64,66
2558,1332,128,123
2559,1328,128,125
2560,1364,128,130
2561,1308,128,121
2562,984,128,96
2563,1180,128,112
2564,2376,256,191
2565,2736,256,213
2566,2232,256,171
2567,204,32,34
2568,1968,256,150
2569,1492,128,135
2570,604,64,69
2571,1324,128,124
2572,972,128,93
2573,2352,256,185
2574,1348,128,126
2575,1256,128,120
2576,1240,128,116
2577,1164,128,102
2578,1004,128,99
2579,1168,128,109
2580,2808,256,219
2581,2264,256,180
2582,1124,128,102
2583,2104,256,162
2584,1248,128,117
2585,1180,128,112
2586,1060,128,102
2587,1092,128,96
2588,1964,256,149
2589,1960,256,147
2590,988,128,96
2591,244,32,39
2592,184,32,29
2593,920,128,85
2594,2472,256,188
2595,2488,256,191
2596,336,64,40
2597,1296,128,124
2598,1108,128,100
2599,1340,128,125
2600,548,64,67
2601,1224,128,116
2602,1228,128,113
2603,2252,256,177
2604,1536,128,142
2605,1528,128,139
2606,492,64,58
2607,1104,128,98
2608,2616,256,200
2609,1172,128,111
2610,2132,256,163
2611,2120,256,161
2612,548,64,66
2613,932,128,88
2614,2248,256,176
2615,536,64,64
2616,564,64,70
2617,464,64,55
2618,1080,128,94
2619,2860,256,217
2620,2288,256,180
2621,940,128,89
2622,1208,128,112
2623,1240,128,115
2624,2008,256,159
2625,2700,256,204
2626,1372,128,132
2627,1184,128,114
2628,556,64,69
2629,1304,128,120
2630,2720,256,208
2631,1168,128,109
2632,184,32,29
2633,972,128,93
2634,2324,256,183
2635,2240,256,174
2636,1256,128,119
2637,200,32,33
2638,2268,256,180
2639,2620,256,193
2640,1164,128,109
2641,1000,128,99
2642,508,64,61
2643,2128,256,163
2644,1156,128,107
2645,2796,256,216
2646,1884,256,139
2647,1456,128,137
2648,544,64,66
2649,972,128,93
2650,1932,256,146
2651,2240,256,173
2652,1280,128,122
2653,2860,256,217
2654,2164,256,170
2655,936,128,89
2656,2888,256,224
2657,500,64,59
2658,1344,128,125
2659,1384,128,134
2660,1244,128,117
2661,468,64,55
2662,992,128,97
2663,2876,256,216
2664,2716,256,212
2665,1236,128,115
2666,620,64,72
2667,980,128,95
2668,2128,256,162
2669,1224,128,112
2670,1948,256,149
2671,1192,128,108
2672,2292,256,182
2673,1296,128,126
2674,472,64,57
2675,1104,128,109
2676,2956,256,228
2677,1968,256,149
2678,2672,256,202
2679,1936,256,148
2680,1200,128,110
2681,996,128,98
2682,624,64,73
2683,1252,128,119
2684,1228,128,113
2685,1772,256,128
2686,1236,128,115
2687,2248,256,175
2688,1236,128,115
2689,1264,128,121
2690,1212,128,109
2691,1248,128,118
2692,980,128,95
2693,336,64,41
2694,968,128,96
2695,1376,128,133
2696,1352,128,127
2697,3004,256,236
2698,936,128,89
2699,952,128,92
2700,2632,256,196
2701,868,128,83
2702,964,128,94
2703,1240,128,116
2704,1292,128,124
2705,2108,256,157
2706,1172,128,111
2707,1076,128,97
2708,908,128,86
2709,916,128,90
2710,396,64,50
2711,1264,128,118
2712,1260,128,121
2713,1064,128,103
2714,1132,128,105
2715,548,64,67
2716,992,128,97
2717,2256,256,178
2718,1336,128,123
2719,1100,128,101
2720,2404,256,189
2721,1184,128,113
2722,1872,256,143
2723,1032,128,100
2724,2264,256,179
2725,940,128,90
2726,1000,128,99
2727,1132,128,106
2728,1160,128,108
2729,1232,128,114
2730,828,128,77
2731,968,128,93
2732,932,128,87
2733,1120,128,103
2734,536,64,64
2735,1140,128,103
2736,212,32,36
2737,624,64,73
2738,1252,128,115
2739,2580,256,191
2740,832,128,78
2741,1164,128,108
2742,1144,128,107
2743,1004,128,97
2744,1064,128,104
2745,2208,256,170
2746,1540,128,142
2747,1356,128,128
2748,1564,128,148
2749,1248,128,118
2750,2260,256,179
2751,812,128,75
2752,2740,256,207
2753,944,128,90
2754,1880,256,144
2755,1928,256,144
2756,1240,128,115
2757,1112,128,101
2758,1236,128,115
2759,2328,256,184
2760,1168,128,110
2761,1220,128,111
2762,1108,128,100
2763,1948,256,145
2764,2696,256,203
2765,2260,256,179
2766,1228,128,113
2767,828,128,78
2768,956,128,89
2769,532,64,63
2770,1516,128,141
2771,2260,256,179
2772,1256,128,119
2773,1328,128,121
2774,2580,256,195
2775,512,64,62
2776,1164,128,108
2777,1364,128,130
2778,1220,128,112
2779,1280,128,124
2780,552,64,67
2781,1052,128,101
2782,1172,128,110
2783,1180,128,112
2784,828,128,78
2785,1132,128,105
2786,1408,128,136
2787,124,16,26
2788,1976,256,152
2789,208,32,35
2790,760,128,67
2791,976,128,93
2792,2148,256,167
2793,244,32,39
2794,1244,128,117
2795,2132,256,163
2796,512,64,63
2797,952,128,92
2798,2208,256,172
2799,2884,256,219
2800,1160,128,109
2801,532,64,63
2802,1140,128,107
2803,1320,128,124
2804,820,128,76
2805,1112,128,101
2806,924,128,86
2807,1248,128,118
2808,1256,128,120
2809,2204,256,169
2810,520,64,64
2811,2376,256,190
2812,1120,128,102
2813,384,64,47
2814,1808,256,131
2815,964,128,94
2816,1248,128,117
2817,992,128,98
2818,1264,128,121
2819,1164,128,109
2820,536,64,64
2821,1252,128,118
2822,1104,128,103
2823,1124,128,103
2824,1188,128,115
2825,1124,128,103
2826,1188,128,114
2827,1292,128,124
2828,1128,128,104
2829,1392,128,126
2830,628,64,74
2831,868,128,83
2832,1244,128,116
2833,980,128,95
2834,1244,128,117
2835,1168,128,110
2836,2660,256,203
2837,1224,128,116
2838,1172,128,111
2839,1160,128,111
2840,612,64,72
2841,1956,256,151
2842,996,128,98
2843,1548,128,144
2844,1176,128,111
2845,1140,128,102
2846,988,128,96
2847,2136,256,164
2848,1136,128,106
2849,960,128,94
2850,2280,256,183
2851,1316,128,122
2852,2612,256,191
2853,1228,128,114
2854,192,32,31
2855,216,32,36
2856,2444,256,193
2857,388,64,48
2858,412,64,50
2859,1184,128,113
2860,1572,128,149
2861,2336,256,181
2862,1260,128,120
2863,2236,256,174
2864,1280,128,122
2865,1228,128,112
2866,1532,128,144
2867,2676,256,203
2868,1284,128,122
2869,1228,128,113
2870,1244,128,113
2871,1248,128,117
2872,2240,256,174
2873,924,128,86
2874,904,128,84
2875,536,64,65
2876,988,128,97
2877,2244,256,175
2878,1224,128,116
2879,960,128,95
2880,2268,256,181
2881,1160,128,108
2882,820,128,77
2883,568,64,64
2884,1364,128,130
2885,1216,128,114
2886,1264,128,121
2887,400,64,51
2888,1240,128,116
2889,1948,256,149
2890,2076,256,165
2891,1356,128,128
2892,1116,128,102
2893,2244,256,175
2894,1236,128,115
2895,1168,128,109
2896,484,64,56
2897,1368,128,131
2898,208,32,35
2899,1376,128,133
2900,980,128,95
2901,1252,128,119
2902,544,64,66
2903,1136,128,106
2904,2260,256,175
2905,984,128,95
2906,4416,512,282
2907,388,64,48
2908,1236,128,114
2909,1252,128,118
2910,1256,128,119
2911,1120,128,102
2912,552,64,68
2913,1548,128,144
2914,484,64,56
2915,552,64,68
2916,2328,256,183
2917,1232,128,114
2918,1236,128,114
2919,828,128,78
2920,984,128,96
2921,2280,256,183
2922,552,64,67
2923,2268,256,180
2924,1256,128,120
2925,1184,128,108
2926,1252,128,119
2927,516,64,63
2928,1344,128,126
2929,300,32,45
2930,1220,128,115
2931,2196,256,168
2932,1272,128,120
2933,1220,128,115
2934,2232,256,172
2935,2232,256,171
2936,948,128,91
2937,1196,128,110
2938,1440,128,134
2939,1152,128,106
2940,544,64,66
2941,976,128,94
2942,2732,256,212
2943,1236,128,115
2944,1368,128,131
2945,996,128,98
2946,2648,256,200
2947,1288,128,116
2948,1232,128,114
2949,960,128,94
2950,1084,128,98
2951,1284,128,122
2952,564,64,70
2953,204,32,34
2954,548,64,66
2955,1252,128,118
2956,504,64,61
2957,2228,256,171
2958,548,64,67
2959,2668,256,205
2960,1144,128,108
2961,1064,128,103
2962,2660,256,204
2963,1252,128,118
2964,372,64,46
2965,2224,256,169
2966,952,128,91
2967,1392,128,133
2968,1988,256,154
2969,204,32,34
2970,2540,256,200
2971,1356,128,128
2972,972,128,93
2973,2176,256,162
2974,2200,256,168
2975,1120,128,103
2976,1972,256,155
2977,2224,256,171
2978,1424,128,131
2979,1208,128,112
2980,464,64,54
2981,1080,128,107
2982,928,128,87
2983,972,128,93
2984,956,128,92
2985,1216,128,117
2986,984,128,95
2987,1412,128,137
2988,3008,256,237
2989,984,128,96
2990,900,128,84
2991,1152,128,110
2992,1000,128,99
2993,1160,128,108
2994,1928,256,144
2995,2688,256,202
2996,1128,128,104
2997,500,64,59
2998,924,128,86
2999,2540,256,186
3000,2248,256,176
3001,892,128,82
3002,1488,128,133
3003,2116,256,160
3004,968,128,93
3005,1548,128,144
3006,1248,128,117
3007,2300,256,183
3008,984,128,96
3009,1124,128,103
3010,556,64,68
3011,480,64,56
3012,2640,256,199
3013,1188,128,108
3014,1192,128,109
3015,1120,128,103
3016,1940,256,147
3017,1288,128,122
3018,1484,128,133
3019,1020,128,104
3020,528,64,65
3021,1328,128,125
3022,1340,128,124
3023,1216,128,110
3024,1244,128,117
3025,208,32,35
3026,1512,128,140
3027,1992,256,156
3028,2224,256,170
3029,1932,256,145
3030,2216,256,172
3031,1500,128,137
3032,1116,128,102
3033,984,128,96
3034,968,128,91
3035,1240,128,116
3036,384,64,47
3037,1996,256,156
3038,2980,256,229
3039,1248,128,117
3040,1976,256,153
3041,1256,128,120
3042,520,64,63
3043,1244,128,117
3044,468,64,56
3045,2988,256,232
3046,1512,128,140
3047,672,64,80
3048,1144,128,105
3049,844,128,81
3050,2708,256,211
3051,2212,256,171
3052,2348,256,185
3053,2624,256,194
3054,496,64,59
3055,1008,128,101
3056,1268,128,118
3057,2324,256,183
3058,2280,256,184
3059,992,128,98
3060,940,128,89
3061,1224,128,113
3062,1252,128,118
3063,1948,256,149
3064,1372,128,131
3065,1392,128,126
3066,216,32,34
3067,1172,128,110
3068,980,128,95
3069,1120,128,102
3070,1136,128,107
3071,968,128,92
3072,1244,128,116
3073,1484,128,133
3074,500,64,59
3075,524,64,62
3076,740,64,77
3077,2244,256,175
3078,1160,128,108
3079,1376,128,133
3080,1392,128,132
3081,1172,128,104
3082,1272,128,123
3083,1960,256,152
3084,3020,256,239
3085,1236,128,114
3086,1228,128,113
3087,1804,256,131
3088,1516,128,141
3089,976,128,95
3090,2272,256,181
3091,864,128,82
3092,2744,256,214
3093,616,64,71
3094,2980,256,230
3095,1092,128,100
3096,524,64,65
3097,68,16,17
3098,560,64,69
3099,1320,128,124
3100,2868,256,218
3101,844,128,81
3102,472,64,53
3103,996,128,92
3104,2868,256,219
3105,1256,128,119
3106,512,64,62
3107,1804,256,130
3108,1308,128,121
3109,1344,128,129
3110,1236,128,114
3111,1236,128,116
3112,928,128,87
3113,1792,256,128
3114,928,128,86
3115,1232,128,114
3116,1236,128,115
3117,2364,256,189
3118,1152,128,107
3119,2188,256,173
3120,1200,128,111
3121,1952,256,151
3122,396,64,50
3123,812,128,75
3124,2796,256,215
3125,964,128,91
3126,944,128,90
3127,988,128,96
3128,1048,128,100
3129,1164,128,108
3130,2160,256,165
3131,1292,128,123
3132,1208,128,113
3133,204,32,34
3134,2276,256,177
3135,2660,256,199
3136,1172,128,110
3137,1356,128,128
3138,1264,128,122
3139,1116,128,101
3140,2704,256,209
3141,2704,256,206
3142,2332,256,184
3143,968,128,91
3144,1140,128,107
3145,1844,256,140
3146,1196,128,110
3147,1096,128,106
3148,1160,128,108
3149,928,128,87
3150,2552,256,188
3151,1240,128,116
3152,1236,128,115
3153,1136,128,107
3154,932,128,88
3155,964,128,91
3156,1968,256,150
3157,1456,128,137
3158,1316,128,122
3159,1972,256,152
3160,1004,128,100
3161,1188,128,114
3162,532,64,63
3163,972,128,92
3164,1120,128,102
3165,960,128,90
3166,2236,256,173
3167,2680,256,200
3168,1180,128,112
3169,2348,256,184
3170,1236,128,115
3171,1372,128,128
3172,1272,128,119
3173,1240,128,116
3174,936,128,89
3175,2192,256,174
3176,968,128,92
3177,560,64,69
3178,1240,128,116
3179,1116,128,102
3180,912,128,87
3181,2888,256,220
3182,960,128,90
3183,1260,128,122
3184,1228,128,113
3185,972,128,94
3186,1496,128,136
3187,2984,256,231
3188,980,128,96
3189,812,128,75
3190,980,128,94
3191,1240,128,116
3192,1104,128,102
3193,2268,256,181
3194,1236,128,115
3195,2376,256,191
3196,924,128,89
3197,1224,128,112
3198,1148,128,109
3199,916,128,84
3200,1212,128,113
3201,1260,128,121
3202,2292,256,182
3203,2124,256,161
3204,2648,256,201
3205,2524,256,186
3206,2968,256,227
3207,2292,256,183
3208,2704,256,209
3209,488,64,57
3210,2172,256,162
3211,1048,128,100
3212,1220,128,112
3213,940,128,89
3214,1252,128,118
3215,1128,128,105
3216,1244,128,117
3217,2228,256,171
3218,1972,256,150
3219,1392,128,136
3220,1352,128,127
3221,1240,128,116
3222,1232,128,114
3223,1248,128,117
3224,500,64,59
3225,1136,128,102
3226,1264,128,122
3227,1116,128,102
3228,916,128,88
3229,1324,128,124
3230,2252,256,177
3231,1132,128,105
3232,1244,128,117
3233,1248,128,118
3234,1164,128,109
3235,816,128,76
3236,1324,128,125
3237,204,32,34
3238,1132,128,105
3239,2728,256,211
3240,1064,128,104
3241,1364,128,130
3242,504,64,61
3243,2512,256,198
3244,1208,128,112
3245,2256,256,179
3246,1128,128,105
3247,1376,128,133
3248,1264,128,121
3249,972,128,93
3250,976,128,94
3251,2688,256,206
3252,1244,128,118
3253,2592,256,209
3254,1856,256,139
3255,512,64,63
3256,2120,256,161
3257,1384,128,130
3258,176,32,28
3259,512,64,62
3260,1212,128,110
3261,1176,128,111
3262,1176,128,111
3263,948,128,91
3264,1412,128,138
3265,2668,256,201
3266,960,128,93
3267,2124,256,162
3268,1244,128,117
3269,624,64,73
3270,484,64,59
3271,2256,256,178
3272,1936,256,146
3273,2528,256,183
3274,1264,128,122
3275,1356,128,128
3276,916,128,88
3277,976,128,95
3278,1212,128,113
3279,948,128,91
3280,1788,256,131
3281,2688,256,201
3282,1460,128,134
3283,2804,256,219
3284,1136,128,106
3285,548,64,66
3286,1356,128,127
3287,572,64,72
3288,1084,128,98
3289,944,128,90
3290,1220,128,116
3291,1852,256,137
3292,1188,128,114
3293,768,128,69
3294,2324,256,183
3295,1372,128,132
3296,1416,128,128
3297,2328,256,184
3298,1376,128,133
3299,956,128,93
3300,1264,128,121
3301,2312,256,180
3302,1236,128,115
3303,1304,128,126
3304,2196,256,168
3305,1272,128,120
3306,1120,128,102
3307,2284,256,184
3308,2664,256,201
3309,1168,128,109
3310,1220,128,112
3311,2688,256,205
3312,1980,256,153
3313,2276,256,178
3314,2764,256,213
3315,1992,256,155
3316,924,128,85
3317,2252,256,176
3318,1180,128,113
3319,1316,128,123
3320,2640,256,198
3321,1112,128,100
3322,964,128,90
3323,1156,128,111
3324,4188,512,261
3325,204,32,33
3326,992,128,98
3327,492,64,58
3328,1108,128,100
3329,1132,128,105
3330,2004,256,158
3331,2112,256,160
3332,1208,128,108
3333,544,64,66
3334,2704,256,210
3335,1168,128,110
3336,2220,256,173
3337,1280,128,121
3338,212,32,36
3339,1820,256,135
3340,2256,256,179
3341,2688,256,206
3342,2320,256,182
3343,1236,128,116
3344,2604,256,191
3345,2184,256,164
3346,1000,128,99
3347,884,128,81
3348,504,64,61
3349,2088,256,156
3350,2244,256,175
3351,2228,256,171
3352,2792,256,215
3353,2344,256,184
3354,1160,128,111
3355,560,64,69
3356,1044,128,99
3357,1508,128,139
3358,532,64,64
3359,528,64,62
3360,1248,128,118
3361,1996,256,156
3362,2960,256,229
3363,2184,256,172
3364,2248,256,176
3365,1264,128,121
3366,2664,256,204
3367,1924,256,144
3368,1984,256,154
3369,1240,128,116
3370,972,128,96
3371,1136,128,107
3372,552,64,67
3373,2260,256,179
3374,544,64,65
3375,536,64,64
3376,336,64,41
3377,1348,128,126
3378,1244,128,116
3379,1176,128,111
3380,2180,256,170
3381,1156,128,106
3382,544,64,65
3383,1220,128,110
3384,2972,256,233
3385,1924,256,144
3386,980,128,94
3387,532,64,64
3388,1112,128,101
3389,924,128,86
3390,976,128,94
3391,1248,128,118
3392,3096,256,232
3393,1236,128,115
3394,1180,128,112
3395,2236,256,174
3396,2552,256,188
3397,1180,128,105
3398,1272,128,123
3399,2228,256,171
3400,2724,256,214
3401,824,128,77
3402,928,128,87
3403,2164,256,160
3404,1260,128,121
3405,2224,256,174
3406,1132,128,106
3407,2308,256,186
3408,540,64,64
3409,392,64,49
3410,992,128,91
3411,2540,256,186
3412,1240,128,116
3413,972,128,93
3414,1244,128,117
3415,2208,256,170
3416,980,128,94
3417,516,64,62
3418,2276,256,178
3419,1400,128,134
3420,496,64,60
3421,888,128,82
3422,1780,256,130
3423,1244,128,117
3424,516,64,63
3425,2552,256,189
3426,1184,128,114
3427,1224,128,113
3428,1036,128,98
3429,988,128,97
3430,1324,128,124
3431,1160,128,108
3432,2228,256,171
3433,168,32,27
3434,1312,128,122
3435,568,64,71
3436,2280,256,179
3437,1360,128,129
3438,2176,256,170
3439,2232,256,172
3440,544,64,66
3441,1264,128,121
3442,2976,256,229
3443,580,64,67
3444,1180,128,112
3445,880,128,86
3446,960,128,94
3447,2196,256,168
3448,904,128,85
3449,1988,256,154
3450,996,128,99
3451,2656,256,198
3452,2616,256,200
3453,1236,128,115
3454,1240,128,116
3455,212,32,36
3456,916,128,84
3457,1260,128,120
3458,1528,128,140
3459,2700,256,210
3460,456,64,53
3461,624,64,74
3462,2648,256,200
3463,1120,128,102
3464,1264,128,121
3465,1392,128,133
3466,1268,128,119
3467,1128,128,104
3468,1360,128,129
3469,2664,256,199
3470,924,128,86
3471,1248,128,117
3472,1104,128,109
3473,2728,256,210
3474,1320,128,124
3475,1288,128,124
3476,1256,128,118
3477,1204,128,111
3478,760,128,67
3479,1224,128,112
3480,1544,128,142
3481,1172,128,110
3482,552,64,68
3483,1228,128,113
3484,464,64,55
3485,2732,256,212
3486,1232,128,115
3487,524,64,65
3488,1164,128,109
3489,1244,128,117
3490,1196,128,110
3491,1260,128,121
3492,2976,256,233
3493,400,64,51
3494,2968,256,231
3495,1236,128,115
3496,1244,128,117
3497,2352,256,185
3498,2876,256,222
3499,2156,256,164
3500,992,128,97
3501,928,128,87
3502,1948,256,148
3503,2812,256,220
3504,1136,128,106
3505,2168,256,162
3506,1156,128,107
3507,1200,128,111
3508,1240,128,117
3509,824,128,77
3510,1192,128,115
3511,2672,256,201
3512,2268,256,180
3513,2692,256,203
3514,928,128,86
3515,1192,128,110
3516,1160,128,108
3517,472,64,57
3518,1316,128,123
3519,1368,128,131
3520,2096,256,159
3521,1112,128,100
3522,2584,256,196
3523,2540,256,191
3524,2836,256,215
3525,1972,256,150
3526,376,64,45
3527,500,64,59
3528,480,64,59
3529,2984,256,235
3530,1276,128,124
3531,1196,128,109
3532,1224,128,112
3533,1408,128,136
3534,2532,256,184
3535,2360,256,187
3536,944,128,91
3537,504,64,61
3538,1224,128,112
3539,1172,128,111
3540,1192,128,109
3541,2308,256,186
3542,2236,256,172
3543,960,128,94
3544,488,64,57
3545,532,64,62
3546,396,64,50
3547,2244,256,180
3548,1020,128,98
3549,2212,256,171
3550,1324,128,121
3551,516,64,63
3552,2868,256,218
3553,1236,128,115
3554,1200,128,109
3555,2540,256,201
3556,824,128,77
3557,1136,128,105
3558,868,128,84
3559,1960,256,153
3560,988,128,96
3561,1184,128,113
3562,1208,128,112
3563,1168,128,109
3564,516,64,63
3565,1380,128,133
3566,500,64,60
3567,212,32,36
3568,500,64,60
3569,528,64,62
3570,1248,128,117
3571,500,64,59
3572,2248,256,176
3573,680,64,82
3574,2992,256,233
3575,2768,256,214
3576,2748,256,209
3577,2660,256,203
3578,2872,256,220
3579,1352,128,128
3580,1520,128,142
3581,1368,128,131
3582,912,128,84
3583,2416,256,191
3584,1152,128,107
3585,1240,128,115
3586,1240,128,116
3587,2452,256,190
3588,444,64,51
3589,788,128,73
3590,1316,128,123
3591,516,64,63
3592,1288,128,123
3593,772,128,70
3594,2224,256,175
3595,1236,128,115
3596,1040,128,98
3597,544,64,65
3598,1168,128,110
3599,988,128,97
3600,1256,128,120
3601,2744,256,208
3602,200,32,33
3603,2572,256,193
3604,2656,256,203
3605,2336,256,186
3606,2852,256,215
3607,1280,128,122
3608,2156,256,165
3609,2252,256,176
3610,1104,128,102
3611,2888,256,220
3612,2356,256,190
3613,2688,256,206
3614,532,64,64
3615,1236,128,114
3616,1200,128,110
3617,836,128,80
3618,1212,128,116
3619,1176,128,111
3620,2632,256,197
3621,840,128,76
3622,1260,128,120
3623,2912,256,224
3624,1160,128,108
3625,476,64,57
3626,1044,128,99
3627,3000,256,236
3628,2384,256,189
3629,1124,128,104
3630,1000,128,99
3631,1260,128,120
3632,1076,128,97
3633,1840,256,138
3634,1132,128,104
3635,2208,256,171
3636,2116,256,160
3637,1968,256,150
3638,2084,256,167
3639,556,64,68
3640,968,128,92
3641,1248,128,118
3642,1076,128,103
3643,2676,256,206
3644,1352,128,127
3645,2496,256,194
3646,940,128,89
3647,1240,128,120
3648,984,128,96
3649,252,32,41
3650,1092,128,106
3651,1176,128,111
3652,2824,256,219
3653,1904,256,142
3654,1124,128,103
3655,552,64,68
3656,1224,128,113
3657,1132,128,106
3658,1092,128,100
3659,1228,128,114
3660,976,128,94
3661,992,128,97
3662,2652,256,197
3663,556,64,68
3664,1332,128,126
3665,2112,256,158
3666,1196,128,116
3667,1244,128,117
3668,2304,256,184
3669,4516,512,295
3670,1256,128,120
3671,508,64,61
3672,1236,128,115
3673,1020,128,97
3674,2016,256,161
3675,980,128,94
3676,2664,256,200
3677,1236,128,114
3678,1928,256,144
3679,1492,128,135
3680,1220,128,112
3681,1216,128,114
3682,1208,128,109
3683,1232,128,114
3684,200,32,33
3685,1940,256,148
3686,884,128,86
3687,2112,256,160
3688,1564,128,147
3689,1228,128,113
3690,1224,128,112
3691,2712,256,211
3692,2684,256,206
3693,1200,128,110
3694,892,128,79
3695,1956,256,147
3696,2240,256,174
3697,1248,128,118
3698,1000,128,100
3699,1192,128,108
3700,1272,128,123
3701,372,64,45
3702,2364,256,188
3703,548,64,67
3704,2076,256,160
3705,1236,128,115
3706,1260,128,120
3707,496,64,59
3708,1180,128,112
3709,2784,256,213
3710,1244,128,117
3711,1188,128,114
3712,1148,128,110
3713,496,64,59
3714,1252,128,119
3715,1116,128,102
3716,1420,128,129
3717,968,128,91
3718,976,128,93
3719,2668,256,201
3720,556,64,68
3721,384,64,47
3722,1068,128,100
3723,812,128,74
3724,976,128,94
3725,2252,256,177
3726,2696,256,207
3727,1368,128,132
3728,1172,128,111
3729,608,64,70
3730,1220,128,111
3731,516,64,63
3732,2792,256,219
3733,2920,256,220
3734,1372,128,131
3735,2324,256,183
3736,4908,512,317
3737,1228,128,113
3738,1180,128,112
3739,892,128,82
3740,1160,128,108
3741,2628,256,196
3742,1000,128,99
3743,2984,256,235
3744,1216,128,114
3745,2992,256,233
3746,1996,256,157
3747,2148,256,163
3748,3004,256,236
3749,2100,256,156
3750,508,64,62
3751,2164,256,167
3752,1224,128,112
3753,540,64,65
3754,2136,256,164
3755,1104,128,109
3756,1248,128,117
3757,1416,128,138
3758,1084,128,105
3759,980,128,95
3760,648,64,69
3761,1128,128,105
3762,1248,128,118
3763,1240,128,116
3764,1112,128,100
3765,212,32,36
3766,2560,256,190
3767,1348,128,127
3768,540,64,65
3769,1164,128,109
3770,2560,256,190
3771,1920,256,143
3772,1372,128,131
3773,820,128,76
3774,2248,256,176
3775,2676,256,203
3776,1964,256,149
3777,2352,256,185
3778,2076,256,160
3779,1192,128,115
3780,1156,128,108
3781,528,64,63
3782,1228,128,114
3783,988,128,97
3784,1156,128,107
3785,948,128,88
3786,1216,128,110
3787,540,64,65
3788,2996,256,234
3789,832,128,78
3790,2772,256,214
3791,1248,128,117
3792,2380,256,187
3793,1268,128,122
3794,2628,256,195
3795,1284,128,122
3796,1148,128,109
3797,980,128,95
3798,920,128,88
3799,1156,128,106
3800,1240,128,115
3801,2496,256,180
3802,1296,128,124
3803,1244,128,117
3804,2060,256,160
3805,1988,256,154
3806,1956,256,152
3807,1120,128,102
3808,2004,256,158
3809,2260,256,174
3810,1324,128,125
3811,2856,256,215
3812,2576,256,193
3813,1192,128,109
3814,2692,256,202
3815,2268,256,177
3816,1980,256,152
3817,2088,256,158
3818,1240,128,115
3819,2224,256,170
3820,2248,256,176
3821,988,128,96
3822,2344,256,184
3823,960,128,94
3824,1172,128,110
3825,1136,128,106
3826,2340,256,182
3827,2256,256,177
3828,1960,256,148
3829,1256,128,120
3830,488,64,58
3831,1248,128,118
3832,2212,256,171
3833,1212,128,110
3834,1004,128,94
3835,428,64,53
3836,1260,128,120
3837,2532,256,185
3838,2996,256,235
3839,560,64,69
3840,1128,128,104
3841,1176,128,111
3842,1968,256,150
3843,2724,256,210
3844,2228,256,175
3845,1400,128,134
3846,1236,128,115
3847,1100,128,98
3848,1260,128,120
3849,2632,256,197
3850,964,128,91
3851,964,128,91
3852,1236,128,115
3853,1184,128,113
3854,2932,256,229
3855,1532,128,140
3856,1244,128,113
3857,2252,256,176
3858,508,64,61
3859,1112,128,102
3860,2256,256,177
3861,504,64,61
3862,1168,128,109
3863,1176,128,112
3864,616,64,72
3865,2980,256,231
3866,1192,128,115
3867,2556,256,189
3868,1344,128,126
3869,988,128,97
3870,1372,128,131
3871,1160,128,108
3872,1236,128,114
3873,1152,128,106
3874,1240,128,116
3875,1108,128,109
3876,1152,128,109
3877,476,64,57
3878,1240,128,117
3879,1232,128,118
3880,2256,256,178
3881,1180,128,112
3882,2444,256,193
3883,2808,256,218
3884,1240,128,116
3885,1264,128,117
3886,532,64,64
3887,2248,256,176
3888,972,128,93
3889,2272,256,170
3890,2656,256,199
3891,1236,128,114
3892,2184,256,171
3893,380,64,46
3894,1160,128,107
3895,1204,128,112
3896,2584,256,195
3897,2544,256,186
3898,2564,256,192
3899,1252,128,119
3900,980,128,94
3901,2160,256,166
3902,556,64,68
3903,2152,256,163
3904,2704,256,205
3905,1148,128,105
3906,1988,256,155
3907,1944,256,149
3908,1436,128,133
3909,1368,128,121
3910,2260,256,179
3911,1912,256,144
3912,972,128,93
3913,1180,128,112
3914,2372,256,190
3915,1088,128,99
3916,384,64,47
3917,2244,256,175
3918,1984,256,154
3919,2724,256,210
3920,1000,128,99
3921,2340,256,183
3922,1236,128,115
3923,2364,256,189
3924,2632,256,196
3925,1140,128,107
3926,2136,256,165
3927,1128,128,105
3928,1168,128,109
3929,964,128,92
3930,1940,256,148
3931,2796,256,216
3932,1172,128,110
3933,1936,256,147
3934,484,64,56
3935,952,128,92
3936,1244,128,117
3937,1352,128,127
3938,392,64,49
3939,2272,256,181
3940,1088,128,99
3941,2980,256,230
3942,1168,128,110
3943,500,64,60
3944,2240,256,170
3945,204,32,34
3946,964,128,92
3947,632,64,75
3948,2856,256,216
3949,540,64,64
3950,1412,128,137
3951,1256,128,120
3952,2864,256,218
3953,1324,128,125
3954,196,32,32
3955,1500,128,133
3956,924,128,86
3957,1412,128,137
3958,2240,256,174
3959,2796,256,216
3960,1252,128,119
3961,1228,128,117
3962,812,64,89
3963,868,128,83
3964,1236,128,114
3965,1948,256,150
3966,2120,256,160
3967,1176,128,105
3968,772,128,70
3969,2524,256,200
3970,1892,256,141
3971,1136,128,107
3972,1340,128,124
3973,2232,256,172
3974,2204,256,169
3975,1188,128,108
3976,1252,128,118
3977,2036,256,159
3978,2628,256,195
3979,2980,256,231
3980,2828,256,209
3981,1236,128,115
3982,2076,256,160
3983,2252,256,177
3984,1116,128,102
3985,1380,128,134
3986,2164,256,167
3987,1868,256,135
3988,528,64,63
3989,2372,256,191
3990,1080,128,97
3991,1388,128,136
3992,964,128,91
3993,1948,256,149
3994,972,128,93
3995,1560,128,147
3996,1220,128,111
3997,2124,256,161
3998,1068,128,95
3999,320,32,46
4000,956,128,93
4001,548,64,67
4002,1248,128,118
4003,1160,128,108
4004,1032,128,97
4005,1244,128,117
4006,976,128,94
4007,388,64,48
4008,1956,256,151
4009,2264,256,179
4010,2180,256,170
4011,1256,128,119
4012,1136,128,106
4013,816,128,76
4014,972,128,93
4015,1180,128,112
4016,1256,128,120
4017,2248,256,176
4018,1120,128,103
4019,872,128,85
4020,996,128,98
4021,2604,256,196
4022,1252,128,118
4023,1232,128,113
4024,964,128,91
4025,2632,256,203
4026,2948,256,227
4027,2624,256,201
4028,292,32,40
4029,1228,128,113
4030,2352,256,185
4031,480,64,58
4032,488,64,57
4033,2764,256,213
4034,1248,128,118
4035,1308,128,121
4036,1332,128,126
4037,2964,256,226
4038,2344,256,183
4039,2624,256,201
4040,2816,256,211
4041,132,16,28
4042,532,64,63
4043,1116,128,101
4044,2236,256,172
4045,824,128,77
4046,1236,128,115
4047,2188,256,172
4048,1456,128,134
4049,964,128,91
4050,2500,256,181
4051,596,64,71
4052,812,128,74
4053,568,64,71
4054,496,64,58
4055,2372,256,190
4056,2620,256,201
4057,2652,256,198
4058,2352,256,185
4059,980,128,95
4060,1052,128,101
4061,1044,128,99
4062,2332,256,185
4063,2312,256,180
4064,1372,128,132
4065,984,128,96
4066,2572,256,193
4067,2660,256,200
4068,984,128,96
4069,956,128,93
4070,2676,256,203
4071,2628,256,202
4072,2248,256,176
4073,380,64,46
4074,1156,128,107
4075,1240,128,115
4076,1996,256,156
4077,1976,256,152
4078,472,64,57
4079,2568,256,192
4080,1924,256,147
4081,192,32,31
4082,500,64,60
4083,2236,256,173
4084,2928,256,222
4085,1156,128,107
4086,1232,128,114
4087,2612,256,198
4088,1180,128,106
4089,2172,256,162
4090,1136,128,106
4091,1164,128,108
4092,1252,128,118
4093,1024,128,101
4094,1340,128,129
4095,1232,128,114
4096,948,128,91
4097,512,64,58
4098,2708,256,206
4099,1208,128,112
4100,1204,128,108
4101,2640,256,199
4102,1356,128,128
4103,284,32,45
4104,984,128,95
4105,1112,128,104
4106,1416,128,138
4107,1156,128,107
4108,2336,256,185
4109,2124,256,162
4110,2812,256,220
4111,2352,256,186
4112,644,64,74
4113,524,64,65
4114,2092,256,158
4115,1232,128,114
4116,2516,256,185
4117,1112,128,100
4118,976,128,94
4119,492,64,59
4120,3020,256,235
4121,624,64,73
4122,2584,256,196
4123,952,128,91
4124,1248,128,118
4125,2984,256,231
4126,1412,128,137
4127,1260,128,117
4128,1944,256,150
4129,2640,256,199
4130,2752,256,209
4131,1076,128,96
4132,2272,256,177
4133,2620,256,194
4134,192,32,32
4135,1408,128,136
4136,1252,128,119
4137,560,64,69
4138,2992,256,233
4139,1536,128,146
4140,1176,128,111
4141,956,128,89
4142,1940,256,147
4143,2736,256,205
4144,1276,128,120
4145,2376,256,190
4146,1240,128,116
4147,1000,128,99
4148,2160,256,166
4149,1168,128,109
4150,1396,128,133
4151,2272,256,177
4152,1292,128,124
4153,540,64,65
4154,500,64,59
4155,2236,256,173
4156,964,128,94
4157,2232,256,172
4158,2208,256,170
4159,1228,128,114
4160,2272,256,178
4161,1236,128,116
4162,1268,128,122
4163,1168,128,110
4164,2688,256,205
4165,1000,128,99
4166,1840,256,139
4167,2168,256,168
4168,2188,256,166
4169,1248,128,117
4170,548,64,67
4171,2164,256,167
4172,992,128,97
4173,1280,128,121
4174,2964,256,230
4175,1236,128,114
4176,1256,128,120
4177,1056,128,102
4178,1220,128,111
4179,1260,128,120
4180,1320,128,124
4181,2496,256,193
4182,956,128,93
4183,968,128,92
4184,2084,256,157
4185,2236,256,172
4186,2800,256,212
4187,904,128,85
4188,2624,256,195
4189,4964,512,326
4190,2148,256,166
4191,2620,256,193
4192,984,128,96
4193,1196,128,110
4194,540,64,65
4195,560,64,69
4196,2592,256,194
4197,2328,256,179
4198,1244,128,117
4199,984,128,96
4200,2572,256,193
4201,988,128,97
4202,1164,128,109
4203,568,64,71
4204,1244,128,117
4205,936,128,88
4206,1472,128,130
4207,1084,128,98
4208,1240,128,117
4209,2632,256,203
4210,1360,128,130
4211,1332,128,126
4212,2936,256,225
4213,2888,256,212
4214,552,64,68
4215,2660,256,198
4216,1144,128,107
4217,2468,256,194
4218,972,128,93
4219,536,64,64
4220,2960,256,230
4221,1816,256,134
4222,1448,128,135
4223,1220,128,115
4224,2232,256,172
4225,2260,256,178
4226,384,64,47
4227,2436,256,190
4228,1240,128,115
4229,1248,128,118
4230,1232,128,118
4231,2108,256,159
4232,1952,256,150
4233,528,64,62
4234,936,128,88
4235,1136,128,106
4236,1072,128,96
4237,1304,128,120
4238,976,128,94
4239,1380,128,134
4240,2268,256,180
4241,1228,128,114
4242,1140,128,107
4243,1172,128,110
4244,512,64,62
4245,1368,128,132
4246,1280,128,121
4247,1344,128,129
4248,1820,256,134
4249,968,128,95
4250,2308,256,178
4251,1204,128,111
4252,804,128,73
4253,944,128,90
4254,552,64,68
4255,2816,256,221
4256,1248,128,118
4257,2704,256,205
4258,2648,256,200
4259,1364,128,130
4260,2084,256,156
4261,1224,128,112
4262,1332,128,126
4263,968,128,92
4264,2204,256,170
4265,1228,128,113
4266,2692,256,203
4267,244,32,39
4268,3004,256,236
4269,1256,128,119
4270,2812,256,209
4271,1160,128,109
4272,2016,256,161
4273,2704,256,209
4274,1376,128,128
4275,1360,128,130
4276,1408,128,136
4277,3032,256,238
4278,1244,128,117
4279,1388,128,131
4280,992,128,97
4281,2956,256,228
4282,2576,256,194
4283,2104,256,157
4284,2248,256,175
4285,860,128,75
4286,1088,128,105
4287,2244,256,174
4288,1388,128,131
4289,1212,128,109
4290,2844,256,213
4291,1476,128,138
4292,1244,128,117
4293,1928,256,148
4294,2056,256,160
4295,1956,256,152
4296,1324,128,124
4297,1116,128,102
4298,1944,256,148
4299,1124,128,103
4300,1144,128,105
4301,2224,256,174
4302,1032,128,103
4303,2908,256,218
4304,2720,256,209
4305,2124,256,162
4306,1980,256,153
4307,2532,256,198
4308,1192,128,109
4309,1144,128,104
4310,2692,256,206
4311,2528,256,187
4312,620,64,73
4313,2792,256,216
4314,924,128,85
4315,980,128,94
4316,1252,128,119
4317,1104,128,98
4318,2200,256,169
4319,1212,128,114
4320,960,128,90
4321,1116,128,102
4322,1940,256,148
4323,1240,128,116
4324,992,128,97
4325,1136,128,102
4326,832,128,79
4327,1192,128,115
4328,2420,256,197
4329,2968,256,231
4330,184,32,30
4331,1240,128,116
4332,516,64,63
4333,808,128,74
4334,2316,256,182
4335,2240,256,173
4336,204,32,33
4337,2940,256,232
4338,1224,128,112
4339,2168,256,167
4340,1252,128,119
4341,2640,256,198
4342,2944,256,226
4343,2948,256,227
4344,2120,256,161
4345,1212,128,109
4346,1228,128,113
4347,940,128,86
4348,2956,256,229
4349,916,128,84
4350,2224,256,170
4351,992,128,98
4352,2268,256,176
4353,2232,256,172
4354,1984,256,153
4355,2560,256,205
4356,2996,256,235
4357,992,128,98
4358,2144,256,163
4359,2240,256,174
4360,2120,256,161
4361,996,128,99
4362,408,64,49
4363,508,64,62
4364,1344,128,126
4365,1236,128,115
4366,1208,128,112
4367,1144,128,105
4368,2960,256,229
4369,2720,256,209
4370,1240,128,116
4371,1360,128,129
4372,2180,256,170
4373,1140,128,114
4374,992,128,97
4375,2804,256,218
4376,1988,256,154
4377,3032,256,243
4378,2224,256,174
4379,1236,128,115
4380,248,32,40
4381,904,128,85
4382,1976,256,151
4383,2216,256,168
4384,1332,128,126
4385,2264,256,179
4386,2128,256,163
4387,1248,128,118
4388,2660,256,199
4389,1168,128,110
4390,1516,128,140
4391,1196,128,109
4392,640,64,67
4393,2256,256,177
4394,1004,128,100
4395,1976,256,152
4396,388,64,48
4397,464,64,55
4398,2556,256,184
4399,2144,256,166
4400,932,128,87
4401,1224,128,112
4402,1128,128,105
4403,2144,256,166
4404,1164,128,108
4405,504,64,60
4406,1240,128,117
4407,984,128,96
4408,1404,128,125
4409,2148,256,167
4410,2480,256,198
4411,1056,128,102
4412,2508,256,183
4413,2736,256,207
4414,2652,256,201
4415,468,64,56
4416,948,128,92
4417,2832,256,209
4418,1340,128,125
4419,2684,256,205
4420,1920,256,142
4421,2408,256,188
4422,960,128,89
4423,2876,256,220
4424,1944,256,148
4425,1452,128,136
4426,208,32,35
4427,2240,256,173
4428,1168,128,110
4429,400,64,50
4430,936,128,89
4431,1944,256,148
4432,2712,256,211
4433,2180,256,170
4434,2188,256,165
4435,2224,256,174
4436,2856,256,216
4437,1248,128,117
4438,2400,256,197
4439,932,128,87
4440,1224,128,112
4441,484,64,56
4442,2580,256,195
4443,988,128,96
4444,2184,256,171
4445,1172,128,110
4446,2508,256,196
4447,560,64,69
4448,1444,128,134
4449,2668,256,200
4450,840,128,81
4451,1188,128,114
4452,516,64,63
4453,1140,128,106
4454,1140,128,104
4455,1208,128,112
4456,2392,256,195
4457,1136,128,107
4458,1320,128,124
4459,2776,256,215
4460,2148,256,163
4461,1104,128,109
4462,952,128,92
4463,1348,128,127
4464,1572,128,149
4465,1964,256,153
4466,2672,256,202
4467,1236,128,115
4468,1536,128,142
4469,1496,128,136
4470,2504,256,196
4471,2148,256,162
4472,2600,256,200
4473,1288,128,123
4474,2172,256,169
4475,1312,128,122
4476,1320,128,124
4477,2060,256,161
4478,2208,256,167
4479,2296,256,176
4480,2932,256,223
4481,1196,128,116
4482,2992,256,233
4483,2684,256,205
4484,1364,128,129
4485,2864,256,219
4486,1136,128,107
4487,976,128,94
4488,2844,256,217
4489,1224,128,116
4490,1256,128,119
4491,976,128,93
4492,1252,128,119
4493,1144,128,108
4494,1172,128,111
4495,1300,128,126
4496,1272,128,123
4497,2720,256,210
4498,1012,128,102
4499,536,64,64
4500,1168,128,109
4501,2324,256,178
4502,2204,256,169
4503,2688,256,210
4504,2172,256,169
4505,980,128,94
4506,2936,256,219
4507,2924,256,221
4508,2260,256,178
4509,1252,128,118
4510,1096,128,98
4511,1240,128,116
4512,1436,128,133
4513,976,128,94
4514,828,128,78
4515,2968,256,227
4516,1476,128,137
4517,2880,256,217
4518,1164,128,110
4519,2588,256,207
4520,1184,128,113
4521,1172,128,110
4522,2840,256,212
4523,1180,128,113
4524,2416,256,196
4525,992,128,97
4526,1404,128,135
4527,528,64,63
4528,1252,128,118
4529,1268,128,118
4530,2256,256,177
4531,1952,256,145
4532,2172,256,168
4533,516,64,63
4534,384,64,47
4535,1276,128,120
4536,1260,128,120
4537,2136,256,165
4538,1304,128,120
4539,2264,256,180
4540,2552,256,189
4541,552,64,68
4542,2792,256,215
4543,1252,128,119
4544,1100,128,108
4545,1240,128,116
4546,2260,256,179
4547,516,64,64
4548,1252,128,118
4549,2540,256,190
4550,2264,256,179
4551,2948,256,222
4552,2468,256,194
4553,1976,256,151
4554,2924,256,221
4555,492,64,58
4556,1180,128,112
4557,2580,256,196
4558,932,128,88
4559,1216,128,114
4560,2668,256,201
4561,924,128,86
4562,1168,128,109
4563,116,16,24
4564,1368,128,127
4565,1928,256,145
4566,2760,256,213
4567,1268,128,122
4568,2884,256,222
4569,2676,256,203
4570,1240,128,116
4571,2896,256,225
4572,2656,256,203
4573,1168,128,110
4574,2116,256,160
4575,1432,128,132
4576,2600,256,195
4577,1836,256,138
4578,1232,128,114
4579,2096,256,165
4580,1296,128,125
4581,1240,128,115
4582,1404,128,135
4583,2264,256,180
4584,2248,256,175
4585,2768,256,213
4586,1232,128,114
4587,2928,256,222
4588,2656,256,198
4589,2504,256,197
4590,1140,128,107
4591,2280,256,179
4592,2328,256,183
4593,2216,256,168
4594,500,64,60
4595,1244,128,117
4596,496,64,58
4597,948,128,92
4598,1252,128,119
4599,1964,256,149
4600,1256,128,119
4601,1184,128,114
4602,2320,256,181
4603,1376,128,132
4604,1264,128,121
4605,1244,128,117
4606,2680,256,200
4607,2952,256,224
4608,480,64,55
4609,552,64,68
4610,2908,256,224
4611,1948,256,149
4612,2936,256,224
4613,1904,256,143
4614,2312,256,179
4615,2144,256,166
4616,2088,256,153
4617,1196,128,116
4618,2300,256,184
4619,1140,128,107
4620,1224,128,116
4621,2556,256,189
4622,2692,256,207
4623,1232,128,114
4624,1236,128,116
4625,2568,256,188
4626,944,128,90
4627,2224,256,170
4628,2396,256,191
4629,1328,128,125
4630,1172,128,110
4631,1356,128,128
4632,924,128,86
4633,568,64,71
4634,2672,256,202
4635,2620,256,194
4636,1244,128,117
4637,1248,128,118
4638,2680,256,204
4639,532,64,63
4640,1176,128,112
4641,1140,128,103
4642,2264,256,179
4643,940,128,89
4644,2760,256,211
4645,468,64,56
4646,1972,256,155
4647,1196,128,106
4648,1484,128,134
4649,1236,128,115
4650,2180,256,164
4651,1164,128,108
4652,2248,256,176
4653,1264,128,121
4654,1316,128,123
4655,200,32,33
4656,1072,128,96
4657,504,64,61
4658,924,128,85
4659,1540,128,142
4660,900,128,85
4661,2444,256,192
4662,2040,256,156
4663,2860,256,216
4664,2256,256,178
4665,1868,256,141
4666,500,64,59
4667,2276,256,182
4668,2224,256,174
4669,2964,256,231
4670,2168,256,168
4671,2184,256,171
4672,2852,256,215
4673,896,128,83
4674,2704,256,210
4675,544,64,65
4676,544,64,66
4677,2656,256,199
4678,2236,256,173
4679,2684,256,206
4680,1096,128,102
4681,556,64,68
4682,2124,256,162
4683,1156,128,107
4684,2656,256,202
4685,2536,256,185
4686,1324,128,125
4687,2948,256,227
4688,400,64,51
4689,2252,256,176
4690,1248,128,118
4691,548,64,67
4692,1256,128,119
4693,2632,256,203
4694,2884,256,222
4695,1108,128,101
4696,2460,256,186
4697,1388,128,132
4698,2532,256,184
4699,980,128,93
4700,1232,128,118
4701,996,128,98
4702,504,64,60
4703,2836,256,215
4704,1232,128,114
4705,992,128,97
4706,1216,128,114
4707,2696,256,207
4708,552,64,68
4709,68,16,17
4710,1236,128,116
4711,976,128,93
4712,1160,128,108
4713,2624,256,194
4714,2248,256,176
4715,980,128,94
4716,1804,256,131
4717,1540,128,142
4718,620,64,72
4719,2992,256,233
4720,964,128,92
4721,2348,256,185
4722,1252,128,119
4723,1260,128,120
4724,1400,128,134
4725,508,64,62
4726,988,128,96
4727,508,64,62
4728,2568,256,192
4729,472,64,57
4730,1908,256,139
4731,392,64,49
4732,1180,128,113
4733,1236,128,115
4734,1180,128,112
4735,612,64,71
4736,1468,128,136
4737,2960,256,229
4738,1228,128,113
4739,1312,128,122
4740,1148,128,106
4741,2180,256,170
4742,1244,128,117
4743,1964,256,153
4744,1152,128,109
4745,2940,256,225
4746,2364,256,189
4747,1864,256,141
4748,2240,256,173
4749,456,64,53
4750,1912,256,141
4751,964,128,91
4752,996,128,98
4753,1240,128,115
4754,1256,128,119
4755,1512,128,139
4756,1224,128,112
4757,980,128,95
4758,1264,128,121
4759,992,128,98
4760,1436,128,132
4761,2272,256,181
4762,2320,256,182
4763,996,128,99
4764,2376,256,191
4765,2576,256,191
4766,964,128,91
4767,1244,128,117
4768,2204,256,165
4769,2240,256,173
4770,192,32,32
4771,2704,256,209
4772,1932,256,145
4773,1328,128,126
4774,1324,128,124
4775,1960,256,152
4776,1124,128,108
4777,480,64,56
4778,556,64,68
4779,1368,128,131
4780,1512,128,139
4781,2164,256,167
4782,1236,128,115
4783,1408,128,136
4784,1368,128,132
4785,1224,128,112
4786,2684,256,204
4787,956,128,92
4788,2232,256,171
4789,2708,256,211
4790,532,64,63
4791,1244,128,116
4792,508,64,61
4793,560,64,69
4794,2352,256,189
4795,944,128,90
4796,1140,128,103
4797,1304,128,120
4798,948,128,91
4799,2360,256,187
4800,2392,256,194
4801,2236,256,173
4802,1144,128,104
4803,1264,128,122
4804,2960,256,230
4805,1228,128,113
4806,1192,128,109
4807,844,128,81
4808,620,64,73
4809,988,128,97
4810,1168,128,110
4811,1236,128,114
4812,2164,256,167
4813,1308,128,128
4814,1240,128,116
4815,2156,256,165
4816,1272,128,123
4817,2112,256,163
4818,1240,128,116
4819,896,128,83
4820,2340,256,183
4821,2300,256,184
4822,1112,128,105
4823,2564,256,191
4824,1236,128,115
4825,1220,128,112
4826,512,64,59
4827,2112,256,162
4828,1232,128,114
4829,2384,256,193
4830,1232,128,114
4831,1984,256,147
4832,2864,256,218
4833,544,64,66
4834,1536,128,141
4835,2292,256,176
4836,1500,128,138
4837,2748,256,208
4838,1180,128,112
4839,1212,128,113
4840,1132,128,105
4841,1172,128,110
4842,1248,128,118
4843,2848,256,214
4844,1204,128,111
4845,1256,128,119
4846,1248,128,117
4847,1012,128,102
4848,1164,128,109
4849,2336,256,186
4850,1356,128,129
4851,1000,128,99
4852,2876,256,220
4853,936,128,88
4854,1212,128,113
4855,512,64,61
4856,1512,128,140
4857,2692,256,208
4858,476,64,55
4859,544,64,66
4860,224,32,35
4861,2276,256,178
4862,2444,256,192
4863,1168,128,109
4864,1084,128,104
4865,2676,256,203
4866,2644,256,200
4867,1156,128,107
4868,1232,128,114
4869,484,64,56
4870,976,128,94
4871,2068,256,162
4872,1308,128,121
4873,1216,128,114
4874,1268,128,122
4875,1056,128,102
4876,2004,256,158
4877,2140,256,166
4878,2672,256,202
4879,2192,256,174
4880,984,128,96
4881,2012,256,153
4882,1252,128,119
4883,1232,128,114
4884,624,64,74
4885,2744,256,208
4886,1424,128,131
4887,1272,128,123
4888,1116,128,101
4889,536,64,64
4890,1072,128,95
4891,2216,256,173
4892,1012,128,95
4893,2628,256,195
4894,544,64,65
4895,1236,128,114
4896,1228,128,113
4897,1232,128,112
4898,556,64,68
4899,1240,128,116
4900,2712,256,211
4901,428,64,53
4902,1228,128,116
4903,1948,256,149
4904,932,128,87
4905,1976,256,152
4906,948,128,91
4907,924,128,86
4908,1968,256,150
4909,948,128,91
4910,1960,256,152
4911,2124,256,162
4912,1220,128,111
4913,2368,256,189
4914,2948,256,228
4915,1316,128,123
4916,1308,128,128
4917,884,128,81
4918,1336,128,128
4919,2392,256,184
4920,2680,256,204
4921,1992,256,156
4922,2776,256,215
4923,2532,256,189
4924,2512,256,199
4925,2624,256,201
4926,2832,256,214
4927,1964,256,149
4928,948,128,91
4929,1220,128,112
4930,2952,256,228
4931,2240,256,174
4932,2172,256,169
4933,1880,256,144
4934,836,128,80
4935,2280,256,179
4936,960,128,94
4937,2500,256,194
4938,1252,128,118
4939,2632,256,197
4940,984,128,96
4941,948,128,91
4942,1240,128,116
4943,2520,256,200
4944,2204,256,169
4945,2724,256,210
4946,1336,128,123
4947,1200,128,111
4948,1140,128,107
4949,1256,128,120
4950,2240,256,174
4951,1372,128,132
4952,1260,128,120
4953,1352,128,127
4954,952,128,92
4955,2224,256,175
4956,2040,256,146
4957,1436,128,133
4958,1120,128,103
4959,1236,128,115
4960,2932,256,222
4961,532,64,63
4962,1928,256,145
4963,1168,128,110
4964,940,128,89
4965,1264,128,118
4966,1252,128,119
4967,1324,128,125
4968,2592,256,194
4969,2772,256,215
4970,1924,256,145
4971,1404,128,135
4972,1200,128,111
4973,1180,128,112
4974,2120,256,166
4975,988,128,96
4976,1240,128,116
4977,536,64,64
4978,396,64,50
4979,1240,128,115
4980,2124,256,165
4981,996,128,98
4982,1948,256,148
4983,1248,128,118
4984,2604,256,197
4985,2204,256,170
4986,2252,256,177
4987,1200,128,110
4988,1324,128,125
4989,2292,256,182
4990,1244,128,116
4991,1256,128,119
4992,1068,128,104
4993,988,128,96
4994,1240,128,116
4995,2556,256,190
4996,2512,256,198
4997,1240,128,117
4998,2632,256,196
4999,2188,256,166
5000,204,32,34
5001,2952,256,223
5002,2180,256,171
5003,1332,128,123
5004,2552,256,188
5005,4776,512,315
5006,1328,128,126
5007,1420,128,139
5008,2572,256,189
5009,2588,256,193
5010,2200,256,168
5011,1292,128,125
5012,2400,256,193
5013,2600,256,196
5014,2108,256,158
5015,548,64,66
5016,996,128,99
5017,1036,128,98
5018,2180,256,171
5019,972,128,94
5020,1376,128,133
5021,2604,256,200
5022,988,128,96
5023,1228,128,113
5024,2440,256,191
5025,1312,128,122
5026,2192,256,173
5027,984,128,96
5028,1264,128,118
5029,2936,256,224
5030,2928,256,221
5031,192,32,31
5032,504,64,60
5033,1240,128,117
5034,476,64,58
5035,2280,256,179
5036,1236,128,115
5037,1208,128,112
5038,632,64,75
5039,1240,128,116
5040,2236,256,174
5041,2808,256,209
5042,1220,128,111
5043,1268,128,118
5044,548,64,66
5045,2128,256,162
5046,2396,256,185
5047,1240,128,115
5048,540,64,64
5049,1280,128,121
5050,1260,128,117
5051,2544,256,187
5052,788,64,83
5053,1232,128,114
5054,2124,256,162
5055,1220,128,111
5056,1204,128,111
5057,1180,128,113
5058,2212,256,171
5059,1900,256,142
5060,1236,128,115
5061,984,128,96
5062,1220,128,112
5063,1320,128,123
5064,1256,128,119
5065,1160,128,108
5066,2224,256,170
5067,1980,256,153
5068,2200,256,164
5069,2640,256,206
5070,1292,128,124
5071,1252,128,119
5072,636,64,76
5073,1952,256,147
5074,2152,256,164
5075,1216,128,113
5076,2908,256,218
5077,1204,128,112
5078,2460,256,196
5079,1416,128,138
5080,2600,256,196
5081,2264,256,180
5082,2520,256,199
5083,1392,128,123
5084,528,64,63
5085,2188,256,166
5086,1376,128,133
5087,808,128,74
5088,1204,128,111
5089,2236,256,177
5090,2144,256,166
5091,1828,256,135
5092,396,64,50
5093,2660,256,203
5094,1256,128,119
5095,1272,128,120
5096,920,128,89
5097,2932,256,223
5098,1152,128,105
5099,1356,128,128
5100,960,128,90
5101,1228,128,113
5102,2120,256,160
5103,428,64,53
5104,1264,128,117
5105,1232,128,114
5106,1156,128,107
5107,2668,256,201
5108,1164,128,109
5109,2056,256,161
5110,1316,128,123
5111,1312,128,122
5112,972,128,94
5113,800,128,73
5114,2672,256,202
5115,2908,256,224
5116,2256,256,178
5117,2936,256,224
5118,1136,128,106
5119,2696,256,208
5120,2236,256,172
5121,2192,256,166
5122,900,128,84
5123,1252,128,118
5124,924,128,87
5125,2560,256,190
5126,1156,128,107
5127,1284,128,122
5128,552,64,67
5129,1492,128,136
5130,2800,256,217
5131,1248,128,118
5132,2116,256,160
5133,512,64,62
5134,976,128,94
5135,1320,128,123
5136,1248,128,118
5137,2076,256,154
5138,2472,256,194
5139,836,128,80
5140,2264,256,179
5141,2352,256,185
5142,1200,128,111
5143,1832,256,137
5144,2116,256,160
5145,1260,128,121
5146,1224,128,113
5147,1344,128,130
5148,2688,256,205
5149,2316,256,181
5150,972,128,92
5151,1172,128,110
5152,2588,256,197
5153,2584,256,196
5154,2296,256,183
5155,1248,128,118
5156,2884,256,222
5157,2216,256,172
5158,1152,128,106
5159,2240,256,173
5160,1208,128,113
5161,508,64,61
5162,2820,256,210
5163,964,128,91
5164,1396,128,133
5165,1980,256,156
5166,1132,128,105
5167,2520,256,199
5168,1240,128,116
5169,2980,256,231
5170,516,64,63
5171,1416,128,138
5172,2216,256,172
5173,2652,256,197
5174,928,128,87
5175,1376,128,132
5176,1248,128,117
5177,1972,256,151
5178,468,64,56
5179,1240,128,117
5180,2208,256,170
5181,2648,256,201
5182,1240,128,116
5183,476,64,55
5184,1036,128,97
5185,2084,256,157
5186,2260,256,174
5187,1512,128,141
5188,212,32,36
5189,1996,256,156
5190,2248,256,176
5191,964,128,92
5192,2280,256,183
5193,2688,256,206
5194,2196,256,167
5195,1496,128,136
5196,2992,256,233
5197,1176,128,111
5198,1968,256,150
5199,1092,128,97
5200,1252,128,118
5201,1404,128,135
5202,220,32,38
5203,1172,128,111
5204,1112,128,104
5205,1348,128,126
5206,1100,128,102
5207,1416,128,138
5208,2400,256,192
5209,1352,128,127
5210,2568,256,193
5211,1264,128,121
5212,936,128,89
5213,1268,128,122
5214,1236,128,114
5215,1828,256,137
5216,2560,256,190
5217,1116,128,102
5218,2248,256,176
5219,2132,256,163
5220,396,64,49
5221,2012,256,161
5222,1244,128,117
5223,500,64,60
5224,2772,256,214
5225,396,64,50
5226,1104,128,100
5227,1364,128,130
5228,1400,128,135
5229,2248,256,175
5230,1176,128,111
5231,404,64,52
5232,1248,128,119
5233,1256,128,120
5234,1088,128,105
5235,920,128,85
5236,2552,256,203
5237,1092,128,110
5238,2432,256,189
5239,888,128,82
5240,992,128,98
5241,1168,128,110
5242,376,64,46
5243,1212,128,113
5244,1168,128,109
5245,1232,128,118
5246,832,128,79
5247,1176,128,112
5248,2420,256,193
5249,988,128,96
5250,536,64,64
5251,1160,128,107
5252,2564,256,195
5253,1176,128,112
5254,996,128,98
5255,2356,256,186
5256,460,64,54
5257,1208,128,109
5258,2812,256,220
5259,1236,128,119
5260,1824,256,134
5261,2196,256,168
5262,1316,128,123
5263,1392,128,133
5264,2128,256,162
5265,1132,128,105
5266,2860,256,217
5267,1952,256,150
5268,512,64,63
5269,2936,256,224
5270,2228,256,172
5271,1244,128,116
5272,1380,128,134
5273,1200,128,111
5274,1320,128,123
5275,1948,256,149
5276,1264,128,122
5277,2824,256,208
5278,2532,256,188
5279,1356,128,128
5280,1100,128,102
5281,964,128,92
5282,1120,128,104
5283,1220,128,112
5284,1132,128,105
5285,1260,128,120
5286,1388,128,131
5287,956,128,93
5288,2996,256,234
5289,1252,128,119
5290,452,64,52
5291,2256,256,177
5292,2112,256,159
5293,1260,128,116
5294,2188,256,172
5295,1228,128,111
5296,2556,256,193
5297,2212,256,172
5298,216,32,37
5299,1124,128,103
5300,1284,128,122
5301,1276,128,120
5302,1236,128,115
5303,1224,128,116
5304,2144,256,166
5305,1132,128,105
5306,2700,256,209
5307,2544,256,201
5308,4064,512,247
5309,2580,256,195
5310,548,64,67
5311,976,128,94
5312,496,64,59
5313,1224,128,112
5314,828,128,79
5315,1372,128,132
5316,1288,128,117
5317,1236,128,114
5318,2256,256,178
5319,560,64,69
5320,1392,128,133
5321,1212,128,110
5322,196,32,32
5323,2672,256,202
5324,2108,256,157
5325,2244,256,175
5326,1260,128,120
5327,976,128,94
5328,244,32,39
5329,500,64,59
5330,300,32,43
5331,1368,128,130
5332,644,64,74
5333,2216,256,169
5334,200,32,33
5335,1144,128,108
5336,1344,128,125
5337,2620,256,194
5338,1096,128,107
5339,924,128,87
5340,500,64,60
5341,2396,256,180
5342,1188,128,108
5343,2504,256,196
5344,2200,256,168
5345,2224,256,174
5346,544,64,66
5347,2264,256,176
5348,196,32,32
5349,1252,128,118
5350,1164,128,109
5351,1316,128,123
5352,1192,128,108
5353,1072,128,105
5354,1248,128,118
5355,2204,256,169
5356,2524,256,197
5357,1540,128,142
5358,2484,256,192
5359,948,128,91
5360,1972,256,151
5361,1232,128,115
5362,1272,128,123
5363,1488,128,134
5364,2684,256,206
5365,1240,128,115
5366,1084,128,98
5367,1280,128,121
5368,1244,128,117
5369,3188,256,246
5370,1128,128,104
5371,1224,128,112
5372,1812,256,133
5373,2576,256,194
5374,2280,256,180
5375,856,128,80
5376,2204,256,165
5377,488,64,60
5378,1392,128,123
5379,2808,256,208
5380,2960,256,230
5381,2292,256,175
5382,912,128,84
5383,608,64,70
5384,2240,256,173
5385,1088,128,99
5386,948,128,91
5387,1256,128,119
5388,1172,128,104
5389,940,128,90
5390,2512,256,198
5391,2652,256,201
5392,2572,256,193
5393,480,64,59
5394,1300,128,126
5395,912,128,87
5396,2208,256,171
5397,1448,128,131
5398,1240,128,116
5399,2516,256,181
5400,2676,256,203
5401,1292,128,125
5402,1116,128,102
5403,1240,128,115
5404,1172,128,110
5405,1972,256,155
5406,548,64,67
5407,996,128,98
5408,2612,256,193
5409,808,128,74
5410,1944,256,148
5411,820,128,76
5412,1272,128,119
5413,2184,256,164
5414,2680,256,204
5415,1412,128,137
5416,2548,256,202
5417,1236,128,115
5418,2520,256,200
5419,1268,128,118
5420,1136,128,102
5421,1168,128,110
5422,2672,256,201
5423,1212,128,109
5424,1244,128,116
5425,1240,128,115
5426,2668,256,201
5427,2808,256,210
5428,1368,128,131
5429,1120,128,102
5430,2572,256,193
5431,2072,256,163
5432,1164,128,102
5433,1256,128,119
5434,996,128,98
5435,2860,256,217
5436,1076,128,96
5437,516,64,63
5438,2236,256,174
5439,1252,128,118
5440,1244,128,117
5441,2652,256,197
5442,2012,256,153
5443,2560,256,204
5444,2360,256,187
5445,1204,128,111
5446,1952,256,150
5447,2552,256,188
5448,2688,256,206
5449,2308,256,187
5450,2128,256,162
5451,1240,128,116
5452,2252,256,173
5453,1248,128,118
5454,1224,128,116
5455,2936,256,225
5456,820,128,76
5457,2208,256,171
5458,2556,256,189
5459,460,64,54
5460,1172,128,111
5461,1240,128,116
5462,1152,128,106
5463,1260,128,120
5464,2376,256,191
5465,2296,256,183
5466,936,128,89
5467,2736,256,213
5468,2908,256,217
5469,1248,128,118
5470,1160,128,107
5471,2812,256,210
5472,2708,256,206
5473,2116,256,164
5474,1168,128,110
5475,1280,128,121
5476,2544,256,186
5477,1128,128,104
5478,1212,128,110
5479,1248,128,117
5480,1916,256,142
5481,1268,128,122
5482,496,64,58
5483,2248,256,176
5484,1992,256,156
5485,1988,256,155
5486,532,64,63
5487,1144,128,108
5488,2672,256,202
5489,992,128,97
5490,2932,256,222
5491,428,64,53
5492,1144,128,108
5493,2560,256,191
5494,2648,256,200
5495,1260,128,120
5496,1176,128,112
5497,2176,256,169
5498,2648,256,201
5499,1172,128,110
5500,488,64,57
5501,464,64,52
5502,240,32,38
5503,1216,128,114
5504,1160,128,109
5505,2288,256,181
5506,664,64,73
5507,1160,128,111
5508,1236,128,115
5509,1252,128,119
5510,1180,128,106
5511,2356,256,187
5512,2004,256,159
5513,1368,128,131
5514,996,128,98
5515,2212,256,168
5516,2240,256,173
5517,2484,256,191
5518,436,64,55
5519,2240,256,174
5520,488,64,57
5521,984,128,96
5522,960,128,95
5523,920,128,85
5524,2200,256,169
5525,936,128,88
5526,2132,256,164
5527,1400,128,134
5528,1956,256,152
5529,2464,256,194
5530,1216,128,110
5531,2820,256,212
5532,2748,256,209
5533,2168,256,168
5534,956,128,93
5535,1236,128,115
5536,2860,256,217
5537,1252,128,118
5538,1260,128,120
5539,1220,128,118
5540,2168,256,168
5541,1204,128,111
5542,980,128,94
5543,2856,256,216
5544,1404,128,136
5545,932,128,89
5546,1908,256,140
5547,880,128,79
5548,1948,256,149
5549,1056,128,102
5550,492,64,58
5551,1220,128,115
5552,1412,128,138
5553,2244,256,175
5554,2140,256,165
5555,1184,128,106
5556,1240,128,116
5557,556,64,69
5558,1164,128,110
5559,2412,256,188
5560,1140,128,107
5561,2560,256,190
5562,1492,128,135
5563,2068,256,162
5564,1264,128,121
5565,488,64,56
5566,1220,128,112
5567,2160,256,166
5568,1228,128,113
5569,1164,128,110
5570,2304,256,178
5571,1204,128,112
5572,1476,128,138
5573,1248,128,117
5574,1216,128,111
5575,2092,256,159
5576,1252,128,118
5577,1252,128,119
5578,2840,256,216
5579,1236,128,115
5580,496,64,59
5581,1196,128,110
5582,512,64,62
5583,1248,128,118
5584,1272,128,120
5585,1232,128,115
5586,1316,128,122
5587,1256,128,120
5588,1256,128,119
5589,2252,256,176
5590,536,64,64
5591,2124,256,161
5592,1184,128,114
5593,1252,128,118
5594,1244,128,117
5595,980,128,94
5596,2408,256,184
5597,2248,256,176
5598,2552,256,203
5599,1416,128,128
5600,960,128,90
5601,944,128,91
5602,2080,256,155
5603,1164,128,109
5604,2240,256,174
5605,2956,256,229
5606,1212,128,113
5607,2316,256,180
5608,1244,128,116
5609,1336,128,124
5610,1352,128,127
5611,1164,128,109
5612,2096,256,159
5613,2636,256,199
5614,2272,256,177
5615,2204,256,169
5616,1248,128,116
5617,472,64,56
5618,2120,256,157
5619,1372,128,132
5620,2228,256,175
5621,1184,128,107
5622,2292,256,183
5623,2824,256,219
5624,1392,128,132
5625,2992,256,233
5626,2628,256,202
5627,1244,128,116
5628,1260,128,120
5629,1896,256,142
5630,1948,256,145
5631,2172,256,168
5632,1048,128,100
5633,1276,128,121
5634,1244,128,117
5635,2232,256,172
5636,1224,128,112
5637,2928,256,222
5638,2660,256,198
5639,1236,128,115
5640,1224,128,113
5641,940,128,89
5642,472,64,57
5643,2928,256,222
5644,1956,256,147
5645,1252,128,119
5646,2908,256,224
5647,1960,256,148
5648,496,64,59
5649,600,64,68
5650,900,128,81
5651,1232,128,114
5652,2212,256,172
5653,208,32,35
5654,452,64,53
5655,2204,256,170
5656,1952,256,150
5657,1128,128,105
5658,240,32,38
5659,2552,256,203
5660,1240,128,116
5661,2588,256,192
5662,388,64,48
5663,2144,256,166
5664,1224,128,112
5665,2592,256,194
5666,2116,256,160
5667,2444,256,192
5668,2244,256,175
5669,2296,256,175
5670,1808,256,131
5671,1276,128,121
5672,2572,256,194
5673,512,64,62
5674,2504,256,196
5675,2688,256,205
5676,1236,128,116
5677,1196,128,116
5678,1264,128,121
5679,1896,256,142
5680,968,128,92
5681,932,128,87
5682,1244,128,117
5683,1236,128,114
5684,1504,128,138
5685,1368,128,131
5686,1464,128,135
5687,1196,128,109
5688,2188,256,165
5689,1244,128,116
5690,1168,128,109
5691,1976,256,153
5692,1244,128,117
5693,1520,128,127
5694,1968,256,150
5695,984,128,96
5696,1200,128,111
5697,1364,128,130
5698,1252,128,119
5699,992,128,97
5700,2256,256,178
5701,1188,128,109
5702,1244,128,117
5703,3100,256,243
5704,2792,256,215
5705,1312,128,122
5706,1244,128,116
5707,2204,256,169
5708,2108,256,158
5709,2208,256,167
5710,1004,128,100
5711,1516,128,141
5712,1236,128,115
5713,228,32,36
5714,1260,128,120
5715,2816,256,210
5716,1264,128,122
5717,1892,256,141
5718,2684,256,205
5719,2648,256,200
5720,1228,128,114
5721,1204,128,111
5722,1124,128,103
5723,1236,128,115
5724,2116,256,159
5725,1240,128,116
5726,976,128,94
5727,1264,128,121
5728,2556,256,190
5729,2520,256,185
5730,2532,256,187
5731,1220,128,115
5732,2956,256,228
5733,1276,128,120
5734,2532,256,189
5735,1900,256,141
5736,1180,128,113
5737,1224,128,113
5738,1396,128,133
5739,2212,256,171
5740,1260,128,120
5741,1924,256,147
5742,1232,128,114
5743,2092,256,158
5744,1232,128,114
5745,1172,128,111
5746,1364,128,130
5747,976,128,93
5748,1404,128,135
5749,616,64,72
5750,1148,128,108
5751,444,64,51
5752,1368,128,131
5753,1892,256,141
5754,2844,256,223
5755,2508,256,197
5756,1364,128,120
5757,2188,256,172
5758,1232,128,115
5759,2588,256,197
5760,1228,128,113
5761,1256,128,120
5762,1252,128,119
5763,920,128,86
5764,2116,256,159
5765,2516,256,198
5766,1220,128,114
5767,1276,128,124
5768,2220,256,173
5769,1268,128,118
5770,2056,256,160
5771,2520,256,199
5772,2708,256,210
5773,1308,128,121
5774,2820,256,212
5775,1956,256,151
5776,1096,128,101
5777,1488,128,134
5778,3056,256,244
5779,2164,256,167
5780,1220,128,112
5781,848,64,93
5782,1184,128,113
5783,1360,128,129
5784,1988,256,154
5785,500,64,59
5786,1240,128,115
5787,1228,128,113
5788,496,64,59
5789,1256,128,120
5790,2248,256,176
5791,1368,128,131
5792,464,64,55
5793,852,128,80
5794,928,128,87
5795,540,64,65
5796,1220,128,111
5797,2948,256,227
5798,2736,256,213
5799,936,128,89
5800,2260,256,178
5801,2980,256,230
5802,960,128,91
5803,1216,128,110
5804,552,64,67
5805,2604,256,196
5806,1168,128,109
5807,2140,256,166
5808,1232,128,118
5809,2692,256,207
5810,1292,128,124
5811,1192,128,108
5812,1900,256,142
5813,400,64,51
5814,1112,128,104
5815,2224,256,170
5816,936,128,89
5817,388,64,48
5818,1912,256,145
5819,1176,128,111
5820,2148,256,163
5821,2684,256,205
5822,2704,256,210
5823,2848,256,218
5824,2532,256,199
5825,940,128,90
5826,1236,128,115
5827,3008,256,238
5828,1252,128,117
5829,2944,256,225
5830,1144,128,104
5831,1116,128,101
5832,1220,128,115
5833,2160,256,166
5834,1248,128,119
5835,2536,256,184
5836,2492,256,179
5837,1508,128,139
5838,1172,128,111
5839,1120,128,102
5840,2104,256,157
5841,1348,128,127
5842,2600,256,195
5843,492,64,58
5844,972,128,94
5845,1244,128,117
5846,1508,128,138
5847,2976,256,233
5848,500,64,60
5849,2308,256,179
5850,828,128,78
5851,816,128,76
5852,892,128,83
5853,2636,256,197
5854,400,64,51
5855,1484,128,133
5856,1240,128,116
5857,524,64,64
5858,1836,256,138
5859,2236,256,172
5860,484,64,59
5861,1248,128,117
5862,2572,256,193
5863,2340,256,182
5864,2268,256,181
5865,1180,128,105
5866,1272,128,119
5867,520,64,64
5868,2872,256,224
5869,308,32,43
5870,2380,256,192
5871,976,128,93
5872,2184,256,165
5873,2112,256,159
5874,2460,256,193
5875,952,128,89
5876,1276,128,120
5877,996,128,93
5878,2060,256,151
5879,2648,256,201
5880,2252,256,176
5881,1324,128,125
5882,2124,256,162
5883,1252,128,118
5884,2188,256,172
5885,2656,256,202
5886,940,128,90
5887,2208,256,170
5888,2244,256,175
5889,2936,256,224
5890,968,128,92
5891,732,64,81
5892,1912,256,141
5893,2652,256,201
5894,540,64,65
5895,2564,256,193
5896,1268,128,122
5897,508,64,62
5898,1892,256,140
5899,1844,256,136
5900,2508,256,183
5901,2476,256,189
5902,1052,128,101
5903,1252,128,119
5904,2592,256,198
5905,2080,256,155
5906,1252,128,119
5907,2828,256,214
5908,2772,256,210
5909,2500,256,181
5910,1356,128,128
5911,2120,256,161
5912,2696,256,207
5913,512,64,59
5914,2216,256,172
5915,1192,128,109
5916,1984,256,155
5917,1120,128,103
5918,1176,128,105
5919,476,64,55
5920,2184,256,165
5921,1248,128,117
5922,2780,256,212
5923,2184,256,165
5924,1820,256,134
5925,1196,128,110
5926,496,64,59
5927,2148,256,164
5928,496,64,59
5929,2484,256,175
5930,2652,256,201
5931,1228,128,113
5932,2500,256,195
5933,1252,128,118
5934,1128,128,104
5935,2816,256,210
5936,2280,256,183
5937,2792,256,215
5938,3100,256,233
5939,2816,256,211
5940,2524,256,187
5941,2260,256,178
5942,1988,256,155
5943,1288,128,123
5944,2548,256,187
5945,508,64,62
5946,2144,256,162
5947,2436,256,190
5948,2172,256,169
5949,1864,256,141
5950,1172,128,111
5951,1948,256,150
5952,1380,128,134
5953,572,64,69
5954,2140,256,165
5955,2552,256,203
5956,200,32,33
5957,3032,256,238
5958,512,64,63
5959,1168,128,109
5960,2444,256,192
5961,2176,256,162
5962,1224,128,112
5963,1236,128,114
5964,812,128,75
5965,964,128,95
5966,2692,256,208
5967,1352,128,127
5968,984,128,95
5969,2232,256,172
5970,1992,256,155
5971,1952,256,150
5972,1196,128,110
5973,1144,128,105
5974,1160,128,109
5975,2268,256,180
5976,2648,256,197
5977,2948,256,226
5978,2980,256,235
5979,2272,256,182
5980,672,64,81
5981,2240,256,173
5982,496,64,59
5983,2664,256,199
5984,2548,256,187
5985,2024,256,152
5986,1216,128,110
5987,2612,256,199
5988,1124,128,104
5989,1108,128,100
5990,584,64,71
5991,1236,128,115
5992,1244,128,116
5993,2604,256,197
5994,2340,256,183
5995,872,128,84
5996,2504,256,196
5997,1232,128,114
5998,624,64,73
5999,2244,256,175
6000,1268,128,119
6001,1236,128,115
6002,1304,128,120
6003,920,128,86
6004,1164,128,108
6005,1024,128,99
6006,204,32,34
6007,1100,128,102
6008,1168,128,110
6009,2988,256,233
6010,2220,256,169
6011,2284,256,180
6012,2668,256,201
6013,1212,128,113
6014,2560,256,190
6015,1200,128,111
6016,984,128,95
6017,1116,128,101
6018,2636,256,197
6019,2148,256,163
6020,948,128,90
6021,1248,128,118
6022,2340,256,182
6023,2572,256,204
6024,1260,128,120
6025,2376,256,191
6026,1260,128,120
6027,1848,256,141
6028,2896,256,226
6029,2316,256,181
6030,1284,128,122
6031,1956,256,147
6032,2236,256,173
6033,972,128,92
6034,2820,256,211
6035,2568,256,192
6036,480,64,59
6037,3668,256,285
6038,2640,256,198
6039,1168,128,110
6040,2564,256,187
6041,1252,128,119
6042,1512,128,140
6043,2152,256,164
6044,984,128,96
6045,1244,128,117
6046,532,64,64
6047,2724,256,211
6048,1376,128,133
6049,2952,256,228
6050,2472,256,188
6051,2252,256,177
6052,1900,256,142
6053,2800,256,217
6054,2540,256,200
6055,2244,256,175
6056,228,32,36
6057,2252,256,176
6058,1156,128,107
6059,1256,128,119
6060,2924,256,222
6061,2760,256,212
6062,1204,128,111
6063,1984,256,154
6064,1328,128,125
6065,1356,128,128
6066,808,128,75
6067,2228,256,172
6068,2752,256,210
6069,1240,128,116
6070,2492,256,193
6071,1228,128,113
6072,1244,128,118
6073,2940,256,225
6074,2868,256,219
6075,2940,256,225
6076,1064,128,100
6077,2652,256,202
6078,1124,128,103
6079,2432,256,190
6080,1336,128,127
6081,2720,256,213
6082,2656,256,198
6083,976,128,94
6084,1244,128,118
6085,1248,128,118
6086,2720,256,209
6087,2340,256,187
6088,460,64,54
6089,604,64,69
6090,2816,256,211
6091,2348,256,184
6092,2140,256,165
6093,2536,256,204
6094,2956,256,228
6095,2828,256,219
6096,2592,256,194
6097,1288,128,123
6098,492,64,58
6099,2168,256,167
6100,508,64,60
6101,2512,256,185
6102,1108,128,100
6103,2928,256,222
6104,2852,256,220
6105,500,64,60
6106,1252,128,119
6107,880,128,86
6108,1372,128,132
6109,2868,256,219
6110,1236,128,115
6111,2672,256,202
6112,1172,128,111
6113,1940,256,148
6114,1348,128,126
6115,1976,256,151
6116,844,128,81
6117,472,64,57
6118,2588,256,197
6119,1904,256,143
6120,1232,128,114
6121,2928,256,222
6122,1372,128,132
6123,1144,128,108
6124,1496,128,137
6125,388,64,48
6126,2860,256,217
6127,1116,128,102
6128,2620,256,200
6129,492,64,59
6130,2856,256,216
6131,488,64,58
6132,1180,128,106
6133,2144,256,167
6134,548,64,67
6135,932,128,89
6136,840,128,80
6137,1324,128,125
6138,2216,256,168
6139,1244,128,117
6140,1300,128,126
6141,2512,256,198
6142,3028,256,237
6143,952,128,88
6144,1232,128,114
6145,1272,128,119
6146,2932,256,224
6147,1356,128,128
6148,2164,256,167
6149,2244,256,175
6150,2156,256,165
6151,1224,128,111
6152,348,64,40
6153,964,128,91
6154,1120,128,103
6155,936,128,89
6156,508,64,61
6157,840,128,77
6158,980,128,94
6159,2360,256,187
6160,828,128,78
6161,2240,256,174
6162,508,64,61
6163,1244,128,117
6164,252,32,41
6165,964,128,95
6166,2572,256,194
6167,1236,128,116
6168,1188,128,109
6169,1144,128,104
6170,448,64,51
6171,1244,128,117
6172,480,64,59
6173,1372,128,132
6174,3136,256,243
6175,2868,256,219
6176,1504,128,138
6177,1172,128,111
6178,2244,256,175
6179,2520,256,200
6180,2464,256,197
6181,1820,256,134
6182,1252,128,119
6183,2508,256,183
6184,1228,128,113
6185,924,128,86
6186,528,64,62
6187,1500,128,137
6188,2840,256,216
6189,992,128,97
6190,1920,256,143
6191,444,64,57
6192,2376,256,191
6193,812,128,74
6194,936,128,88
6195,2656,256,199
6196,1364,128,129
6197,1892,256,147
6198,1360,128,130
6199,1216,128,110
6200,2604,256,196
6201,2856,256,216
6202,908,128,86
6203,192,32,31
6204,1928,256,145
6205,960,128,93
6206,1348,128,126
6207,2160,256,166
6208,1916,256,145
6209,2824,256,212
6210,2220,256,173
6211,1964,256,153
6212,2956,256,228
6213,2296,256,183
6214,1936,256,147
6215,2112,256,158
6216,1256,128,119
6217,1368,128,131
6218,1036,128,96
6219,1256,128,119
6220,1084,128,98
6221,2996,256,235
6222,468,64,56
6223,2256,256,178
6224,1264,128,117
6225,672,64,71
6226,552,64,68
6227,1252,128,119
6228,1960,256,152
6229,2224,256,174
6230,1220,128,112
6231,2688,256,206
6232,508,64,61
6233,2240,256,174
6234,1984,256,153
6235,2848,256,218
6236,1924,256,143
6237,1312,128,122
6238,984,128,95
6239,1224,128,113
6240,1356,128,128
6241,980,128,95
6242,2260,256,178
6243,908,128,86
6244,2124,256,162
6245,2860,256,217
6246,1492,128,135
6247,2664,256,200
6248,1212,128,113
6249,3060,256,246
6250,1372,128,132
6251,976,128,94
6252,1172,128,111
6253,2668,256,201
6254,1996,256,157
6255,1144,128,104
6256,2468,256,194
6257,1512,128,141
6258,2364,256,189
6259,2316,256,176
6260,928,128,87
6261,1256,128,119
6262,1520,128,127
6263,512,64,63
6264,508,64,61
6265,1832,256,137
6266,196,32,32
6267,812,128,75
6268,1220,128,110
6269,1256,128,119
6270,972,128,93
6271,2676,256,204
6272,1220,128,115
6273,2712,256,212
6274,248,32,40
6275,2700,256,204
6276,952,128,92
6277,1500,128,137
6278,2632,256,197
6279,2572,256,190
6280,1228,128,113
6281,2596,256,195
6282,1256,128,119
6283,1300,128,126
6284,2788,256,214
6285,1244,128,117
6286,2144,256,166
6287,1844,256,140
6288,2828,256,209
6289,1132,128,106
6290,1116,128,101
6291,2596,256,195
6292,968,128,91
6293,2624,256,196
6294,2000,256,152
6295,1852,256,141
6296,1368,128,131
6297,928,128,86
6298,1360,128,130
6299,1220,128,116
6300,1060,128,92
6301,2704,256,210
6302,1108,128,100
6303,2216,256,168
6304,2336,256,185
6305,1972,256,151
6306,1348,128,126
6307,200,32,33
6308,2860,256,220
6309,1240,128,116
6310,1260,128,120
6311,952,128,92
6312,976,128,94
6313,2248,256,176
6314,388,64,48
6315,232,32,36
6316,2556,256,189
6317,1924,256,145
6318,1388,128,135
6319,2416,256,197
6320,1196,128,110
6321,2852,256,215
6322,1304,128,126
6323,1004,128,101
6324,2680,256,204
6325,2220,256,173
6326,1324,128,125
6327,512,64,62
6328,788,128,72
6329,552,64,67
6330,196,32,33
6331,1312,128,122
6332,1168,128,110
6333,2228,256,175
6334,528,64,62
6335,2264,256,179
6336,2236,256,172
6337,888,128,82
6338,1988,256,154
6339,1380,128,134
6340,1244,128,117
6341,1876,256,137
6342,1116,128,101
6343,2904,256,217
6344,2492,256,194
6345,1000,128,99
6346,2512,256,183
6347,2596,256,195
6348,1876,256,143
6349,900,128,84
6350,1160,128,108
6351,2136,256,164
6352,1236,128,115
6353,3044,256,241
6354,1244,128,117
6355,988,128,97
6356,1268,128,122
6357,348,64,39
6358,152,32,26
6359,2820,256,212
6360,2816,256,211
6361,1500,128,137
6362,2432,256,189
6363,2572,256,193
6364,1968,256,149
6365,2488,256,191
6366,2280,256,179
6367,2876,256,221
6368,1928,256,145
6369,2660,256,199
6370,2428,256,189
6371,544,64,66
6372,1372,128,132
6373,1260,128,120
6374,1800,256,133
6375,1252,128,118
6376,1904,256,142
6377,2876,256,220
6378,536,64,64
6379,2412,256,185
6380,1120,128,102
6381,996,128,98
6382,1248,128,117
6383,2268,256,181
6384,948,128,91
6385,1240,128,116
6386,1244,128,117
6387,1364,128,130
6388,2960,256,230
6389,976,128,93
6390,2100,256,155
6391,2140,256,164
6392,2548,256,189
6393,1348,128,127
6394,2876,256,220
6395,2256,256,177
6396,1140,128,107
6397,980,128,95
6398,1356,128,129
6399,2236,256,173
6400,1252,128,119
6401,1960,256,151
6402,1516,128,127
6403,2604,256,197
6404,2176,256,170
6405,1252,128,119
6406,1212,128,113
6407,2556,256,189
6408,1248,128,118
6409,3000,256,235
6410,1232,128,114
6411,1384,128,134
6412,956,128,93
6413,952,128,92
6414,1236,128,116
6415,1944,256,148
6416,2244,256,175
6417,2164,256,160
6418,1260,128,120
6419,1164,128,109
6420,1344,128,130
6421,1000,128,99
6422,2672,256,202
6423,2752,256,209
6424,2132,256,164
6425,2676,256,203
6426,2564,256,191
6427,1288,128,123
6428,2600,256,190
6429,2356,256,190
6430,2364,256,188
6431,2620,256,201
6432,1924,256,145
6433,2588,256,197
6434,1176,128,112
6435,2872,256,216
6436,2560,256,191
6437,1428,128,131
6438,2196,256,168
6439,2824,256,212
6440,1216,128,111
6441,2712,256,201
6442,1988,256,155
6443,2196,256,167
6444,2580,256,196
6445,2632,256,197
6446,1372,128,122
6447,2636,256,198
6448,480,64,59
6449,2252,256,176
6450,548,64,66
6451,972,128,93
6452,544,64,66
6453,1300,128,119
6454,1252,128,118
6455,1220,128,115
6456,2204,256,170
6457,1088,128,99
6458,2576,256,194
6459,2924,256,221
6460,2156,256,169
6461,1252,128,118
6462,2500,256,181
6463,1508,128,138
6464,2824,256,213
6465,2144,256,166
6466,2204,256,169
6467,2832,256,214
6468,2268,256,180
6469,480,64,55
6470,2452,256,190
6471,820,128,77
6472,1152,128,106
6473,2696,256,207
6474,2600,256,195
6475,1232,128,114
6476,1120,128,103
6477,2544,256,187
6478,1348,128,126
6479,996,128,98
6480,1256,128,119
6481,984,128,95
6482,2632,256,197
6483,1500,128,123
6484,1200,128,110
6485,2688,256,206
6486,204,32,34
6487,1208,128,112
6488,892,128,83
6489,1948,256,149
6490,2840,256,216
6491,1152,128,106
6492,2336,256,181
6493,2252,256,176
6494,1264,128,121
6495,480,64,59
6496,180,32,29
6497,1224,128,112
6498,1224,128,112
6499,1164,128,109
6500,4484,512,291
6501,2884,256,223
6502,1220,128,111
6503,2232,256,172
6504,3124,256,238
6505,2096,256,158
6506,928,128,86
6507,1252,128,118
6508,2536,256,199
6509,3036,256,239
6510,2372,256,190
6511,1220,128,111
6512,2248,256,177
6513,496,64,59
6514,2264,256,181
6515,2172,256,169
6516,944,128,91
6517,2688,256,206
6518,1236,128,115
6519,2216,256,172
6520,2596,256,195
6521,1380,128,134
6522,2248,256,176
6523,2636,256,193
6524,2532,256,184
6525,2652,256,197
6526,1984,128,173
6527,2912,256,218
6528,1228,128,113
6529,2676,256,203
6530,1232,128,114
6531,1156,128,106
6532,2648,256,195
6533,2736,256,213
6534,540,64,65
6535,548,64,67
6536,2256,256,179
6537,1168,128,110
6538,1928,256,144
6539,2232,256,176
6540,2136,256,165
6541,1820,256,135
6542,2276,256,179
6543,1364,128,130
6544,1140,128,107
6545,856,128,80
6546,2200,256,168
6547,1212,128,113
6548,2252,256,177
6549,2484,256,191
6550,2260,256,175
6551,1288,128,123
6552,2716,256,212
6553,2928,256,222
6554,2512,256,183
6555,1244,128,113
6556,1208,128,112
6557,2652,256,200
6558,2496,256,194
6559,2484,256,191
6560,196,32,32
6561,2236,256,174
6562,1212,128,114
6563,928,128,87
6564,1284,128,122
6565,976,128,94
6566,1944,256,148
6567,928,128,90
6568,1268,128,122
6569,1156,128,107
6570,2120,256,161
6571,2288,256,181
6572,984,128,96
6573,2380,256,192
6574,492,64,58
6575,2964,256,231
6576,1220,128,115
6577,2820,256,211
6578,2044,256,164
6579,1216,128,111
6580,2248,256,176
6581,2588,256,198
6582,1224,128,112
6583,1260,128,121
6584,1272,128,119
6585,2832,256,215
6586,824,128,77
6587,2024,256,157
6588,936,128,88
6589,556,64,68
6590,984,128,95
6591,988,128,97
6592,1384,128,125
6593,2792,256,215
6594,1248,128,117
6595,1276,128,124
6596,1924,256,144
6597,2760,256,208
6598,2100,256,160
6599,1260,128,120
6600,1948,256,149
6601,832,128,79
6602,508,64,62
6603,400,64,51
6604,2624,256,195
6605,2244,256,176
6606,1976,256,152
6607,2016,256,154
6608,1260,128,120
6609,2692,256,207
6610,1884,256,138
6611,2604,256,197
6612,2632,256,196
6613,2604,256,205
6614,2816,256,210
6615,2280,256,180
6616,1948,256,149
6617,2040,256,159
6618,1416,128,128
6619,2964,256,231
6620,1240,128,115
6621,2872,256,220
6622,2864,256,218
6623,2704,256,209
6624,944,128,86
6625,2976,256,234
6626,2168,256,168
6627,1244,128,116
6628,1356,128,128
6629,1060,128,103
6630,784,128,73
6631,1188,128,109
6632,924,128,86
6633,500,64,60
6634,1940,256,148
6635,1384,128,135
6636,808,128,74
6637,2808,256,219
6638,2268,256,180
6639,2644,256,199
6640,1272,128,119
6641,1164,128,109
6642,2428,256,199
6643,1264,128,118
6644,1268,128,122
6645,1000,128,99
6646,2816,256,221
6647,1168,128,110
6648,940,128,89
6649,1188,128,114
6650,948,128,91
6651,1960,256,153
6652,1300,128,119
6653,2572,256,194
6654,2216,256,168
6655,1196,128,110
6656,2840,256,216
6657,2728,256,211
6658,2808,256,210
6659,880,128,86
6660,1208,128,112
6661,1216,128,114
6662,516,64,63
6663,2588,256,193
6664,2968,256,232
6665,2040,256,161
6666,2248,256,175
6667,1276,128,121
6668,828,128,79
6669,2264,256,179
6670,1236,128,115
6671,2288,256,181
6672,1144,128,108
6673,1244,128,117
6674,1120,128,106
6675,2540,256,187
6676,1340,128,124
6677,2212,256,168
6678,900,128,84
6679,1932,256,146
6680,928,128,86
6681,1208,128,112
6682,1968,256,154
6683,560,64,69
6684,1952,256,150
6685,3108,256,236
6686,4836,512,321
6687,2880,256,221
6688,976,128,93
6689,1276,128,120
6690,1244,128,116
6691,2256,256,178
6692,2368,256,190
6693,2296,256,183
6694,2596,256,199
6695,2184,256,172
6696,968,128,92
6697,980,128,94
6698,2524,256,196
6699,1348,128,127
6700,2064,256,161
6701,1920,256,146
6702,1188,128,114
6703,1948,256,150
6704,340,32,51
6705,2656,256,202
6706,1044,128,99
6707,1860,256,139
6708,2484,256,177
6709,968,128,92
6710,2272,256,181
6711,328,32,47
6712,2040,256,156
6713,2880,256,221
6714,1264,128,121
6715,612,64,71
6716,2552,256,189
6717,2264,256,179
6718,228,32,36
6719,2236,256,173
6720,2484,256,191
6721,1244,128,117
6722,1940,256,148
6723,884,128,80
6724,996,128,98
6725,548,64,66
6726,1928,256,145
6727,1208,128,111
6728,1252,128,118
6729,2252,256,177
6730,1240,128,116
6731,2240,256,173
6732,2108,256,163
6733,2624,256,194
6734,1112,128,101
6735,1160,128,108
6736,1784,256,125
6737,2272,256,178
6738,2428,256,189
6739,936,128,88
6740,1176,128,111
6741,2548,256,189
6742,2944,256,226
6743,2556,256,190
6744,2084,256,155
6745,2864,256,228
6746,2092,256,154
6747,1236,128,115
6748,956,128,93
6749,1264,128,122
6750,1244,128,116
6751,496,64,58
6752,1164,128,109
6753,948,128,91
6754,2224,256,170
6755,1172,128,111
6756,2844,256,218
6757,1356,128,118
6758,2644,256,199
6759,2204,256,169
6760,1244,128,117
6761,2256,256,173
6762,1212,128,113
6763,2928,256,222
6764,1256,128,120
6765,1240,128,116
6766,1236,128,115
6767,2644,256,199
6768,1940,256,148
6769,2940,256,226
6770,1876,256,136
6771,2296,256,183
6772,1248,128,118
6773,2836,256,211
6774,1340,128,124
6775,2204,256,169
6776,1168,128,110
6777,2128,256,161
6778,1248,128,117
6779,988,128,97
6780,2696,256,208
6781,500,64,59
6782,2240,256,174
6783,1252,128,119
6784,976,128,94
6785,2684,256,205
6786,2520,256,181
6787,2944,256,226
6788,2144,256,167
6789,2668,256,201
6790,2156,256,158
6791,1952,256,151
6792,384,64,47
6793,4452,512,290
6794,964,128,91
6795,2224,256,170
6796,240,32,39
6797,1324,128,125
6798,1140,128,107
6799,1356,128,128
6800,2820,256,211
6801,1212,128,113
6802,1352,128,127
6803,2692,256,207
6804,944,128,90
6805,2244,256,176
6806,964,128,92
6807,1152,128,109
6808,1056,128,102
6809,2256,256,178
6810,984,128,95
6811,2680,256,204
6812,944,128,86
6813,1956,256,151
6814,808,128,74
6815,992,128,97
6816,2944,256,226
6817,1260,128,120
6818,1448,128,135
6819,1368,128,130
6820,2644,256,200
6821,1100,128,99
6822,2572,256,194
6823,956,128,93
6824,2220,256,173
6825,2972,256,233
6826,1324,128,125
6827,1208,128,108
6828,944,128,90
6829,1864,256,141
6830,1948,256,149
6831,1160,128,111
6832,2648,256,200
6833,1028,128,101
6834,2960,256,229
6835,1552,128,130
6836,1348,128,126
6837,1268,128,122
6838,1808,256,131
6839,1244,128,117
6840,1436,128,133
6841,2188,256,165
6842,1980,256,152
6843,2640,256,199
6844,1528,128,126
6845,2252,256,176
6846,1956,256,151
6847,2148,256,163
6848,944,128,90
6849,2944,256,226
6850,1132,128,105
6851,2632,256,204
6852,2236,256,173
6853,2292,256,175
6854,820,128,76
6855,2648,256,201
6856,1128,128,104
6857,1956,256,151
6858,2120,256,161
6859,1112,128,101
6860,868,128,83
6861,2016,256,154
6862,2244,256,175
6863,1252,128,119
6864,328,64,39
6865,1324,128,125
6866,512,64,62
6867,2256,256,178
6868,2132,256,163
6869,2264,256,179
6870,2260,256,179
6871,972,128,93
6872,1944,256,148
6873,2832,256,215
6874,944,128,90
6875,2808,256,220
6876,1168,128,110
6877,2836,256,212
6878,944,128,90
6879,1236,128,115
6880,1920,256,143
6881,2228,256,172
6882,2264,256,179
6883,2100,256,157
6884,2116,256,160
6885,1328,128,122
6886,224,32,35
6887,1332,128,126
6888,1236,128,115
6889,2876,256,225
6890,524,64,61
6891,1208,128,113
6892,1164,128,109
6893,844,128,79
6894,2864,256,218
6895,1344,128,125
6896,2128,256,163
6897,2712,256,208
6898,2624,256,201
6899,1888,256,141
6900,2580,256,210
6901,1148,128,108
6902,3172,256,246
6903,972,128,93
6904,1268,128,118
6905,1160,128,108
6906,2820,256,211
6907,2220,256,173
6908,1076,128,96
6909,1812,256,132
6910,2268,256,181
6911,1436,128,133
6912,2948,256,227
6913,1244,128,115
6914,1208,128,112
6915,2652,256,202
6916,380,64,46
6917,968,128,92
6918,1244,128,117
6919,1252,128,119
6920,1896,256,142
6921,2612,256,198
6922,1252,128,119
6923,1004,128,100
6924,2532,256,198
6925,2880,256,222
6926,2196,256,168
6927,1928,256,145
6928,1224,128,112
6929,2828,256,213
6930,1260,128,117
6931,2412,256,186
6932,2436,256,190
6933,1380,128,134
6934,1944,256,149
6935,2784,256,214
6936,1124,128,104
6937,1248,128,118
6938,1988,256,155
6939,512,64,62
6940,2840,256,216
6941,2368,256,189
6942,2208,256,170
6943,524,64,65
6944,2256,256,177
6945,936,128,88
6946,2936,256,224
6947,1248,128,119
6948,968,128,91
6949,980,128,95
6950,1816,256,134
6951,1364,128,131
6952,1832,256,137
6953,1176,128,111
6954,1348,128,126
6955,1368,128,131
6956,920,128,85
6957,1364,128,130
6958,1124,128,104
6959,2236,256,173
6960,1428,128,132
6961,2584,256,196
6962,944,128,90
6963,948,128,91
6964,540,64,64
6965,2256,256,177
6966,1764,256,126
6967,1128,128,105
6968,2136,256,164
6969,2196,256,168
6970,1252,128,118
6971,232,32,36
6972,500,64,59
6973,992,128,97
6974,1996,256,156
6975,1284,128,122
6976,1260,128,120
6977,1816,256,133
6978,1016,128,99
6979,1216,128,114
6980,1168,128,109
6981,2604,256,191
6982,968,128,92
6983,1432,128,132
6984,1368,128,131
6985,2644,256,199
6986,1248,128,117
6987,1232,128,114
6988,1368,128,126
6989,1492,128,135
6990,1244,128,118
6991,1928,256,144
6992,1004,128,100
6993,2688,256,206
6994,452,64,53
6995,1144,128,104
6996,2868,256,218
6997,1256,128,120
6998,1236,128,114
6999,2468,256,194
7000,1268,128,118
7001,1196,128,110
7002,2684,256,205
7003,2268,256,181
7004,2268,256,177
7005,1392,128,132
7006,1252,128,119
7007,2580,256,195
7008,888,128,81
7009,1804,256,130
7010,1200,128,110
7011,2200,256,169
7012,976,128,93
7013,1144,128,104
7014,1252,128,118
7015,2500,256,195
7016,1244,128,117
7017,2236,256,173
7018,540,64,65
7019,964,128,94
7020,1332,128,126
7021,2632,256,196
7022,2312,256,180
7023,1312,128,128
7024,1256,128,118
7025,952,128,93
7026,2260,256,178
7027,1232,128,114
7028,1240,128,116
7029,2352,256,186
7030,2212,256,167
7031,1236,128,115
7032,1308,128,122
7033,2228,256,171
7034,2440,256,191
7035,2524,256,182
7036,2628,256,195
7037,476,64,55
7038,1928,256,145
7039,1260,128,120
7040,2664,256,201
7041,2016,256,161
7042,2396,256,181
7043,2232,256,171
7044,1352,128,128
7045,1940,256,147
7046,1992,256,155
7047,1244,128,117
7048,1372,128,131
7049,2280,256,184
7050,2068,256,162
7051,1876,256,144
7052,1948,256,149
7053,2708,256,210
7054,1100,128,102
7055,1912,256,142
7056,476,64,55
7057,2204,256,169
7058,1868,256,141
7059,976,128,94
7060,2188,256,166
7061,2356,256,186
7062,1152,128,109
7063,2964,256,230
7064,1228,128,116
7065,2928,256,223
7066,556,64,68
7067,2792,256,205
7068,992,128,97
7069,264,32,43
7070,2100,256,166
7071,1240,128,116
7072,832,128,80
7073,2108,256,158
7074,1368,128,131
7075,992,128,97
7076,2236,256,173
7077,972,128,93
7078,1196,128,109
7079,496,64,59
7080,1220,128,115
7081,1228,128,114
7082,1372,128,133
7083,1932,256,145
7084,492,64,58
7085,1204,128,111
7086,1276,128,121
7087,1964,256,149
7088,2936,256,224
7089,2856,256,217
7090,516,64,60
7091,2116,256,160
7092,528,64,62
7093,980,128,94
7094,1912,256,145
7095,1876,256,143
7096,1272,128,119
7097,1256,128,119
7098,968,128,92
7099,1092,128,96
7100,392,64,49
7101,1292,128,123
7102,2364,256,188
7103,952,128,93
7104,2236,256,173
7105,2172,256,168
7106,1432,128,131
7107,516,64,63
7108,488,64,57
7109,944,128,90
7110,2448,256,194
7111,1216,128,114
7112,1944,256,148
7113,2676,256,203
7114,2204,256,170
7115,2820,256,222
7116,516,64,60
7117,2212,256,171
7118,2736,256,209
7119,2700,256,208
7120,2160,256,169
7121,912,128,84
7122,2424,256,191
7123,2940,256,225
7124,2484,256,191
7125,248,32,40
7126,2500,256,195
7127,1120,128,102
7128,1936,256,147
7129,1156,128,107
7130,1432,128,132
7131,2284,256,180
7132,528,64,62
7133,1852,256,138
7134,1120,128,103
7135,1076,128,96
7136,2688,256,206
7137,2440,256,191
7138,2512,256,184
7139,1964,256,153
7140,1164,128,109
7141,2172,256,169
7142,1232,128,115
7143,2260,256,178
7144,1340,128,125
7145,988,128,96
7146,2860,256,216
7147,952,128,92
7148,2592,256,194
7149,2248,256,175
7150,2476,256,200
7151,2264,256,180
7152,1152,128,106
7153,1956,256,151
7154,1196,128,110
7155,2644,256,196
7156,2252,256,177
7157,2344,256,184
7158,2024,256,157
7159,1000,128,99
7160,1500,128,138
7161,1200,128,110
7162,2416,256,181
7163,2988,256,232
7164,2344,256,183
7165,464,64,55
7166,1224,128,112
7167,1152,128,109
7168,2136,256,165
7169,508,64,61
7170,2268,256,180
7171,2908,256,224
7172,2616,256,199
7173,2244,256,175
7174,1136,128,106
7175,1220,128,115
7176,2216,256,169
7177,1248,128,117
7178,2136,256,165
7179,2872,256,231
7180,2128,256,162
7181,1192,128,109
7182,992,128,98
7183,2596,256,194
7184,512,64,62
7185,1252,128,119
7186,1212,128,113
7187,1932,256,145
7188,2688,256,205
7189,2584,256,196
7190,1236,128,115
7191,2376,256,190
7192,1472,128,138
7193,1100,128,102
7194,2744,256,215
7195,1224,128,112
7196,1244,128,117
7197,2240,256,175
7198,1236,128,115
7199,1068,128,94
7200,1148,128,105
7201,1260,128,121
7202,2200,256,168
7203,448,64,48
7204,928,128,87
7205,2716,256,208
7206,2092,256,155
7207,932,128,88
7208,1228,128,117
7209,1188,128,114
7210,2716,256,212
7211,1356,128,129
7212,2608,256,197
7213,2528,256,201
7214,2140,256,165
7215,2232,256,176
7216,388,64,48
7217,2848,256,215
7218,1364,128,131
7219,1932,256,146
7220,936,128,89
7221,1232,128,113
7222,808,128,74
7223,940,128,88
7224,2520,256,196
7225,1360,128,129
7226,1112,128,105
7227,1224,128,112
7228,1280,128,121
7229,2948,256,227
7230,1476,128,139
7231,1220,128,112
7232,1948,256,149
7233,2056,256,160
7234,388,64,48
7235,2144,256,162
7236,256,32,41
7237,976,128,94
7238,2176,256,163
7239,1936,256,147
7240,992,128,97
7241,884,128,80
7242,1180,128,113
7243,1368,128,131
7244,2488,256,193
7245,1248,128,117
7246,1164,128,109
7247,2312,256,180
7248,1272,128,123
7249,1240,128,116
7250,1236,128,115
7251,2916,256,225
7252,1240,128,116
7253,2316,256,182
7254,1932,256,147
7255,2116,256,159
7256,2836,256,211
7257,932,128,88
7258,1964,256,152
7259,1244,128,117
7260,552,64,67
7261,1256,128,119
7262,2648,256,200
7263,2356,256,186
7264,1012,128,102
7265,1988,256,154
7266,580,64,67
7267,2684,256,205
7268,692,64,75
7269,1236,128,115
7270,2408,256,188
7271,2828,256,214
7272,2572,256,189
7273,736,64,82
7274,1116,128,102
7275,2812,256,205
7276,236,32,38
7277,552,64,67
7278,2384,256,182
7279,2212,256,172
7280,1280,128,121
7281,2096,256,165
7282,2796,256,216
7283,2188,256,165
7284,1976,256,152
7285,1212,128,109
7286,1224,128,113
7287,1208,128,112
7288,1244,128,117
7289,540,64,65
7290,1804,256,130
7291,2508,256,197
7292,2824,256,213
7293,1272,128,119
7294,2244,256,176
7295,1268,128,118
7296,984,128,95
7297,1264,128,121
7298,220,32,34
7299,496,64,59
7300,1172,128,112
7301,2240,256,175
7302,912,128,87
7303,1436,128,134
7304,992,128,97
7305,1376,128,133
7306,1120,128,102
7307,1240,128,116
7308,2228,256,171
7309,2724,256,210
7310,1264,128,121
7311,1184,128,113
7312,960,128,90
7313,1308,128,122
7314,2264,256,179
7315,1264,128,117
7316,520,64,59
7317,1104,128,103
7318,428,64,53
7319,980,128,95
7320,2684,256,205
7321,2984,256,232
7322,2300,256,184
7323,1256,128,119
7324,1216,128,114
7325,532,64,63
7326,2212,256,167
7327,1236,128,114
7328,1984,256,154
7329,2960,256,230
7330,1252,128,119
7331,1252,128,119
7332,1016,128,103
7333,1256,128,119
7334,988,128,97
7335,1204,128,111
7336,2196,256,174
7337,972,128,96
7338,1236,128,115
7339,2264,256,180
7340,972,128,94
7341,1276,128,124
7342,900,128,84
7343,2524,256,200
7344,2412,256,185
7345,464,64,55
7346,1208,128,108
7347,1888,256,140
7348,1968,256,150
7349,960,128,90
7350,2356,256,181
7351,2328,256,180
7352,1820,256,135
7353,2260,256,178
7354,2176,256,170
7355,2144,256,166
7356,1204,128,113
7357,1124,128,103
7358,1968,256,150
7359,1256,128,120
7360,500,64,60
7361,2556,256,193
7362,1992,256,156
7363,1156,128,107
7364,540,64,65
7365,832,128,79
7366,912,128,87
7367,2264,256,175
7368,1244,128,117
7369,1052,128,100
7370,2188,256,165
7371,1976,256,152
7372,1260,128,121
7373,1928,256,145
7374,1948,256,150
7375,992,128,98
7376,2868,256,218
7377,2240,256,174
7378,2048,256,158
7379,1232,128,114
7380,2720,256,213
7381,2432,256,190
7382,2552,256,203
7383,1808,256,132
7384,1868,256,135
7385,2212,256,172
7386,2128,256,162
7387,980,128,95
7388,2200,256,170
7389,2920,256,220
7390,1988,256,154
7391,976,128,93
7392,1900,256,141
7393,2696,256,208
7394,508,64,61
7395,2400,256,186
7396,1176,128,112
7397,2236,256,173
7398,2188,256,166
7399,1336,128,127
7400,1172,128,110
7401,988,128,97
7402,2332,256,185
7403,988,128,96
7404,1896,256,142
7405,476,64,58
7406,988,128,96
7407,2484,256,199
7408,1092,128,100
7409,524,64,64
7410,2220,256,169
7411,2148,256,164
7412,612,64,70
7413,980,128,95
7414,2144,256,166
7415,1980,256,152
7416,2256,256,177
7417,2208,256,170
7418,2312,256,180
7419,2064,256,152
7420,2072,256,150
7421,516,64,63
7422,1188,128,108
7423,2104,256,157
7424,2184,256,165
7425,1232,128,114
7426,2828,256,214
7427,988,128,96
7428,1472,128,137
7429,1188,128,107
7430,504,64,61
7431,2336,256,185
7432,1248,128,118
7433,2276,256,178
7434,2248,256,176
7435,1236,128,115
7436,2172,256,169
7437,1220,128,115
7438,1100,128,99
7439,2104,256,167
7440,2808,256,208
7441,2248,256,177
7442,964,128,95
7443,1196,128,109
7444,1928,256,145
7445,1252,128,119
7446,828,128,79
7447,2500,256,195
7448,940,128,89
7449,864,128,82
7450,2064,256,162
7451,1260,128,117
7452,1948,256,149
7453,540,64,65
7454,1204,128,111
7455,388,64,48
7456,1244,128,116
7457,2968,256,227
7458,1244,128,117
7459,1224,128,111
7460,948,128,88
7461,1100,128,98
7462,1164,128,109
7463,1152,128,106
7464,2264,256,180
7465,260,32,42
7466,2556,256,203
7467,1944,256,148
7468,2696,256,208
7469,1360,128,130
7470,2100,256,160
7471,1876,256,137
7472,520,64,64
7473,2528,256,202
7474,1244,128,117
7475,2628,256,196
7476,2552,256,204
7477,2112,256,162
7478,2364,256,188
7479,2668,256,201
7480,2220,256,169
7481,1268,128,122
7482,832,128,79
7483,2328,256,183
7484,1204,128,112
7485,1220,128,115
7486,980,128,95
7487,1864,256,140
7488,2692,256,206
7489,1212,128,113
7490,1208,128,112
7491,1160,128,108
7492,976,128,94
7493,1956,256,152
7494,1936,256,146
7495,2224,256,170
7496,2236,256,172
7497,1224,128,116
7498,2140,256,165
7499,940,128,89
7500,2984,256,231
7501,784,64,82
7502,1956,256,147
7503,1932,256,146
7504,920,128,89
7505,1908,256,141
7506,1224,128,116
7507,1256,128,119
7508,2300,256,184
7509,912,128,87
7510,2840,256,216
7511,1160,128,108
7512,1220,128,115
7513,2672,256,202
7514,2232,256,175
7515,808,128,74
7516,2192,256,167
7517,2348,256,184
7518,2568,256,192
7519,504,64,60
7520,2844,256,217
7521,1168,128,103
7522,1208,128,112
7523,2432,256,189
7524,1176,128,112
7525,368,64,44
7526,1196,128,109
7527,2712,256,211
7528,1240,128,116
7529,1404,128,135
7530,1996,256,157
7531,2052,256,159
7532,2676,256,203
7533,1248,128,118
7534,1524,128,138
7535,2636,256,198
7536,2544,256,206
7537,1196,128,115
7538,2468,256,194
7539,1376,128,132
7540,1164,128,113
7541,524,64,61
7542,2740,256,208
7543,1456,128,134
7544,2244,256,174
7545,1964,256,152
7546,1904,256,143
7547,1104,128,99
7548,988,128,96
7549,1396,128,133
7550,2440,256,192
7551,2680,256,204
7552,396,64,50
7553,2560,256,191
7554,1180,128,107
7555,2228,256,171
7556,1188,128,108
7557,2388,256,184
7558,472,64,57
7559,2196,256,168
7560,2348,256,184
7561,1256,128,119
7562,2248,256,175
7563,1204,128,115
7564,1144,128,104
7565,552,64,68
7566,1964,256,148
7567,1880,256,144
7568,1328,128,125
7569,2872,256,220
7570,1260,128,120
7571,1276,128,120
7572,1256,128,119
7573,2956,256,228
7574,1228,128,113
7575,1368,128,131
7576,1780,256,130
7577,2556,256,189
7578,2816,256,210
7579,2164,256,167
7580,956,128,93
7581,2184,256,171
7582,2300,256,184
7583,2840,256,212
7584,1188,128,108
7585,2472,256,195
7586,2020,256,159
7587,2872,256,219
7588,1048,128,101
7589,1980,256,153
7590,1228,128,116
7591,1072,128,95
7592,1272,128,118
7593,1948,256,149
7594,2856,256,220
7595,1264,128,121
7596,1432,128,132
7597,2688,256,202
7598,2652,256,198
7599,1236,128,115
7600,1224,128,116
7601,1212,128,114
7602,2820,256,211
7603,2204,256,169
7604,2220,256,172
7605,2128,256,162
7606,2376,256,190
7607,204,32,34
7608,2460,256,193
7609,2060,256,161
7610,1284,128,122
7611,1172,128,110
7612,2944,256,225
7613,2940,256,226
7614,2216,256,172
7615,2148,256,166
7616,2476,256,197
7617,2044,256,157
7618,528,64,62
7619,1976,256,152
7620,2568,256,191
7621,2328,256,183
7622,1256,128,119
7623,504,64,60
7624,1392,128,126
7625,2864,256,228
7626,984,128,96
7627,1192,128,109
7628,824,128,77
7629,1240,128,115
7630,2276,256,179
7631,2248,256,176
7632,2216,256,172
7633,2680,256,204
7634,1936,256,147
7635,2284,256,180
7636,1192,128,108
7637,2856,256,216
7638,1336,128,128
7639,2216,256,168
7640,2820,256,211
7641,1220,128,115
7642,1236,128,115
7643,1236,128,115
7644,2588,256,194
7645,1216,128,114
7646,1784,256,130
7647,1172,128,110
7648,1524,128,142
7649,2048,256,158
7650,484,64,56
7651,2548,256,202
7652,2312,256,180
7653,1152,128,106
7654,924,128,90
7655,2224,256,175
7656,2476,256,188
7657,944,128,87
7658,924,128,85
7659,952,128,92
7660,832,128,79
7661,2272,256,182
7662,2656,256,201
7663,1140,128,103
7664,1244,128,117
7665,1260,128,119
7666,1980,256,153
7667,2820,256,213
7668,2604,256,200
7669,2132,256,164
7670,1152,128,110
7671,1824,256,135
7672,2176,256,164
7673,2276,256,177
7674,2560,256,205
7675,2304,256,186
7676,976,128,94
7677,1960,256,152
7678,2076,256,164
7679,1888,256,139
7680,1152,128,106
7681,1204,128,111
7682,940,128,89
7683,2468,256,195
7684,2060,256,161
7685,2208,256,171
7686,2236,256,174
7687,980,128,95
7688,1200,128,111
7689,952,128,92
7690,2512,256,184
7691,1916,256,145
7692,2620,256,194
7693,1392,128,132
7694,556,64,68
7695,1368,128,131
7696,2372,256,180
7697,2696,256,203
7698,552,64,68
7699,2604,256,196
7700,492,64,58
7701,1252,128,119
7702,1420,128,129
7703,2184,256,164
7704,2136,256,164
7705,940,128,89
7706,1196,128,106
7707,1060,128,103
7708,980,128,94
7709,616,64,72
7710,2288,256,181
7711,208,32,35
7712,2688,256,206
7713,1836,256,139
7714,384,64,47
7715,2288,256,181
7716,2392,256,184
7717,200,32,33
7718,2096,256,165
7719,1136,128,106
7720,840,128,80
7721,1888,256,139
7722,1168,128,110
7723,1216,128,114
7724,2264,256,175
7725,1416,128,138
7726,204,32,34
7727,2536,256,186
7728,1844,256,136
7729,1080,128,94
7730,984,128,96
7731,2200,256,169
7732,2820,256,212
7733,2252,256,177
7734,2192,256,167
7735,1892,256,140
7736,2144,256,163
7737,844,128,81
7738,1204,128,111
7739,2508,256,196
7740,1228,128,113
7741,2372,256,190
7742,1240,128,116
7743,1944,256,149
7744,2404,256,184
7745,1232,128,114
7746,240,32,38
7747,2136,256,165
7748,1164,128,108
7749,2700,256,208
7750,2236,256,173
7751,1168,128,110
7752,2520,256,185
7753,2436,256,190
7754,216,32,37
7755,2000,256,158
7756,2980,256,234
7757,1172,128,104
7758,1432,128,132
7759,1924,256,144
7760,1260,128,121
7761,1276,128,120
7762,912,128,84
7763,2016,256,154
7764,2104,256,157
7765,920,128,84
7766,2140,256,165
7767,1232,128,114
7768,556,64,68
7769,536,64,64
7770,1896,256,140
7771,380,64,47
7772,1148,128,105
7773,2388,256,184
7774,2116,256,170
7775,2248,256,175
7776,516,64,63
7777,492,64,58
7778,1168,128,110
7779,2232,256,176
7780,828,128,78
7781,2384,256,183
7782,208,32,34
7783,516,64,64
7784,2636,256,198
7785,1220,128,115
7786,2688,256,205
7787,508,64,61
7788,1224,128,112
7789,2348,256,184
7790,2696,256,208
7791,1156,128,107
7792,544,64,66
7793,516,64,63
7794,2424,256,188
7795,2240,256,173
7796,968,128,95
7797,1228,128,113
7798,2636,256,197
7799,1208,128,108
7800,2120,256,161
7801,2120,256,161
7802,928,128,87
7803,2052,256,160
7804,2208,256,170
7805,976,128,93
7806,1380,128,129
7807,2604,256,197
7808,1976,256,152
7809,1076,128,107
7810,1240,128,116
7811,2364,256,189
7812,992,128,98
7813,1240,128,116
7814,1932,256,145
7815,1232,128,115
7816,1988,256,155
7817,2052,256,158
7818,1948,256,150
7819,2240,256,174
7820,948,128,91
7821,1408,128,136
7822,2252,256,177
7823,2064,256,162
7824,2352,256,185
7825,1832,256,137
7826,1240,128,116
7827,1232,128,114
7828,2156,256,165
7829,2880,256,217
7830,1240,128,116
7831,1992,256,156
7832,2200,256,168
7833,896,128,83
7834,1160,128,108
7835,1236,128,115
7836,2096,256,154
7837,1132,128,105
7838,1308,128,120
7839,2068,256,158
7840,2192,256,167
7841,2680,256,205
7842,2220,256,170
7843,212,32,35
7844,2900,256,223
7845,2452,256,195
7846,380,64,46
7847,2864,256,218
7848,2244,256,174
7849,1244,128,117
7850,1224,128,112
7851,1212,128,113
7852,940,128,90
7853,2708,256,210
7854,2232,256,176
7855,2120,256,161
7856,1980,256,153
7857,1244,128,116
7858,2668,256,202
7859,204,32,34
7860,376,64,45
7861,872,128,84
7862,1224,128,112
7863,2628,256,203
7864,1076,128,106
7865,1244,128,117
7866,2236,256,173
7867,1060,128,103
7868,1188,128,108
7869,2072,256,155
7870,2196,256,168
7871,1084,128,99
7872,492,64,58
7873,1160,128,108
7874,932,128,88
7875,1232,128,118
7876,376,64,46
7877,1472,128,137
7878,1344,128,125
7879,2568,256,207
7880,1372,128,131
7881,1236,128,114
7882,1160,128,109
7883,2248,256,176
7884,2680,256,200
7885,2232,256,173
7886,2240,256,174
7887,2260,256,179
7888,2704,256,210
7889,832,128,79
7890,1268,128,123
7891,2456,256,192
7892,2884,256,223
7893,2448,256,189
7894,1980,256,153
7895,812,128,74
7896,824,128,77
7897,2268,256,179
7898,1508,128,139
7899,1908,256,144
7900,1896,256,140
7901,1260,128,121
7902,2864,256,218
7903,1240,128,116
7904,1988,256,154
7905,2116,256,161
7906,492,64,58
7907,1952,256,146
7908,2228,256,175
7909,2688,256,205
7910,1152,128,109
7911,2948,256,227
7912,1208,128,113
7913,1076,128,102
7914,1280,128,122
7915,1200,128,110
7916,1188,128,108
7917,2188,256,173
7918,200,32,33
7919,2516,256,181
7920,1228,128,113
7921,2836,256,211
7922,512,64,62
7923,992,128,98
7924,2412,256,188
7925,1160,128,107
7926,2144,256,166
7927,1224,128,116
7928,2672,256,202
7929,1132,128,106
7930,1252,128,119
7931,200,32,33
7932,1172,128,110
7933,2652,256,201
7934,1212,128,114
7935,1144,128,108
7936,1228,128,117
7937,2112,256,158
7938,2604,256,196
7939,2568,256,192
7940,1224,128,112
7941,2100,256,159
7942,1232,128,114
7943,1872,256,143
7944,484,64,56
7945,1196,128,109
7946,2904,256,227
7947,2188,256,166
7948,2224,256,174
7949,1116,128,102
7950,2264,256,176
7951,2500,256,180
7952,516,64,63
7953,1248,128,117
7954,2524,256,186
7955,2240,256,173
7956,1236,128,115
7957,1196,128,109
7958,2076,256,155
7959,2024,256,157
7960,2204,256,170
7961,524,64,62
7962,916,128,84
7963,1416,128,138
7964,996,128,99
7965,2848,256,225
7966,2244,256,178
7967,1948,256,150
7968,2116,256,159
7969,2192,256,167
7970,2012,256,154
7971,2720,256,209
7972,2188,256,167
7973,1188,128,115
7974,2516,256,205
7975,2208,256,167
7976,1516,128,140
7977,1144,128,105
7978,1280,128,121
7979,1216,128,111
7980,2900,256,227
7981,2716,256,212
7982,1812,256,133
7983,2984,256,231
7984,2652,256,198
7985,2312,256,187
7986,2628,256,195
7987,952,128,92
7988,1368,128,120
7989,764,128,68
7990,2224,256,174
7991,1364,128,130
7992,2148,256,163
7993,1988,256,154
7994,1252,128,118
7995,2228,256,171
7996,1064,128,104
7997,956,128,93
7998,1200,128,111
7999,1240,128,116
8000,1136,128,106
8001,1800,256,129
8002,2136,256,165
8003,2120,256,160
8004,1244,128,116
8005,2776,256,215
8006,2148,256,167
8007,560,64,69
8008,892,128,82
8009,936,128,88
8010,1352,128,127
8011,2264,256,175
8012,2284,256,180
8013,1380,128,133
8014,1204,128,111
8015,2800,256,206
8016,2248,256,177
8017,2528,256,183
8018,1216,128,114
8019,1092,128,95
8020,1260,128,121
8021,2428,256,189
8022,1932,256,146
8023,1368,128,131
8024,2248,256,176
8025,1940,256,144
8026,2144,256,166
8027,1236,128,116
8028,1240,128,116
8029,1228,128,113
8030,2928,256,222
8031,2524,256,196
8032,2216,256,172
8033,552,64,68
8034,1172,128,111
8035,2228,256,171
8036,940,128,90
8037,392,64,49
8038,2292,256,176
8039,500,64,59
8040,1248,128,118
8041,2248,256,175
8042,2276,256,179
8043,2116,256,160
8044,1152,128,109
8045,2416,256,186
8046,2068,256,163
8047,1008,128,101
8048,2260,256,178
8049,1064,128,104
8050,2252,256,177
8051,2244,256,175
8052,2768,256,214
8053,1900,256,142
8054,2432,256,190
8055,1248,128,117
8056,2204,256,169
8057,2164,256,167
8058,2580,256,191
8059,1228,128,114
8060,2128,256,162
8061,1236,128,115
8062,2588,256,186
8063,916,128,87
8064,544,64,66
8065,2664,256,199
8066,940,128,89
8067,1176,128,112
8068,1204,128,111
8069,1240,128,116
8070,1188,128,114
8071,1832,256,137
8072,2240,256,173
8073,2164,256,167
8074,1104,128,98
8075,2212,256,171
8076,2672,256,202
8077,1988,256,155
8078,968,128,95
8079,960,128,90
8080,1212,128,113
8081,556,64,69
8082,2616,256,200
8083,1936,256,146
8084,1940,256,148
8085,1936,256,147
8086,2020,256,151
8087,2252,256,173
8088,2144,256,166
8089,2916,256,219
8090,1260,128,120
8091,392,64,49
8092,2960,256,225
8093,504,64,60
8094,2180,256,171
8095,1244,128,117
8096,2236,256,173
8097,2104,256,156
8098,2644,256,202
8099,2676,256,203
8100,1380,128,124
8101,1212,128,114
8102,964,128,91
8103,1236,128,115
8104,328,64,39
8105,1228,128,113
8106,1244,128,116
8107,2260,256,178
8108,204,32,34
8109,2144,256,166
8110,2240,256,174
8111,2864,256,218
8112,2628,256,203
8113,2192,256,167
8114,2280,256,179
8115,1960,256,152
8116,2996,256,234
8117,948,128,92
8118,516,64,63
8119,1216,128,111
8120,2560,256,192
8121,2732,256,206
8122,2116,256,160
8123,2428,256,185
8124,1372,128,132
8125,2132,256,160
8126,2220,256,173
8127,560,64,65
8128,2744,256,208
8129,1152,128,106
8130,2276,256,178
8131,1348,128,126
8132,1948,256,149
8133,2688,256,206
8134,2424,256,189
8135,1252,128,119
8136,2820,256,211
8137,908,128,86
8138,1924,256,144
8139,1240,128,116
8140,2272,256,181
8141,476,64,58
8142,1392,128,136
8143,1228,128,114
8144,1820,256,135
8145,2684,256,205
8146,2272,256,182
8147,2396,256,184
8148,496,64,58
8149,1236,128,116
8150,2232,256,172
8151,2324,256,183
8152,1244,128,118
8153,2476,256,196
8154,1292,128,124
8155,936,128,89
8156,1232,128,114
8157,2684,256,205
8158,1224,128,116
8159,532,64,66
8160,1060,128,103
8161,1216,128,114
8162,972,128,93
8163,1180,128,106
8164,1924,256,147
8165,2980,256,235
8166,1892,256,147
8167,2240,256,178
8168,1232,128,114
8169,1948,256,149
8170,1828,256,136
8171,1216,128,111
8172,1292,128,124
8173,2980,256,229
8174,952,128,89
8175,2996,256,234
8176,2784,256,214
8177,2880,256,221
8178,1816,256,133
8179,1272,128,123
8180,2424,256,188
8181,204,32,34
8182,2120,256,161
8183,1272,128,123
8184,2796,256,207
8185,464,64,55
8186,976,128,94
8187,2084,256,157
8188,2516,256,184
8189,1044,128,100
8190,2552,256,189
8191,1128,128,104
8192,2492,256,193
8193,1960,256,148
8194,944,128,90
8195,2636,256,197
8196,1200,128,117
8197,984,128,96
8198,1044,128,99
8199,1332,128,126
8200,516,64,63
8201,1892,256,140
8202,2384,256,193
8203,1360,128,130
8204,2432,256,190
8205,1228,128,113
8206,2552,256,188
8207,2224,256,169
8208,948,128,92
8209,2444,256,192
8210,1228,128,113
8211,380,64,47
8212,1260,128,120
8213,2120,256,161
8214,1512,128,140
8215,1232,128,118
8216,2020,256,151
8217,1236,128,114
8218,2616,256,200
8219,924,128,86
8220,2680,256,203
8221,1192,128,109
8222,2900,256,226
8223,1256,128,119
8224,956,128,89
8225,1864,256,141
8226,1964,256,153
8227,1256,128,119
8228,1824,256,135
8229,2184,256,165
8230,1264,128,117
8231,1240,128,115
8232,2384,256,183
8233,2632,256,197
8234,1964,256,153
8235,1948,256,150
8236,1220,128,115
8237,1952,256,150
8238,980,128,94
8239,2828,256,213
8240,2264,256,179
8241,1120,128,103
8242,1948,256,149
8243,2680,256,203
8244,2680,256,204
8245,2652,256,202
8246,2272,256,178
8247,1156,128,106
8248,2672,256,202
8249,1248,128,118
8250,492,64,58
8251,1236,128,115
8252,1208,128,112
8253,1236,128,115
8254,184,32,30
8255,2868,256,219
8256,2644,256,207
8257,200,32,33
8258,2244,256,176
8259,2276,256,178
8260,2204,256,170
8261,2112,256,158
8262,2028,256,158
8263,2404,256,183
8264,1116,128,102
8265,2796,256,217
8266,1512,128,139
8267,1128,128,104
8268,1140,128,107
8269,1276,128,120
8270,2400,256,186
8271,2232,256,172
8272,2140,256,165
8273,2112,256,158
8274,776,128,71
8275,1116,128,102
8276,952,128,92
8277,1256,128,119
8278,944,128,90
8279,1228,128,114
8280,932,128,88
8281,2232,256,176
8282,832,128,79
8283,540,64,64
8284,2396,256,191
8285,2052,256,159
8286,1932,256,146
8287,2880,256,221
8288,2596,256,195
8289,2572,256,194
8290,1216,128,111
8291,1212,128,113
8292,2372,256,190
8293,1252,128,114
8294,2676,256,203
8295,1224,128,112
8296,2260,256,178
8297,2076,256,155
8298,1168,128,109
8299,2136,256,165
8300,2704,256,210
8301,504,64,60
8302,500,64,59
8303,2984,256,231
8304,536,64,64
8305,940,128,89
8306,2000,256,158
8307,1928,256,146
8308,2684,256,206
8309,1972,256,155
8310,1212,128,113
8311,1252,128,119
8312,2068,256,163
8313,1268,128,122
8314,2900,256,222
8315,2860,256,217
8316,2260,256,178
8317,2668,256,202
8318,2880,256,221
8319,1244,128,116
8320,1108,128,100
8321,2692,256,206
8322,1196,128,110
8323,2244,256,175
8324,1228,128,114
8325,2008,256,153
8326,700,64,78
8327,2524,256,186
8328,960,128,94
8329,1248,128,118
8330,2388,256,194
8331,2528,256,183
8332,2528,256,197
8333,1228,128,114
8334,2244,256,176
8335,2140,256,165
8336,1856,256,143
8337,1836,256,138
8338,1904,256,142
8339,2408,256,194
8340,3028,256,237
8341,2336,256,181
8342,2676,256,203
8343,1172,128,111
8344,1176,128,112
8345,2296,256,183
8346,2244,256,175
8347,2252,256,178
8348,1896,256,141
8349,2240,256,174
8350,960,128,94
8351,1956,256,151
8352,1208,128,112
8353,1124,128,104
8354,924,128,86
8355,2672,256,202
8356,1172,128,104
8357,1196,128,109
8358,940,128,89
8359,1240,128,116
8360,1216,128,114
8361,1056,128,102
8362,1404,128,135
8363,1996,256,157
8364,2032,256,155
8365,2368,256,189
8366,952,128,91
8367,1356,128,129
8368,2852,256,219
8369,2592,256,194
8370,2220,256,169
8371,924,128,85
8372,1124,128,102
8373,2360,256,187
8374,1956,256,146
8375,2128,256,162
8376,532,64,63
8377,2252,256,177
8378,1936,256,147
8379,2552,256,189
8380,1992,256,156
8381,2216,256,173
8382,1336,128,124
8383,1344,128,125
8384,1828,256,136
8385,1424,128,130
8386,1284,128,122
8387,2600,256,195
8388,968,128,91
8389,1224,128,112
8390,1276,128,124
8391,2624,256,195
8392,3296,256,246
8393,1244,128,117
8394,2256,256,178
8395,1260,128,120
8396,2248,256,175
8397,1264,128,122
8398,2824,256,212
8399,2896,256,222
8400,2140,256,165
8401,1236,128,114
8402,332,64,40
8403,1228,128,113
8404,1184,128,114
8405,1200,128,111
8406,500,64,60
8407,192,32,32
8408,1156,128,107
8409,2236,256,173
8410,1224,128,116
8411,1280,128,121
8412,2264,256,180
8413,1336,128,128
8414,2908,256,224
8415,1100,128,98
8416,2832,256,214
8417,2424,256,189
8418,480,64,59
8419,2152,256,164
8420,2172,256,169
8421,932,128,87
8422,1192,128,109
8423,1232,128,114
8424,2284,256,180
8425,2484,256,199
8426,2076,256,151
8427,2688,256,206
8428,2056,256,159
8429,2876,256,221
8430,968,128,92
8431,2696,256,207
8432,2096,256,159
8433,2548,256,187
8434,2860,256,216
8435,2396,256,185
8436,2612,256,198
8437,2672,256,206
8438,2712,256,211
8439,2772,256,214
8440,3220,256,254
8441,1256,128,119
8442,2860,256,217
8443,932,128,87
8444,2664,256,201
8445,2228,256,171
8446,456,64,53
8447,2252,256,176
8448,2156,256,165
8449,500,64,60
8450,2116,256,160
8451,2252,256,177
8452,1956,256,151
8453,1196,128,110
8454,2388,256,180
8455,516,64,63
8456,1196,128,110
8457,2680,256,203
8458,2180,256,171
8459,1360,128,129
8460,2120,256,161
8461,2928,256,229
8462,2268,256,181
8463,1244,128,116
8464,2412,256,195
8465,1216,128,114
8466,2268,256,180
8467,1120,128,103
8468,2560,256,205
8469,1152,128,106
8470,1268,128,122
8471,1276,128,119
8472,1244,128,116
8473,2128,256,163
8474,2280,256,179
8475,1232,128,114
8476,1896,256,141
8477,1968,256,154
8478,1252,128,119
8479,1936,256,148
8480,2184,256,171
8481,1848,256,136
8482,2656,256,198
8483,2668,256,200
8484,2380,256,191
8485,2212,256,171
8486,1168,128,110
8487,920,128,88
8488,1232,128,115
8489,2276,256,178
8490,1916,256,145
8491,2368,256,190
8492,1172,128,110
8493,944,128,87
8494,1172,128,111
8495,2724,256,203
8496,2232,256,173
8497,904,128,85
8498,1224,128,113
8499,544,64,65
8500,2708,256,210
8501,2700,256,209
8502,540,64,64
8503,1956,256,152
8504,1856,256,139
8505,1928,256,145
8506,2404,256,187
8507,2216,256,172
8508,2204,256,169
8509,1416,128,132
8510,1100,128,102
8511,1980,256,152
8512,2084,256,156
8513,2276,256,178
8514,2692,256,207
8515,1164,128,110
8516,1240,128,116
8517,888,128,81
8518,2840,256,217
8519,2700,256,209
8520,1916,256,142
8521,2124,256,161
8522,1204,128,110
8523,964,128,92
8524,496,64,59
8525,2916,256,226
8526,1940,256,148
8527,2128,256,163
8528,1316,128,123
8529,1364,128,130
8530,2560,256,191
8531,2156,256,165
8532,2620,256,201
8533,1144,128,108
8534,1228,128,113
8535,868,128,83
8536,1232,128,114
8537,1228,128,117
8538,1364,128,129
8539,1220,128,115
8540,1224,128,116
8541,1164,128,108
8542,992,128,97
8543,2672,256,202
8544,2084,256,162
8545,900,128,84
8546,1124,128,103
8547,524,64,65
8548,2504,256,195
8549,1464,128,135
8550,980,128,95
8551,932,128,88
8552,2292,256,182
8553,2656,256,198
8554,1152,128,106
8555,1940,256,148
8556,1080,128,97
8557,1260,128,121
8558,1936,256,147
8559,1064,128,104
8560,1924,256,144
8561,2228,256,172
8562,2648,256,201
8563,2212,256,168
8564,1264,128,117
8565,2172,256,169
8566,2408,256,188
8567,1948,256,149
8568,2400,256,185
8569,440,64,50
8570,2176,256,170
8571,1284,128,122
8572,936,128,88
8573,984,128,96
8574,2576,256,190
8575,1112,128,101
8576,2676,256,203
8577,1132,128,105
8578,948,128,91
8579,1248,128,118
8580,1248,128,117
8581,916,128,84
8582,2244,256,175
8583,1928,256,149
8584,1408,128,136
8585,2460,256,193
8586,1248,128,118
8587,1144,128,108
8588,2840,256,216
8589,1044,128,99
8590,1240,128,115
8591,1356,128,127
8592,2004,256,158
8593,992,128,97
8594,820,128,76
8595,840,128,81
8596,2180,256,171
8597,1424,128,131
8598,2584,256,196
8599,1244,128,117
8600,1260,128,120
8601,2256,256,177
8602,2840,256,216
8603,520,64,64
8604,2116,256,160
8605,2288,256,181
8606,996,128,98
8607,932,128,87
8608,964,128,91
8609,2076,256,155
8610,2244,256,175
8611,2544,256,187
8612,1048,128,100
8613,2184,256,165
8614,1244,128,116
8615,2352,256,189
8616,1128,128,103
8617,2204,256,172
8618,524,64,65
8619,2732,256,212
8620,2728,256,210
8621,2204,256,169
8622,2512,256,183
8623,2556,256,190
8624,1236,128,115
8625,1312,128,122
8626,508,64,62
8627,1264,128,121
8628,3052,256,243
8629,596,64,68
8630,2384,256,183
8631,2576,256,191
8632,1964,256,153
8633,2280,256,183
8634,2588,256,197
8635,1356,128,129
8636,2640,256,198
8637,2276,256,178
8638,2144,256,166
8639,2148,256,163
8640,212,32,35
8641,2444,256,192
8642,2220,256,172
8643,1236,128,115
8644,2456,256,195
8645,1852,256,137
8646,2252,256,172
8647,2204,256,170
8648,2232,256,173
8649,1172,128,111
8650,1188,128,107
8651,2532,256,185
8652,196,32,32
8653,2168,256,167
8654,1928,256,145
8655,1256,128,120
8656,1960,256,152
8657,1900,256,138
8658,1292,128,124
8659,2176,256,170
8660,2248,256,176
8661,916,128,88
8662,2312,256,187
8663,2280,256,179
8664,1148,128,105
8665,2232,256,176
8666,2224,256,171
8667,1252,128,118
8668,1220,128,115
8669,2972,256,228
8670,2828,256,214
8671,1920,256,143
8672,2132,256,163
8673,1224,128,112
8674,2516,256,185
8675,952,128,92
8676,1796,256,132
8677,1224,128,112
8678,1800,256,134
8679,2252,256,177
8680,1224,128,113
8681,1984,256,153
8682,1252,128,119
8683,1860,256,139
8684,1196,128,109
8685,2576,256,194
8686,2992,256,233
8687,2672,256,201
8688,2236,256,173
8689,1988,256,154
8690,2708,256,210
8691,2304,256,179
8692,2592,256,198
8693,2740,256,210
8694,1440,128,133
8695,1012,128,95
8696,2584,256,192
8697,2200,256,172
8698,1364,128,130
8699,836,128,80
8700,1356,128,128
8701,992,128,98
8702,2080,256,151
8703,2712,256,211
8704,1988,256,154
8705,1232,128,114
8706,2104,256,157
8707,2280,256,178
8708,1308,128,121
8709,1964,256,149
8710,2164,256,167
8711,2276,256,182
8712,1120,128,102
8713,2408,256,185
8714,2076,256,154
8715,924,128,86
8716,2428,256,189
8717,960,128,94
8718,1316,128,123
8719,536,64,64
8720,980,128,95
8721,2656,256,198
8722,1160,128,108
8723,2120,256,161
8724,2960,256,226
8725,1980,256,153
8726,1136,128,106
8727,2184,256,172
8728,840,128,81
8729,1244,128,117
8730,2196,256,167
8731,1836,256,139
8732,1212,128,113
8733,1848,256,141
8734,2664,256,200
8735,2792,256,216
8736,2260,256,179
8737,2136,256,164
8738,540,64,64
8739,1876,256,136
8740,196,32,33
8741,1184,128,114
8742,1964,256,150
8743,2264,256,180
8744,1960,256,152
8745,2244,256,175
8746,2036,256,160
8747,1208,128,113
8748,2060,256,151
8749,2260,256,178
8750,2688,256,206
8751,1368,128,121
8752,2212,256,167
8753,1952,256,146
8754,1224,128,112
8755,984,128,96
8756,2944,256,226
8757,964,128,91
8758,992,128,97
8759,508,64,61
8760,2552,256,188
8761,2236,256,173
8762,1208,128,112
8763,2852,256,214
8764,892,128,83
8765,2220,256,173
8766,1912,256,144
8767,2204,256,170
8768,2144,256,166
8769,1236,128,115
8770,512,64,62
8771,1236,128,115
8772,1228,128,113
8773,1900,256,138
8774,2424,256,188
8775,552,64,68
8776,1168,128,110
8777,2524,256,187
8778,1196,128,115
8779,2384,256,193
8780,2084,256,156
8781,2604,256,197
8782,2212,256,171
8783,1264,128,121
8784,2144,256,167
8785,2244,256,175
8786,2552,256,188
8787,2228,256,171
8788,1876,256,143
8789,2404,256,193
8790,1236,128,115
8791,2160,256,170
8792,2220,256,170
8793,1244,128,116
8794,1144,128,104
8795,1224,128,112
8796,1120,128,102
8797,1004,128,100
8798,924,128,86
8799,2172,256,172
8800,1176,128,112
8801,1248,128,118
8802,2060,256,160
8803,1256,128,116
8804,2120,256,160
8805,2236,256,173
8806,1116,128,105
8807,1968,256,150
8808,228,32,39
8809,2932,256,223
8810,1268,128,122
8811,1328,128,126
8812,2248,256,176
8813,2624,256,195
8814,536,64,64
8815,2240,256,174
8816,2672,256,203
8817,2664,256,200
8818,616,64,63
8819,1260,128,120
8820,2216,256,168
8821,1300,128,125
8822,2132,256,163
8823,936,128,88
8824,2944,256,226
8825,1240,128,111
8826,936,128,87
8827,2276,256,183
8828,968,128,92
8829,2244,256,180
8830,1368,128,130
8831,2240,256,174
8832,1060,128,102
8833,1184,128,107
8834,980,128,95
8835,1992,256,156
8836,2604,256,190
8837,1232,128,114
8838,2276,256,178
8839,984,128,96
8840,1112,128,101
8841,488,64,58
8842,1092,128,100
8843,1268,128,122
8844,1112,128,101
8845,2128,256,163
8846,984,128,95
8847,2572,256,193
8848,1124,128,104
8849,2684,256,204
8850,2148,256,163
8851,2136,256,165
8852,1216,128,110
8853,2228,256,171
8854,2272,256,181
8855,1984,256,153
8856,2684,256,201
8857,940,128,90
8858,976,128,93
8859,1192,128,108
8860,1944,256,148
8861,1976,256,151
8862,1240,128,116
8863,376,64,46
8864,1876,256,144
8865,1124,128,104
8866,2588,256,197
8867,1252,128,119
8868,180,32,29
8869,184,32,30
8870,2252,256,177
8871,952,128,92
8872,1224,128,115
8873,2332,256,181
8874,1876,256,147
8875,2536,256,190
8876,1244,128,117
8877,1216,128,114
8878,2296,256,183
8879,1260,128,120
8880,1836,256,137
8881,2652,256,197
8882,2672,256,203
8883,2240,256,174
8884,932,128,88
8885,1904,256,144
8886,2580,256,195
8887,148,32,26
8888,2680,256,203
8889,1224,128,112
8890,2124,256,161
8891,2168,256,172
8892,2128,256,163
8893,2668,256,202
8894,2224,256,174
8895,1204,128,112
8896,1272,128,120
8897,2864,256,217
8898,1232,128,114
8899,1260,128,120
8900,2404,256,187
8901,548,64,67
8902,832,128,79
8903,956,128,93
8904,560,64,69
8905,2164,256,167
8906,2364,256,189
8907,1248,128,118
8908,1880,256,137
8909,2600,256,197
8910,1144,128,104
8911,2036,256,159
8912,1232,128,114
8913,2884,256,223
8914,1260,128,120
8915,1360,128,129
8916,2120,256,161
8917,1240,128,116
8918,2232,256,172
8919,2408,256,183
8920,1288,128,123
8921,2580,256,191
8922,2880,256,222
8923,2684,256,204
8924,2644,256,199
8925,196,32,32
8926,1356,128,128
8927,940,128,90
8928,2224,256,170
8929,2872,256,220
8930,2224,256,170
8931,912,128,87
8932,1816,256,134
8933,1236,128,115
8934,2280,256,179
8935,2868,256,219
8936,2884,256,222
8937,948,128,91
8938,2204,256,166
8939,1208,128,112
8940,1236,128,116
8941,2024,256,159
8942,2104,256,157
8943,2260,256,179
8944,1088,128,98
8945,1224,128,116
8946,2028,256,157
8947,2140,256,165
8948,504,64,60
8949,1228,128,113
8950,2564,256,206
8951,1776,256,127
8952,2212,256,167
8953,2380,256,192
8954,2292,256,182
8955,1988,256,155
8956,1224,128,116
8957,1176,128,105
8958,2736,256,213
8959,2092,256,158
8960,1764,256,126
8961,2220,256,173
8962,1112,128,101
8963,2884,256,219
8964,1912,256,145
8965,1248,128,117
8966,2232,256,172
8967,2164,256,167
8968,2236,256,173
8969,1240,128,117
8970,1240,128,116
8971,2240,256,174
8972,1256,128,119
8973,2248,256,176
8974,2224,256,174
8975,1856,256,139
8976,2232,256,176
8977,2248,256,176
8978,2396,256,186
8979,416,64,51
8980,2368,256,188
8981,960,128,94
8982,1268,128,122
8983,2220,256,169
8984,1368,128,131
8985,1020,128,100
8986,1244,128,117
8987,2680,256,204
8988,1356,128,128
8989,1176,128,111
8990,1484,128,140
8991,2572,256,193
8992,1240,128,116
8993,1312,128,122
8994,2144,256,165
8995,2052,256,158
8996,2068,256,163
8997,2244,256,175
8998,2060,256,161
8999,2368,256,189
9000,1932,256,146
9001,2236,256,173
9002,2112,256,159
9003,2160,256,166
9004,1164,128,108
9005,2852,256,219
9006,2168,256,168
9007,1212,128,113
9008,2268,256,176
9009,2232,256,172
9010,2228,256,175
9011,1128,128,104
9012,1184,128,113
9013,488,64,57
9014,1256,128,119
9015,2548,256,202
9016,2680,256,203
9017,492,64,58
9018,1164,128,110
9019,2952,256,227
9020,1992,256,156
9021,2568,256,193
9022,976,128,95
9023,956,128,92
9024,2204,256,169
9025,2120,256,160
9026,1808,256,135
9027,2632,256,196
9028,2008,256,152
9029,1316,128,124
9030,1252,128,118
9031,1100,128,102
9032,2516,256,184
9033,1164,128,109
9034,200,32,32
9035,1276,128,124
9036,2232,256,172
9037,1452,128,137
9038,1240,128,116
9039,1124,128,102
9040,1900,256,142
9041,556,64,68
9042,2304,256,185
9043,1260,128,121
9044,1960,256,148
9045,1220,128,111
9046,2860,256,216
9047,1248,128,117
9048,2816,256,211
9049,2648,256,200
9050,1240,128,116
9051,2236,256,173
9052,2164,256,167
9053,976,128,94
9054,488,64,57
9055,2264,256,176
9056,2492,256,200
9057,1248,128,118
9058,1960,256,153
9059,2224,256,171
9060,2184,256,172
9061,512,64,63
9062,500,64,60
9063,1236,128,115
9064,2212,256,168
9065,2528,256,187
9066,2164,256,166
9067,2604,256,197
9068,1132,128,105
9069,200,32,33
9070,2640,256,198
9071,1192,128,115
9072,384,64,47
9073,2220,256,173
9074,2256,256,177
9075,1236,128,115
9076,1212,128,113
9077,2596,256,195
9078,2932,256,230
9079,908,128,86
9080,1360,128,130
9081,2380,256,192
9082,2264,256,180
9083,1256,128,120
9084,2412,256,190
9085,496,64,59
9086,1228,128,113
9087,2300,256,184
9088,2568,256,192
9089,1208,128,112
9090,492,64,61
9091,988,128,97
9092,2060,256,161
9093,2280,256,184
9094,1500,128,140
9095,468,64,56
9096,2204,256,170
9097,2956,256,229
9098,2408,256,194
9099,924,128,85
9100,2944,256,225
9101,2460,256,193
9102,1880,256,137
9103,1864,256,141
9104,2380,256,182
9105,2260,256,175
9106,1956,256,152
9107,1212,128,113
9108,2276,256,178
9109,1292,128,124
9110,1168,128,110
9111,2696,256,208
9112,2256,256,178
9113,1228,128,117
9114,940,128,89
9115,1196,128,116
9116,2328,256,183
9117,2188,256,167
9118,1932,256,146
9119,2844,256,213
9120,540,64,65
9121,1160,128,108
9122,2404,256,188
9123,2252,256,177
9124,2248,256,175
9125,2268,256,180
9126,2700,256,209
9127,1232,128,114
9128,1956,256,151
9129,820,128,76
9130,2840,256,217
9131,2228,256,172
9132,1244,128,117
9133,1944,256,149
9134,1380,128,124
9135,2068,256,162
9136,1060,128,103
9137,1216,128,114
9138,2352,256,181
9139,2680,256,204
9140,2876,256,221
9141,2244,256,175
9142,1968,256,150
9143,952,128,93
9144,1200,128,110
9145,2952,256,223
9146,1816,256,134
9147,2796,256,205
9148,1204,128,111
9149,2636,256,198
9150,2680,256,204
9151,1408,128,136
9152,1248,128,118
9153,2276,256,182
9154,1992,256,156
9155,2164,256,167
9156,2564,256,192
9157,984,128,95
9158,1136,128,106
9159,976,128,94
9160,500,64,60
9161,2192,256,167
9162,976,128,94
9163,2244,256,175
9164,2180,256,171
9165,460,64,54
9166,2796,256,206
9167,2476,256,196
9168,552,64,67
9169,860,128,81
9170,504,64,61
9171,1404,128,125
9172,772,128,70
9173,1248,128,117
9174,2700,256,208
9175,936,128,88
9176,2344,256,188
9177,928,128,87
9178,1964,256,149
9179,1964,256,152
9180,2252,256,176
9181,2968,256,228
9182,3004,256,236
9183,1356,128,129
9184,1260,128,121
9185,1896,256,141
9186,1264,128,121
9187,2240,256,174
9188,2276,256,178
9189,2656,256,198
9190,1976,256,156
9191,1312,128,122
9192,2728,256,211
9193,1984,256,150
9194,2136,256,164
9195,2020,256,155
9196,2656,256,198
9197,1968,256,154
9198,2104,256,158
9199,2064,256,152
9200,2688,256,206
9201,2540,256,190
9202,2132,256,163
9203,1348,128,127
9204,2932,256,223
9205,1228,128,113
9206,1240,128,116
9207,2672,256,201
9208,2844,256,217
9209,2812,256,221
9210,2156,256,165
9211,2436,256,191
9212,1232,128,114
9213,864,128,83
9214,2688,256,201
9215,1236,128,116
9216,1248,128,117
9217,2620,256,200
9218,448,64,52
9219,2556,256,190
9220,1356,128,129
9221,2532,256,189
9222,2260,256,179
9223,2512,256,198
9224,2264,256,180
9225,2208,256,170
9226,2088,256,167
9227,2968,256,228
9228,1264,128,117
9229,2208,256,177
9230,1092,128,100
9231,520,64,63
9232,1052,128,101
9233,2256,256,178
9234,2540,256,190
9235,1984,256,154
9236,384,64,47
9237,1840,256,138
9238,2280,256,179
9239,2092,256,157
9240,1972,256,150
9241,2100,256,160
9242,2244,256,175
9243,1052,128,101
9244,1112,128,101
9245,1872,256,143
9246,2228,256,171
9247,2304,256,184
9248,1276,128,124
9249,1836,256,134
9250,1236,128,115
9251,948,128,91
9252,1392,128,126
9253,2164,256,168
9254,2236,256,173
9255,2832,256,214
9256,2660,256,202
9257,1248,128,118
9258,964,128,94
9259,2000,256,157
9260,556,64,68
9261,1112,128,104
9262,536,64,64
9263,1860,256,140
9264,468,64,56
9265,2444,256,193
9266,2248,256,175
9267,2680,256,204
9268,1232,128,114
9269,1216,128,111
9270,1232,128,114
9271,2392,256,190
9272,1244,128,117
9273,2380,256,187
9274,2340,256,183
9275,2188,256,172
9276,2180,256,164
9277,2680,256,204
9278,2092,256,154
9279,1236,128,115
9280,2948,256,226
9281,436,64,55
9282,480,64,59
9283,2528,256,187
9284,504,64,60
9285,2212,256,171
9286,1236,128,111
9287,2288,256,180
9288,2116,256,160
9289,2172,256,168
9290,2240,256,174
9291,1260,128,120
9292,1896,256,137
9293,2576,256,194
9294,1168,128,110
9295,1208,128,112
9296,608,64,70
9297,2068,256,162
9298,480,64,55
9299,2512,256,184
9300,1988,256,155
9301,1176,128,111
9302,1156,128,107
9303,2248,256,176
9304,2852,256,219
9305,2760,256,208
9306,2712,256,212
9307,3068,256,240
9308,2692,256,206
9309,2988,256,232
9310,1168,128,110
9311,1264,128,122
9312,2132,256,163
9313,1276,128,124
9314,936,128,88
9315,2860,256,216
9316,2868,256,219
9317,476,64,55
9318,1920,256,144
9319,1244,128,117
9320,2612,256,199
9321,496,64,59
9322,2820,256,211
9323,1068,128,94
9324,2660,256,204
9325,2816,256,210
9326,1172,128,111
9327,520,64,64
9328,2808,256,209
9329,2680,256,203
9330,944,128,90
9331,2048,256,158
9332,2184,256,166
9333,1984,256,154
9334,1828,256,136
9335,2224,256,170
9336,2232,256,172
9337,2416,256,190
9338,516,64,64
9339,2020,256,156
9340,1116,128,102
9341,2684,256,204
9342,2244,256,174
9343,2892,256,221
9344,2184,256,164
9345,2248,256,176
9346,1980,256,153
9347,2268,256,181
9348,1992,256,155
9349,1232,128,114
9350,2668,256,205
9351,2276,256,178
9352,1768,256,127
9353,2276,256,183
9354,1892,256,140
9355,1244,128,117
9356,2968,256,228
9357,2368,256,189
9358,2684,256,205
9359,1416,128,128
9360,2576,256,190
9361,2952,256,227
9362,1244,128,117
9363,944,128,90
9364,832,128,78
9365,824,128,77
9366,2188,256,166
9367,540,64,64
9368,896,128,83
9369,1876,256,143
9370,1228,128,112
9371,2564,256,192
9372,944,128,90
9373,2080,256,156
9374,2692,256,210
9375,2680,256,204
9376,2692,256,202
9377,2240,256,174
9378,1252,128,119
9379,504,64,61
9380,2564,256,192
9381,2248,256,176
9382,2724,256,214
9383,1964,256,149
9384,908,128,86
9385,2316,256,181
9386,1280,128,122
9387,1248,128,118
9388,1868,256,142
9389,1240,128,115
9390,2668,256,201
9391,2188,256,167
9392,1952,256,150
9393,1412,128,131
9394,2504,256,196
9395,1256,128,119
9396,2140,256,165
9397,2316,256,188
9398,1240,128,116
9399,2612,256,199
9400,2724,256,204
9401,1252,128,118
9402,536,64,64
9403,2640,256,202
9404,2264,256,179
9405,2872,256,220
9406,1292,128,124
9407,3008,256,236
9408,1052,128,101
9409,2620,256,201
9410,1912,256,144
9411,952,128,91
9412,776,128,71
9413,2320,256,182
9414,2220,256,174
9415,2240,256,173
9416,2304,256,185
9417,2292,256,182
9418,2616,256,192
9419,544,64,66
9420,1032,128,97
9421,2964,256,230
9422,2616,256,200
9423,1948,256,150
9424,1080,128,97
9425,1200,128,110
9426,976,128,94
9427,512,64,62
9428,2112,256,159
9429,2676,256,207
9430,1216,128,111
9431,1964,256,149
9432,2996,256,234
9433,2276,256,179
9434,1212,128,109
9435,944,128,90
9436,2580,256,195
9437,888,128,81
9438,628,64,74
9439,2188,256,172
9440,1888,256,136
9441,200,32,33
9442,2532,256,188
9443,1240,128,116
9444,2216,256,168
9445,932,128,88
9446,2808,256,210
9447,2588,256,194
9448,1284,128,122
9449,960,128,90
9450,1100,128,99
9451,1948,256,149
9452,2204,256,166
9453,1944,256,148
9454,1228,128,113
9455,2408,256,185
9456,1528,128,143
9457,2240,256,178
9458,2228,256,170
9459,2292,256,181
9460,2876,256,220
9461,2716,256,213
9462,2828,256,214
9463,832,128,78
9464,2864,256,221
9465,1256,128,116
9466,2240,256,174
9467,2552,256,189
9468,1200,128,111
9469,488,64,57
9470,2692,256,207
9471,2256,256,178
9472,1992,256,155
9473,4928,512,318
9474,2116,256,159
9475,2692,256,207
9476,2292,256,182
9477,2616,256,199
9478,2936,256,223
9479,2368,256,189
9480,960,128,94
9481,3012,256,238
9482,1196,128,110
9483,2216,256,169
9484,2680,256,205
9485,1512,128,139
9486,948,128,90
9487,1956,256,151
9488,2636,256,197
9489,2596,256,195
9490,960,128,94
9491,2496,256,194
9492,1208,128,109
9493,2804,256,208
9494,2240,256,174
9495,2920,256,227
9496,1192,128,110
9497,2644,256,199
9498,964,128,94
9499,2232,256,172
9500,2252,256,177
9501,2564,256,191
9502,2216,256,169
9503,504,64,60
9504,2692,256,206
9505,1224,128,112
9506,2248,256,175
9507,2668,256,205
9508,1276,128,124
9509,2268,256,180
9510,2112,256,163
9511,1208,128,112
9512,2568,256,192
9513,1252,128,118
9514,1204,128,108
9515,2260,256,178
9516,2424,256,198
9517,2188,256,172
9518,980,128,98
9519,2140,256,165
9520,2984,256,232
9521,2724,256,210
9522,2372,256,180
9523,1388,128,122
9524,2228,256,167
9525,2240,256,174
9526,2844,256,217
9527,1760,256,125
9528,2244,256,175
9529,960,128,94
9530,2284,256,180
9531,1268,128,123
9532,464,64,52
9533,2980,256,234
9534,2160,256,166
9535,1944,256,148
9536,2684,256,205
9537,2128,256,163
9538,2248,256,176
9539,2108,256,159
9540,2564,256,192
9541,2560,256,204
9542,1264,128,121
9543,944,128,90
9544,2236,256,173
9545,1224,128,112
9546,2260,256,179
9547,1960,256,152
9548,1232,128,114
9549,2484,256,199
9550,936,128,88
9551,1256,128,120
9552,2388,256,193
9553,2188,256,166
9554,192,32,31
9555,2756,256,211
9556,1944,256,148
9557,1300,128,126
9558,1360,128,129
9559,2944,256,225
9560,2348,256,183
9561,2892,256,224
9562,3024,256,236
9563,944,128,90
9564,2228,256,176
9565,2936,256,223
9566,1924,256,144
9567,1244,128,117
9568,2684,256,204
9569,2848,256,215
9570,2244,256,174
9571,2636,256,197
9572,1236,128,115
9573,2888,256,223
9574,536,64,65
9575,1216,128,110
9576,2680,256,204
9577,1360,128,129
9578,836,128,79
9579,2156,256,165
9580,2404,256,187
9581,952,128,92
9582,2196,256,168
9583,944,128,90
9584,1168,128,110
9585,1244,128,117
9586,1216,128,111
9587,2608,256,197
9588,2728,256,211
9589,2864,256,219
9590,1328,128,126
9591,2092,256,159
9592,1252,128,118
9593,1172,128,110
9594,2300,256,178
9595,2232,256,172
9596,2232,256,172
9597,2204,256,168
9598,1924,256,148
9599,932,128,88
9600,2116,256,160
9601,2212,256,171
9602,1268,128,122
9603,1256,128,119
9604,2968,256,227
9605,2168,256,168
9606,2360,256,187
9607,2848,256,218
9608,2832,256,213
9609,2236,256,173
9610,2836,256,216
9611,1224,128,112
9612,836,128,77
9613,2844,256,217
9614,536,64,65
9615,1128,128,105
9616,2640,256,198
9617,1320,128,124
9618,2152,256,168
9619,1988,256,154
9620,2232,256,172
9621,2280,256,184
9622,2252,256,177
9623,1248,128,118
9624,1196,128,109
9625,232,32,37
9626,2216,256,168
9627,2868,256,219
9628,2680,256,204
9629,2412,256,189
9630,500,64,59
9631,3040,256,240
9632,2716,256,208
9633,1224,128,116
9634,2436,256,191
9635,528,64,63
9636,2236,256,174
9637,1224,128,112
9638,2696,256,208
9639,1928,256,145
9640,2720,256,209
9641,2416,256,186
9642,2016,256,154
9643,1272,128,122
9644,2164,256,167
9645,2300,256,184
9646,2704,256,210
9647,936,128,88
9648,1964,256,149
9649,892,128,82
9650,2264,256,179
9651,1904,256,140
9652,2908,256,224
9653,2248,256,176
9654,2364,256,188
9655,2548,256,187
9656,2064,256,151
9657,2560,256,190
9658,1264,128,121
9659,1996,256,150
9660,2228,256,171
9661,2928,256,222
9662,2968,256,227
9663,2660,256,203
9664,2232,256,172
9665,472,64,57
9666,1980,256,152
9667,1256,128,120
9668,1352,128,128
9669,1232,128,115
9670,2184,256,172
9671,788,128,72
9672,2660,256,203
9673,2228,256,171
9674,204,32,34
9675,2568,256,192
9676,984,128,96
9677,2680,256,204
9678,2104,256,157
9679,936,128,89
9680,1264,128,121
9681,1204,128,111
9682,2268,256,180
9683,2248,256,176
9684,508,64,62
9685,2624,256,196
9686,2884,256,222
9687,2908,256,225
9688,1260,128,120
9689,2900,256,222
9690,2272,256,181
9691,2132,256,163
9692,2324,256,183
9693,968,128,95
9694,2640,256,198
9695,1936,256,147
9696,2880,256,222
9697,2544,256,187
9698,2624,256,195
9699,968,128,95
9700,1248,128,118
9701,1172,128,110
9702,492,64,58
9703,1956,256,151
9704,1920,256,147
9705,1932,256,145
9706,2104,256,157
9707,920,128,89
9708,2628,256,195
9709,2004,256,152
9710,2692,256,207
9711,496,64,58
9712,1200,128,110
9713,484,64,56
9714,1264,128,121
9715,2236,256,173
9716,2036,256,159
9717,2144,256,166
9718,1128,128,104
9719,1988,256,154
9720,2236,256,173
9721,2732,256,212
9722,1256,128,120
9723,900,128,84
9724,2208,256,170
9725,1308,128,121
9726,2444,256,192
9727,2580,256,195
9728,1940,256,148
9729,2120,256,161
9730,2980,256,230
9731,496,64,58
9732,1248,128,118
9733,2688,256,206
9734,1964,256,149
9735,1176,128,111
9736,1244,128,116
9737,2256,256,178
9738,2256,256,177
9739,2212,256,171
9740,1116,128,106
9741,924,128,86
9742,1184,128,108
9743,2628,256,196
9744,1240,128,116
9745,948,128,91
9746,2732,256,212
9747,1156,128,108
9748,1968,256,150
9749,2128,256,163
9750,2076,256,155
9751,1924,256,144
9752,2580,256,195
9753,2248,256,175
9754,1232,128,114
9755,2548,256,188
9756,2864,256,222
9757,1312,128,118
9758,1252,128,119
9759,2636,256,194
9760,388,64,48
9761,364,64,43
9762,2244,256,175
9763,372,64,45
9764,1112,128,101
9765,996,128,98
9766,1104,128,102
9767,1920,256,147
9768,2000,256,150
9769,520,64,63
9770,924,128,86
9771,1924,256,145
9772,936,128,88
9773,388,64,48
9774,2824,256,212
9775,1924,256,147
9776,500,64,60
9777,2236,256,173
9778,2956,256,229
9779,1240,128,116
9780,1068,128,95
9781,1236,128,115
9782,1356,128,129
9783,2692,256,207
9784,224,32,35
9785,2288,256,181
9786,532,64,63
9787,1216,128,111
9788,504,64,60
9789,1836,256,137
9790,1188,128,115
9791,1908,256,143
9792,2220,256,173
9793,2544,256,187
9794,2692,256,206
9795,2256,256,178
9796,2372,256,190
9797,2724,256,209
9798,1688,128,147
9799,1172,128,104
9800,1224,128,117
9801,2284,256,180
9802,2224,256,169
9803,2636,256,197
9804,1096,128,101
9805,2128,256,162
9806,2528,256,186
9807,1264,128,122
9808,2240,256,174
9809,2848,256,214
9810,1220,128,112
9811,504,64,60
9812,2868,256,219
9813,540,64,65
9814,2104,256,167
9815,1240,128,116
9816,1236,128,115
9817,1816,256,134
9818,1912,256,144
9819,1236,128,115
9820,1184,128,107
9821,2548,256,188
9822,1184,128,113
9823,1260,128,121
9824,772,128,69
9825,1244,128,117
9826,2016,256,155
9827,1212,128,113
9828,2644,256,198
9829,1172,128,111
9830,1952,256,150
9831,988,128,96
9832,2284,256,180
9833,2068,256,153
9834,2092,256,155
9835,1272,128,119
9836,2244,256,175
9837,1244,128,116
9838,1944,256,148
9839,1256,128,119
9840,1272,128,123
9841,1984,256,153
9842,2852,256,215
9843,2688,256,206
9844,1332,128,127
9845,2180,256,164
9846,2340,256,182
9847,2896,256,222
9848,2604,256,201
9849,960,128,94
9850,916,128,84
9851,2244,256,175
9852,2544,256,188
9853,2680,256,204
9854,556,64,68
9855,2176,256,170
9856,1240,128,117
9857,1820,256,133
9858,528,64,62
9859,2304,256,178
9860,1924,256,144
9861,1256,128,120
9862,2100,256,160
9863,2836,256,215
9864,2272,256,177
9865,2240,256,173
9866,2216,256,173
9867,1948,256,149
9868,1784,256,129
9869,2256,256,177
9870,2280,256,179
9871,2096,256,158
9872,1204,128,111
9873,5244,512,352
9874,2172,256,168
9875,1976,256,151
9876,1312,128,122
9877,2536,256,184
9878,156,32,27
9879,1356,128,128
9880,1204,128,111
9881,988,128,96
9882,2192,256,167
9883,1212,128,113
9884,2284,256,180
9885,2084,256,155
9886,2596,256,199
9887,2692,256,206
9888,2120,256,160
9889,2216,256,169
9890,2088,256,157
9891,1224,128,113
9892,1264,128,121
9893,1384,128,134
9894,948,128,91
9895,1228,128,113
9896,1948,256,149
9897,1072,128,96
9898,1188,128,108
9899,1272,128,124
9900,1212,128,113
9901,1216,128,114
9902,1240,128,117
9903,2228,256,171
9904,2636,256,197
9905,1076,128,96
9906,1192,128,109
9907,500,64,60
9908,1264,128,121
9909,2064,256,161
9910,2868,256,219
9911,2640,256,194
9912,2232,256,173
9913,2784,256,213
9914,956,128,93
9915,1236,128,115
9916,1996,256,156
9917,952,128,92
9918,560,64,69
9919,1220,128,111
9920,2212,256,171
9921,2684,256,205
9922,2376,256,191
9923,1904,256,143
9924,2668,256,201
9925,1924,256,144
9926,2636,256,196
9927,2224,256,170
9928,2128,256,162
9929,1168,128,110
9930,1304,128,127
9931,824,128,78
9932,2928,256,222
9933,1208,128,109
9934,1256,128,119
9935,2292,256,182
9936,2152,256,164
9937,1252,128,118
9938,1200,128,111
9939,1228,128,114
9940,2248,256,177
9941,1248,128,118
9942,2244,256,175
9943,2716,256,208
9944,1132,128,105
9945,2260,256,179
9946,1316,128,123
9947,2672,256,206
9948,904,128,85
9949,2944,256,227
9950,2232,256,176
9951,2860,256,220
9952,1264,128,121
9953,1252,128,118
9954,2524,256,186
9955,1136,128,101
9956,1948,256,149
9957,2616,256,200
9958,2292,256,186
9959,2212,256,168
9960,1252,128,118
9961,1256,128,119
9962,2228,256,172
9963,1116,128,103
9964,988,128,96
9965,1160,128,107
9966,2204,256,169
9967,2116,256,159
9968,2096,256,155
9969,2384,256,192
9970,1208,128,113
9971,548,64,67
9972,1252,128,119
9973,1952,256,151
9974,968,128,96
9975,2564,256,192
9976,1936,256,147
9977,2284,256,181
9978,1124,128,104
9979,2820,256,212
9980,2232,256,172
9981,1240,128,116
9982,2536,256,189
9983,1836,256,136
9984,532,64,66
9985,816,128,76
9986,2364,256,188
9987,552,64,68
9988,1828,256,135
9989,2224,256,170
9990,1244,128,116
9991,1276,128,124
9992,792,128,71
9993,1252,128,119
9994,820,128,76
9995,2696,256,208
9996,2096,256,160
9997,2244,256,175
9998,1856,256,139
9999,2372,256,190
10000,2232,256,172
10001,1148,128,105
10002,1240,128,117
10003,2592,256,194
10004,4500,512,291
10005,2184,256,164
10006,1236,128,115
10007,2824,256,212
10008,1160,128,107
10009,1216,128,110
10010,2060,256,161
10011,1788,256,127
10012,2016,256,161
10013,2956,256,228
10014,948,128,91
10015,2680,256,204
10016,892,128,83
10017,384,64,47
10018,2180,256,164
10019,504,64,61
10020,2700,256,204
10021,2264,256,179
10022,1924,256,147
10023,2516,256,184
10024,524,64,61
10025,2260,256,178
10026,1244,128,117
10027,1228,128,113
10028,2588,256,186
10029,1248,128,117
10030,1216,128,115
10031,2416,256,186
10032,2752,256,217
10033,1220,128,115
10034,300,32,43
10035,2252,256,177
10036,1140,128,108
10037,2096,256,159
10038,2256,256,178
10039,1168,128,110
10040,2224,256,170
10041,2192,256,166
10042,2076,256,165
10043,1120,128,103
10044,2184,256,164
10045,1252,128,118
10046,948,128,92
10047,2248,256,176
10048,2296,256,183
10049,980,128,95
10050,548,64,66
10051,1240,128,116
10052,948,128,92
10053,876,128,86
10054,1060,128,102
10055,2688,256,205
10056,1204,128,111
10057,2168,256,160
10058,2248,256,176
10059,2244,256,175
10060,1260,128,120
10061,2128,256,163
10062,2228,256,171
10063,1132,128,105
10064,1132,128,106
10065,2132,256,163
10066,2728,256,211
10067,2248,256,176
10068,2124,256,161
10069,2164,256,168
10070,1224,128,116
10071,388,64,48
10072,2640,256,198
10073,2228,256,172
10074,2260,256,179
10075,2960,256,230
10076,1000,128,95
10077,1920,256,143
10078,2568,256,193
10079,1252,128,118
10080,2236,256,173
10081,1164,128,109
10082,944,128,90
10083,1236,128,114
10084,1216,128,114
10085,2684,256,204
10086,1992,256,156
10087,2220,256,173
10088,840,128,77
10089,2608,256,192
10090,492,64,61
10091,856,128,81
10092,1184,128,114
10093,1256,128,120
10094,1220,128,111
10095,844,128,82
10096,2928,256,222
10097,1988,256,155
10098,2176,256,170
10099,2204,256,170
10100,1204,128,111
10101,1240,128,116
10102,764,128,68
10103,3296,256,245
10104,2008,256,155
10105,2152,256,164
10106,2920,256,220
10107,1220,128,115
10108,1336,128,124
10109,1248,128,118
10110,1248,128,118
10111,1252,128,119
10112,1168,128,110
10113,860,128,82
10114,2212,256,171
10115,2192,256,166
10116,1948,256,150
10117,204,32,34
10118,952,128,92
10119,1244,128,117
10120,2108,256,158
10121,508,64,62
10122,1256,128,120
10123,468,64,55
10124,1052,128,101
10125,2240,256,173
10126,1244,128,117
10127,2616,256,193
10128,1228,128,113
10129,2252,256,177
10130,1940,256,148
10131,1204,128,112
10132,2188,256,172
10133,2000,256,158
10134,1132,128,106
10135,504,64,60
10136,472,64,56
10137,1076,128,106
10138,2688,256,207
10139,1992,256,156
10140,2696,256,208
10141,2700,256,209
10142,1252,128,119
10143,2216,256,172
10144,2248,256,175
10145,888,128,85
10146,1880,256,138
10147,800,128,75
10148,1976,256,151
10149,1100,128,98
10150,1932,256,146
10151,2284,256,180
10152,2664,256,203
10153,1952,256,151
10154,1236,128,115
10155,2592,256,198
10156,2860,256,218
10157,2108,256,158
10158,1228,128,113
10159,2896,256,225
10160,476,64,54
10161,2884,256,222
10162,2220,256,174
10163,1160,128,109
10164,1252,128,118
10165,2192,256,167
10166,2644,256,200
10167,2628,256,195
10168,1236,128,115
10169,1992,256,155
10170,928,128,87
10171,948,128,91
10172,1144,128,108
10173,2256,256,178
10174,2684,256,205
10175,2072,256,164
10176,2360,256,187
10177,2528,256,187
10178,2240,256,174
10179,1356,128,129
10180,932,128,88
10181,928,128,86
10182,2172,256,169
10183,1240,128,116
10184,504,64,60
10185,1084,128,97
10186,2604,256,197
10187,2920,256,221
10188,1396,128,128
10189,2212,256,171
10190,2580,256,196
10191,1144,128,108
10192,2256,256,178
10193,2656,256,198
10194,2284,256,180
10195,1420,128,129
10196,2432,256,200
10197,2896,256,222
10198,2560,256,191
10199,2152,256,168
10200,1236,128,115
10201,2104,256,157
10202,1272,128,123
10203,1872,256,136
10204,2120,256,161
10205,2644,256,200
10206,464,64,55
10207,2688,256,206
10208,508,64,62
10209,2036,256,155
10210,1216,128,110
10211,2328,256,184
10212,1224,128,113
10213,2292,256,182
10214,2520,256,181
10215,2428,256,188
10216,2212,256,167
10217,4352,512,276
10218,2292,256,182
10219,3272,256,240
10220,2208,256,170
10221,1260,128,121
10222,972,128,93
10223,2224,256,174
10224,2256,256,177
10225,2976,256,229
10226,1092,128,99
10227,2116,256,160
10228,892,128,83
10229,2204,256,165
10230,2328,256,184
10231,968,128,92
10232,1940,256,148
10233,2248,256,176
10234,2292,256,182
10235,2244,256,176
10236,2240,256,173
10237,1544,128,129
10238,1952,256,150
10239,1944,256,149
10240,2612,256,199
10241,2944,256,226
10242,2736,256,206
10243,3004,256,236
10244,2684,256,205
10245,2244,256,174
10246,2264,256,179
10247,1844,256,136
10248,816,128,76
10249,2256,256,174
10250,2216,256,172
10251,2056,256,160
10252,1444,128,134
10253,2276,256,178
10254,2584,256,196
10255,512,64,62
10256,2996,256,234
10257,1160,128,108
10258,1136,128,107
10259,2948,256,227
10260,2680,256,203
10261,1296,128,125
10262,1264,128,122
10263,920,128,86
10264,944,128,90
10265,2268,256,180
10266,2032,256,154
10267,2512,256,197
10268,508,64,62
10269,324,64,38
10270,1840,256,138
10271,2680,256,204
10272,548,64,67
10273,2692,256,207
10274,2888,256,223
10275,2632,256,196
10276,2832,256,220
10277,2868,256,220
10278,1204,128,111
10279,2268,256,180
10280,2136,256,163
10281,1332,128,123
10282,1820,256,134
10283,2664,256,201
10284,984,128,96
10285,504,64,60
10286,1380,128,134
10287,2852,256,219
10288,2944,256,225
10289,2920,256,219
10290,2684,256,205
10291,376,64,46
10292,956,128,93
10293,1372,128,131
10294,1800,256,130
10295,1232,128,115
10296,1348,128,126
10297,1060,128,103
10298,2724,256,210
10299,1344,128,126
10300,1172,128,111
10301,2744,256,215
10302,2072,256,163
10303,1820,256,134
10304,2024,256,157
10305,1232,128,115
10306,540,64,65
10307,1276,128,120
10308,1116,128,101
10309,2208,256,171
10310,2684,256,204
10311,1092,128,100
10312,1832,256,137
10313,1116,128,101
10314,2704,256,209
10315,1928,256,144
10316,1116,128,102
10317,2204,256,169
10318,2136,256,165
10319,2392,256,185
10320,2604,256,197
10321,244,32,40
10322,508,64,61
10323,2256,256,177
10324,2260,256,178
10325,2688,256,206
10326,2904,256,227
10327,1256,128,120
10328,992,128,97
10329,2140,256,165
10330,1228,128,114
10331,1112,128,100
10332,1240,128,116
10333,2240,256,174
10334,2648,256,196
10335,2908,256,225
10336,1948,256,149
10337,2548,256,188
10338,1212,128,110
10339,1248,128,117
10340,2660,256,199
10341,1328,128,126
10342,1952,256,150
10343,1092,128,100
10344,1960,256,149
10345,408,64,49
10346,2220,256,168
10347,536,64,64
10348,808,128,74
10349,2244,256,175
10350,996,128,98
10351,2044,256,157
10352,1304,128,127
10353,1976,256,152
10354,2000,256,158
10355,1244,128,117
10356,1280,128,125
10357,1176,128,112
10358,1848,256,141
10359,2092,256,155
10360,2608,256,190
10361,2232,256,172
10362,836,128,77
10363,2680,256,203
10364,2244,256,174
10365,1212,128,113
10366,1232,128,114
10367,2128,256,163
10368,2696,256,208
10369,2244,256,174
10370,2344,256,183
10371,2852,256,215
10372,1264,128,122
10373,1228,128,113
10374,1252,128,118
10375,1276,128,124
10376,2840,256,216
10377,452,64,53
10378,2672,256,203
10379,1260,128,117
10380,1132,128,102
10381,2916,256,219
10382,4912,512,314
10383,824,128,78
10384,1252,128,119
10385,2424,256,188
10386,2708,256,207
10387,992,128,97
10388,1236,128,115
10389,2776,256,202
10390,1216,128,110
10391,2224,256,174
10392,2392,256,190
10393,1396,128,127
10394,2980,256,231
10395,1864,256,133
10396,328,32,48
10397,200,32,33
10398,2672,256,203
10399,2532,256,187
10400,2236,256,173
10401,2308,256,186
10402,464,64,55
10403,1196,128,109
10404,2208,256,170
10405,2688,256,205
10406,1252,128,118
10407,1312,128,122
10408,2536,256,189
10409,1260,128,121
10410,2268,256,181
10411,1796,256,128
10412,1976,256,152
10413,2636,256,197
10414,1248,128,118
10415,1992,256,156
10416,968,128,93
10417,1180,128,107
10418,1084,128,98
10419,2100,256,156
10420,1116,128,102
10421,2216,256,168
10422,2676,256,203
10423,2560,256,190
10424,1236,128,115
10425,2172,256,172
10426,508,64,61
10427,828,128,78
10428,2028,256,153
10429,2232,256,173
10430,3056,256,237
10431,2212,256,171
10432,1212,128,114
10433,2576,256,195
10434,1996,256,156
10435,2132,256,164
10436,2160,256,166
10437,1176,128,111
10438,1876,256,143
10439,3040,256,240
10440,3456,256,269
10441,548,64,67
10442,2656,256,198
10443,2376,256,181
10444,2252,256,176
10445,2228,256,171
10446,1200,128,110
10447,1936,256,146
10448,980,128,95
10449,3020,256,236
10450,1212,128,113
10451,2580,256,191
10452,2236,256,177
10453,1180,128,112
10454,1860,256,139
10455,1256,128,119
10456,2632,256,196
10457,2208,256,171
10458,2104,256,157
10459,2224,256,175
10460,2288,256,180
10461,2624,256,194
10462,1232,128,114
10463,2276,256,178
10464,1280,128,122
10465,2184,256,165
10466,1256,128,120
10467,2812,256,209
10468,2636,256,198
10469,1204,128,108
10470,560,64,65
10471,1236,128,115
10472,2868,256,219
10473,2040,256,156
10474,944,128,92
10475,204,32,34
10476,2256,256,177
10477,2004,256,158
10478,196,32,32
10479,2124,256,161
10480,940,128,90
10481,1976,256,151
10482,2740,256,214
10483,2808,256,209
10484,2516,256,183
10485,2256,256,177
10486,2688,256,206
10487,2904,256,216
10488,2216,256,172
10489,2140,256,166
10490,240,32,39
10491,992,128,98
10492,1252,128,119
10493,1984,256,154
10494,2712,256,212
10495,980,128,95
10496,1236,128,114
10497,2280,256,180
10498,2132,256,163
10499,1908,256,139
10500,4496,512,290
10501,2248,256,172
10502,2688,256,205
10503,1360,128,129
10504,2852,256,215
10505,1276,128,120
10506,1388,128,131
10507,2368,256,189
10508,2264,256,180
10509,540,64,65
10510,2672,256,202
10511,1240,128,116
10512,1084,128,98
10513,1148,128,109
10514,1244,128,118
10515,2572,256,193
10516,1196,128,109
10517,1160,128,108
10518,1204,128,111
10519,1220,128,111
10520,2148,256,167
10521,2280,256,183
10522,2520,256,185
10523,1256,128,119
10524,1264,128,121
10525,2244,256,175
10526,468,64,52
10527,1200,128,111
10528,1928,256,148
10529,2096,256,155
10530,1152,128,106
10531,2220,256,168
10532,2984,256,232
10533,2160,256,169
10534,1992,256,151
10535,1236,128,114
10536,1068,128,105
10537,1936,256,146
10538,2200,256,169
10539,948,128,91
10540,1944,256,149
10541,1288,128,123
10542,2032,256,158
10543,1300,128,126
10544,1980,256,153
10545,2236,256,173
10546,1264,128,121
10547,1252,128,118
10548,1248,128,118
10549,2408,256,189
10550,2664,256,200
10551,2236,256,173
10552,1912,256,145
10553,2240,256,173
10554,2256,256,178
10555,1244,128,117
10556,1048,128,100
10557,2672,256,202
10558,2904,256,224
10559,1240,128,116
10560,2760,256,212
10561,2124,256,162
10562,1228,128,113
10563,1244,128,117
10564,1092,128,100
10565,944,128,90
10566,2512,256,184
10567,1252,128,118
10568,2580,256,195
10569,2284,256,184
10570,392,64,49
10571,1088,128,99
10572,1968,256,154
10573,544,64,66
10574,2836,256,215
10575,2504,256,181
10576,2532,256,188
10577,464,64,55
10578,2696,256,207
10579,2124,256,161
10580,2724,256,210
10581,2812,256,210
10582,2232,256,173
10583,1116,128,102
10584,2252,256,177
10585,1916,256,142
10586,2680,256,204
10587,1804,256,131
10588,496,64,60
10589,1196,128,109
10590,2404,256,187
10591,2544,256,191
10592,1272,128,120
10593,4312,512,266
10594,2232,256,172
10595,1168,128,110
10596,1384,128,124
10597,1156,128,106
10598,3020,256,241
10599,1924,256,143
10600,2112,256,159
10601,1252,128,119
10602,1900,256,142
10603,2296,256,183
10604,2592,256,194
10605,1236,128,115
10606,828,128,78
10607,2204,256,169
10608,1492,128,142
10609,1252,128,118
10610,2608,256,199
10611,1232,128,114
10612,1836,256,137
10613,2872,256,220
10614,1788,256,127
10615,1248,128,118
10616,2604,256,190
10617,1196,128,109
10618,2288,256,181
10619,1204,128,111
10620,2200,256,169
10621,920,128,85
10622,1076,128,97
10623,1980,256,152
10624,484,64,57
10625,932,128,88
10626,2136,256,160
10627,2100,256,156
10628,1264,128,121
10629,1128,128,104
10630,2116,256,161
10631,2208,256,167
10632,2244,256,174
10633,2216,256,168
10634,2568,256,191
10635,2540,256,190
10636,2992,256,233
10637,2540,256,190
10638,2676,256,203
10639,2116,256,160
10640,2672,256,206
10641,1232,128,114
10642,2252,256,176
10643,2300,256,184
10644,1236,128,114
10645,1012,128,95
10646,948,128,91
10647,2256,256,178
10648,1152,128,107
10649,1948,256,150
10650,2828,256,213
10651,1200,128,110
10652,2136,256,163
10653,2248,256,176
10654,2120,256,161
10655,2060,256,161
10656,1220,128,111
10657,544,64,65
10658,992,128,97
10659,1228,128,113
10660,1212,128,113
10661,2140,256,165
10662,2212,256,171
10663,956,128,89
10664,2084,256,156
10665,2252,256,176
10666,2400,256,187
10667,548,64,67
10668,944,128,90
10669,1220,128,111
10670,2372,256,190
10671,1228,128,112
10672,2376,256,181
10673,2180,256,171
10674,2208,256,169
10675,2216,256,171
10676,1224,128,112
10677,2228,256,171
10678,2620,256,194
10679,2800,256,208
10680,2204,256,168
10681,1232,128,114
10682,1144,128,104
10683,2580,256,195
10684,824,128,78
10685,2864,256,219
10686,2272,256,182
10687,2572,256,193
10688,540,64,64
10689,1896,256,141
10690,2248,256,176
10691,2856,256,217
10692,1264,128,118
10693,1060,128,93
10694,1940,256,148
10695,1176,128,112
10696,4928,512,318
10697,1400,128,134
10698,2840,256,216
10699,1244,128,117
10700,956,128,92
10701,2704,256,205
10702,2680,256,204
10703,2792,256,205
10704,916,128,88
10705,1240,128,116
10706,2212,256,171
10707,2328,256,184
10708,1244,128,117
10709,876,128,79
10710,2868,256,220
10711,1256,128,120
10712,2204,256,165
10713,208,32,35
10714,1248,128,118
10715,2552,256,190
10716,2236,256,173
10717,1896,256,142
10718,1948,256,149
10719,1264,128,122
10720,488,64,57
10721,2968,256,231
10722,1212,128,109
10723,544,64,66
10724,2964,256,230
10725,2144,256,162
10726,1216,128,114
10727,2376,256,182
10728,2224,256,170
10729,2620,256,194
10730,2644,256,200
10731,2840,256,216
10732,2248,256,176
10733,1240,128,116
10734,2684,256,205
10735,536,64,64
10736,2624,256,201
10737,2196,256,168
10738,884,128,81
10739,2176,256,163
10740,972,128,93
10741,1232,128,114
10742,2192,256,167
10743,2400,256,193
10744,2668,256,201
10745,2244,256,175
10746,1984,256,153
10747,1240,128,115
10748,1948,256,150
10749,2628,256,196
10750,2696,256,208
10751,1236,128,115
10752,2148,256,163
10753,2240,256,173
10754,2204,256,168
10755,2252,256,176
10756,1252,128,118
10757,1228,128,113
10758,1932,256,146
10759,220,32,37
10760,2248,256,176
10761,768,128,69
10762,2864,256,217
10763,2556,256,190
10764,2236,256,173
10765,1224,128,113
10766,2280,256,180
10767,2828,256,209
10768,1956,256,150
10769,1220,128,115
10770,2232,256,172
10771,2680,256,204
10772,952,128,92
10773,2268,256,180
10774,176,32,28
10775,2860,256,217
10776,1956,256,150
10777,1256,128,119
10778,2256,256,178
10779,1932,256,145
10780,2660,256,203
10781,2156,256,169
10782,1980,256,153
10783,1952,256,150
10784,2364,256,188
10785,2828,256,214
10786,504,64,61
10787,2872,256,220
10788,2676,256,203
10789,1124,128,104
10790,2960,256,226
10791,540,64,65
10792,492,64,58
10793,2996,256,234
10794,1828,256,135
10795,2868,256,218
10796,2168,256,168
10797,2192,256,165
10798,2232,256,172
10799,2148,256,167
10800,2508,256,197
10801,1196,128,109
10802,2252,256,176
10803,1252,128,119
10804,2700,256,208
10805,2220,256,174
10806,1256,128,119
10807,380,64,47
10808,2216,256,168
10809,532,64,63
10810,1908,256,145
10811,1916,256,146
10812,1236,128,115
10813,1948,256,149
10814,1256,128,119
10815,508,64,61
10816,2244,256,175
10817,816,128,76
10818,4360,512,273
10819,2800,256,217
10820,984,128,96
10821,1284,128,123
10822,508,64,60
10823,1248,128,118
10824,2044,256,157
10825,2864,256,218
10826,932,128,87
10827,2588,256,197
10828,1228,128,113
10829,2232,256,172
10830,2664,256,199
10831,912,128,87
10832,1960,256,152
10833,2216,256,167
10834,1232,128,114
10835,1116,128,101
10836,2684,256,205
10837,2204,256,169
10838,2656,256,198
10839,2092,256,159
10840,2188,256,172
10841,492,64,58
10842,1964,256,153
10843,1156,128,108
10844,2732,256,211
10845,1328,128,126
10846,1312,128,122
10847,1264,128,122
10848,2100,256,159
10849,2212,256,171
10850,1272,128,119
10851,2220,256,173
10852,2644,256,200
10853,1232,128,115
10854,2212,256,171
10855,2248,256,175
10856,1980,256,152
10857,2224,256,170
10858,392,64,49
10859,1940,256,147
10860,2276,256,178
10861,2352,256,185
10862,384,64,47
10863,980,128,98
10864,1236,128,115
10865,2172,256,168
10866,228,32,37
10867,2924,256,221
10868,2540,256,189
10869,2244,256,175
10870,1220,128,111
10871,2584,256,196
10872,1236,128,115
10873,1844,256,136
10874,3000,256,235
10875,532,64,63
10876,1232,128,113
10877,2724,256,203
10878,2968,256,227
10879,2180,256,170
10880,2508,256,183
10881,396,64,49
10882,1860,256,138
10883,496,64,59
10884,2180,256,171
10885,2204,256,169
10886,2828,256,209
10887,1220,128,112
10888,2308,256,186
10889,2204,256,169
10890,556,64,68
10891,980,128,95
10892,2236,256,173
10893,1172,128,110
10894,2780,256,213
10895,1248,128,118
10896,2616,256,200
10897,1932,256,146
10898,2688,256,206
10899,1248,128,118
10900,1232,128,114
10901,1340,128,125
10902,1256,128,120
10903,2096,256,158
10904,2580,256,195
10905,2580,256,196
10906,1268,128,122
10907,1976,256,152
10908,1912,256,141
10909,2956,256,229
10910,1836,256,138
10911,2200,256,172
10912,2220,256,169
10913,2252,256,177
10914,1248,128,118
10915,2040,256,156
10916,2656,256,202
10917,2524,256,186
10918,2232,256,175
10919,1128,128,105
10920,2860,256,217
10921,1056,128,103
10922,1268,128,122
10923,2692,256,207
10924,2256,256,177
10925,1208,128,115
10926,1884,256,145
10927,456,64,53
10928,1252,128,118
10929,2692,256,207
10930,2952,256,228
10931,2132,256,163
10932,888,128,81
10933,2616,256,193
10934,2020,128,178
10935,1936,256,147
10936,1228,128,113
10937,2228,256,175
10938,808,128,74
10939,1240,128,117
10940,1180,128,112
10941,2884,256,218
10942,2228,256,171
10943,2924,256,221
10944,1764,256,126
10945,2664,256,200
10946,2140,256,161
10947,2228,256,174
10948,1284,128,122
10949,2256,256,178
10950,1952,256,150
10951,2208,256,171
10952,2472,256,195
10953,2240,256,174
10954,2844,256,218
10955,1236,128,116
10956,2224,256,176
10957,2184,256,171
10958,900,128,84
10959,2664,256,205
10960,2596,256,188
10961,1252,128,120
10962,2060,256,161
10963,2248,256,175
10964,544,64,66
10965,2172,256,162
10966,2884,256,222
10967,1212,128,114
10968,4484,512,287
10969,2116,256,160
10970,2812,256,220
10971,1096,128,100
10972,2272,256,181
10973,2700,256,208
10974,2548,256,188
10975,2260,256,179
10976,2252,256,176
10977,2660,256,203
10978,2268,256,180
10979,1272,128,119
10980,2184,256,165
10981,2544,256,187
10982,2228,256,178
10983,1240,128,115
10984,2928,256,222
10985,2348,256,185
10986,2204,256,169
10987,1040,128,98
10988,1108,128,103
10989,2284,256,180
10990,1928,256,145
10991,1056,128,101
10992,2964,256,231
10993,492,64,58
10994,2560,256,191
10995,1212,128,114
10996,2704,256,205
10997,2616,256,199
10998,2280,256,183
10999,2680,256,204
11000,2848,256,214
11001,2712,256,207
11002,2932,256,223
11003,2308,256,180
11004,1208,128,113
11005,2668,256,201
11006,2820,256,211
11007,2836,256,215
11008,2260,256,178
11009,2240,256,173
11010,2688,256,205
11011,2232,256,176
11012,2212,256,171
11013,3056,256,237
11014,2184,256,172
11015,1164,128,108
11016,916,128,85
11017,2660,256,198
11018,1212,128,109
11019,380,64,47
11020,2684,256,205
11021,1004,128,101
11022,500,64,60
11023,1116,128,102
11024,2536,256,190
11025,2004,256,154
11026,1240,128,116
11027,2252,256,178
11028,2052,256,158
11029,2948,256,227
11030,2576,256,191
11031,1260,128,120
11032,1240,128,116
11033,1112,128,100
11034,2664,256,204
11035,1208,128,112
11036,2180,256,171
11037,1184,128,107
11038,1248,128,118
11039,1260,128,120
11040,2708,256,210
11041,1428,128,131
11042,1920,256,144
11043,1988,256,154
11044,1984,256,154
11045,2688,256,201
11046,940,128,90
11047,2296,256,183
11048,1228,128,114
11049,2132,256,163
11050,2892,256,224
11051,820,128,77
11052,2964,256,226
11053,1240,128,116
11054,1168,128,110
11055,1252,128,119
11056,2944,256,225
11057,1168,128,110
11058,2000,256,157
11059,516,64,63
11060,1236,128,114
11061,1176,128,111
11062,2924,256,228
11063,1124,128,104
11064,820,128,76
11065,420,64,52
11066,1076,128,106
11067,2244,256,175
11068,540,64,65
11069,2132,256,163
11070,1344,128,125
11071,500,64,60
11072,1260,128,119
11073,2704,256,209
11074,2692,256,206
11075,2676,256,202
11076,984,128,96
11077,2120,256,160
11078,2828,256,213
11079,916,128,87
11080,2568,256,189
11081,1120,128,102
11082,2264,256,180
11083,1212,128,113
11084,2624,256,202
11085,2256,256,178
11086,928,128,88
11087,2572,256,192
11088,988,128,96
11089,2824,256,218
11090,2256,256,177
11091,2240,256,173
11092,544,64,66
11093,816,128,75
11094,532,64,63
11095,968,128,92
11096,2884,256,222
11097,2856,256,216
11098,2060,256,151
11099,1236,128,115
11100,1924,256,148
11101,1956,256,152
11102,1128,128,104
11103,1436,128,133
11104,2696,256,208
11105,1920,256,147
11106,552,64,67
11107,2956,256,229
11108,2696,256,208
11109,2528,256,187
11110,2640,256,200
11111,1244,128,116
11112,2124,256,162
11113,2880,256,222
11114,2028,256,158
11115,1140,128,107
11116,504,64,61
11117,2972,256,228
11118,4968,512,327
11119,1840,256,136
11120,2932,256,219
11121,1916,256,146
11122,1268,128,118
11123,2136,256,163
11124,2328,256,183
11125,2712,256,207
11126,372,64,45
11127,1924,256,148
11128,1820,256,135
11129,2112,256,163
11130,1172,128,112
11131,2216,256,168
11132,1228,128,113
11133,2156,256,169
11134,2880,256,222
11135,1348,128,126
11136,1096,128,100
11137,2100,256,159
11138,2640,256,198
11139,2132,256,164
11140,2576,256,194
11141,1240,128,116
11142,3004,256,236
11143,1224,128,112
11144,1940,256,148
11145,2284,256,180
11146,2572,256,193
11147,2200,256,168
11148,544,64,66
11149,2600,256,196
11150,2312,256,188
11151,2252,256,173
11152,2224,256,170
11153,2572,256,194
11154,1980,256,153
11155,2196,256,168
11156,2668,256,200
11157,2828,256,214
11158,976,128,94
11159,1240,128,116
11160,2376,256,192
11161,2640,256,198
11162,2708,256,210
11163,980,128,95
11164,1272,128,123
11165,1264,128,117
11166,2952,256,228
11167,2172,256,164
11168,2164,256,167
11169,1208,128,112
11170,1920,256,143
11171,2648,256,201
11172,1276,128,121
11173,2260,256,179
11174,1928,256,145
11175,2120,256,161
11176,1860,256,139
11177,1228,128,117
11178,2152,256,167
11179,2652,256,201
11180,2196,256,167
11181,2636,256,198
11182,1864,256,141
11183,1240,128,116
11184,2056,256,159
11185,1140,128,108
11186,504,64,60
11187,2252,256,177
11188,1204,128,112
11189,2620,256,200
11190,908,128,85
11191,1112,128,100
11192,2856,256,216
11193,2528,256,182
11194,2144,256,166
11195,2192,256,167
11196,2012,256,160
11197,524,64,65
11198,2672,256,203
11199,2656,256,199
11200,2256,256,177
11201,204,32,34
11202,1164,128,110
11203,920,128,85
11204,2524,256,187
11205,508,64,61
11206,2060,256,161
11207,2652,256,201
11208,2228,256,171
11209,2236,256,173
11210,1820,256,134
11211,1196,128,109
11212,2296,256,176
11213,2700,256,204
11214,2288,256,181
11215,2052,256,159
11216,2244,256,175
11217,248,32,40
11218,2228,256,170
11219,2572,256,194
11220,2180,256,171
11221,1260,128,120
11222,1124,128,103
11223,1268,128,122
11224,1916,256,145
11225,2056,256,161
11226,836,128,80
11227,2716,256,209
11228,1128,128,104
11229,2860,256,217
11230,1248,128,118
11231,2232,256,179
11232,2820,256,211
11233,2808,256,219
11234,2632,256,203
11235,1272,128,119
11236,2128,256,158
11237,1952,256,150
11238,1004,128,100
11239,2220,256,173
11240,2660,256,199
11241,2932,256,222
11242,540,64,65
11243,1836,256,139
11244,2052,256,159
11245,2852,256,215
11246,2280,256,183
11247,2268,256,180
11248,1840,256,135
11249,2660,256,200
11250,1908,256,140
11251,500,64,60
11252,2940,256,225
11253,2712,256,208
11254,2828,256,213
11255,1120,128,102
11256,2148,256,166
11257,2232,256,172
11258,1972,256,151
11259,1232,128,114
11260,392,64,49
11261,1216,128,115
11262,2628,256,195
11263,3000,256,236
11264,2296,256,183
11265,2128,256,163
11266,1236,128,115
11267,1976,256,153
11268,2712,256,212
11269,2956,256,229
11270,2588,256,197
11271,1972,256,152
11272,1256,128,120
11273,2984,256,231
11274,2084,256,155
11275,1180,128,106
11276,1880,256,138
11277,1080,128,97
11278,532,64,64
11279,1956,256,150
11280,948,128,91
11281,1108,128,100
11282,2800,256,217
11283,1108,128,101
11284,2956,256,229
11285,776,128,71
11286,2576,256,194
11287,2164,256,167
11288,2184,256,165
11289,2252,256,176
11290,472,64,57
11291,944,128,91
11292,2576,256,194
11293,2080,256,156
11294,2716,256,212
11295,1956,256,151
11296,952,128,88
11297,1236,128,115
11298,2112,256,159
11299,2232,256,172
11300,1232,128,114
11301,1316,128,123
11302,2560,256,191
11303,2848,256,214
11304,2244,256,174
11305,540,64,65
11306,2704,256,205
11307,2544,256,188
11308,80,16,20
11309,512,64,62
11310,2200,256,168
11311,848,128,82
11312,1228,128,113
11313,1880,256,138
11314,1944,256,149
11315,2660,256,199
11316,1828,256,132
11317,1268,128,121
11318,2556,256,190
11319,2660,256,199
11320,2700,256,205
11321,2984,256,230
11322,2268,256,180
11323,1196,128,109
11324,2848,256,214
11325,2664,256,200
11326,2644,256,199
11327,2224,256,170
11328,2280,256,180
11329,1148,128,105
11330,2652,256,197
11331,1264,128,121
11332,856,128,80
11333,1236,128,115
11334,2240,256,174
11335,552,64,68
11336,2268,256,180
11337,2240,256,174
11338,2112,256,158
11339,2676,256,203
11340,2180,256,170
11341,212,32,36
11342,1256,128,119
11343,2132,256,162
11344,2632,256,196
11345,2868,256,219
11346,2536,256,185
11347,2252,256,173
11348,1204,128,111
11349,1248,128,117
11350,2964,256,226
11351,2416,256,190
11352,2520,256,185
11353,1968,256,154
11354,608,64,70
11355,2232,256,172
11356,1244,128,118
11357,2432,256,190
11358,1256,128,119
11359,2184,256,165
11360,928,128,86
11361,2184,256,166
11362,2172,256,169
11363,2116,256,159
11364,2644,256,195
11365,2204,256,169
11366,1248,128,118
11367,2280,256,179
11368,936,128,89
11369,2248,256,176
11370,2956,256,229
11371,2216,256,168
11372,1240,128,116
11373,2408,256,194
11374,2708,256,207
11375,1264,128,121
11376,2244,256,175
11377,2180,256,170
11378,2836,256,216
11379,920,128,85
11380,840,128,80
11381,1940,256,148
11382,2556,256,189
11383,1280,128,125
11384,1940,256,148
11385,2656,256,198
11386,2016,256,161
11387,2228,256,175
11388,2212,256,171
11389,956,128,92
11390,1912,256,140
11391,1108,128,103
11392,2608,256,198
11393,1204,128,112
11394,2984,256,231
11395,2240,256,173
11396,1256,128,119
11397,2640,256,199
11398,2196,256,168
11399,2928,256,222
11400,2964,256,227
11401,2260,256,179
11402,980,128,95
11403,1204,128,112
11404,2264,256,175
11405,2232,256,175
11406,2244,256,174
11407,2264,256,180
11408,1268,128,122
11409,512,64,62
11410,1408,128,126
11411,920,128,85
11412,2976,256,233
11413,1100,128,102
11414,2220,256,169
11415,1228,128,114
11416,2152,256,164
11417,2868,256,219
11418,2128,256,163
11419,1892,256,141
11420,2052,256,159
11421,548,64,67
11422,2528,256,187
11423,2108,256,157
11424,2580,256,195
11425,1324,128,120
11426,2252,256,177
11427,2696,256,207
11428,2572,256,193
11429,2804,256,207
11430,1912,256,141
11431,2240,256,172
11432,2192,256,166
11433,2904,256,223
11434,2592,256,198
11435,1988,256,155
11436,1896,256,147
11437,2268,256,176
11438,980,128,95
11439,1092,128,100
11440,472,64,54
11441,2564,256,192
11442,1956,256,151
11443,2976,256,228
11444,2160,256,170
11445,2260,256,179
11446,2192,256,173
11447,1220,128,112
11448,1160,128,107
11449,1108,128,100
11450,1260,128,120
11451,1276,128,121
11452,2676,256,203
11453,1244,128,116
11454,1056,128,102
11455,2892,256,225
11456,948,128,91
11457,2240,256,174
11458,944,128,90
11459,1944,256,148
11460,2232,256,173
11461,936,128,88
11462,1364,128,130
11463,2136,256,165
11464,2188,256,165
11465,1912,256,145
11466,2888,256,223
11467,2704,256,210
11468,2792,256,204
11469,2128,256,162
11470,928,128,87
11471,2212,256,167
11472,2252,256,177
11473,2236,256,173
11474,1256,128,120
11475,2256,256,178
11476,980,128,95
11477,2148,256,163
11478,2124,256,166
11479,1936,256,146
11480,2844,256,217
11481,2448,256,195
11482,2148,256,163
11483,200,32,33
11484,1264,128,118
11485,1252,128,119
11486,496,64,58
11487,1108,128,100
11488,2684,256,205
11489,1248,128,117
11490,1252,128,118
11491,1968,256,151
11492,1908,256,145
11493,2588,256,194
11494,1900,256,138
11495,2264,256,175
11496,2144,256,166
11497,1856,256,139
11498,2192,256,167
11499,2184,256,164
11500,1256,128,120
11501,2268,256,176
11502,2940,256,225
11503,2664,256,203
11504,940,128,89
11505,924,128,86
11506,1944,256,149
11507,532,64,62
11508,2148,256,163
11509,2876,256,221
11510,2588,256,193
11511,2144,256,162
11512,2040,256,156
11513,1236,128,115
11514,2988,256,232
11515,1260,128,120
11516,1236,128,115
11517,2212,256,171
11518,496,64,59
11519,1260,128,121
11520,1244,128,117
11521,2128,256,163
11522,1236,128,115
11523,2204,256,171
11524,2116,256,160
11525,2384,256,192
11526,2872,256,224
11527,1224,128,112
11528,948,128,91
11529,1204,128,111
11530,1228,128,113
11531,2148,256,167
11532,496,64,58
11533,2536,256,189
11534,1924,256,144
11535,1256,128,115
11536,1888,256,146
11537,2200,256,169
11538,2368,256,189
11539,940,128,89
11540,960,128,91
11541,1288,128,123
11542,480,64,56
11543,488,64,57
11544,2668,256,201
11545,1756,256,123
11546,2336,256,182
11547,2264,256,176
11548,2108,256,157
11549,508,64,61
11550,1932,256,146
11551,2812,256,210
11552,2256,256,177
11553,2240,256,177
11554,1208,128,112
11555,1036,128,97
11556,1092,128,101
11557,3012,256,237
11558,2860,256,218
11559,1984,256,153
11560,1820,256,134
11561,808,128,74
11562,520,64,64
11563,1220,128,112
11564,2188,256,167
11565,2652,256,201
11566,1996,256,156
11567,1932,256,146
11568,1280,128,122
11569,1296,128,125
11570,2240,256,174
11571,548,64,67
11572,3088,256,240
11573,2248,256,176
11574,992,128,97
11575,2220,256,169
11576,2740,256,214
11577,2208,256,171
11578,1200,128,110
11579,2736,256,213
11580,2700,256,204
11581,1132,128,106
11582,2684,256,205
11583,380,64,46
11584,524,64,61
11585,1940,256,147
11586,392,64,49
11587,1232,128,114
11588,2056,256,159
11589,1172,128,111
11590,964,128,91
11591,1936,256,142
11592,1132,128,104
11593,388,64,48
11594,2656,256,202
11595,2108,256,162
11596,2252,256,177
11597,1216,128,110
11598,1316,128,123
11599,2012,256,153
11600,1248,128,118
11601,2296,256,176
11602,2712,256,208
11603,1864,256,134
11604,2100,256,160
11605,2932,256,222
11606,2160,256,166
11607,1884,256,145
11608,2228,256,175
11609,2192,256,166
11610,2192,256,167
11611,964,128,94
11612,2168,256,168
11613,2544,256,191
11614,2640,256,205
11615,1348,128,130
11616,1920,256,143
11617,816,128,75
11618,2124,256,157
11619,1208,128,108
11620,2508,256,196
11621,2568,256,193
11622,484,64,57
11623,5160,512,343
11624,2200,256,164
11625,1248,128,118
11626,504,64,60
11627,2080,256,154
11628,2152,256,164
11629,824,128,78
11630,2644,256,199
11631,1116,128,105
11632,2784,256,213
11633,536,64,64
11634,2240,256,173
11635,2592,256,193
11636,2520,256,185
11637,620,64,73
11638,2212,256,171
11639,1156,128,107
11640,1244,128,117
11641,2872,256,219
11642,2236,256,173
11643,2088,256,156
11644,1236,128,115
11645,2576,256,194
11646,2868,256,219
11647,1220,128,111
11648,1128,128,104
11649,1172,128,105
11650,940,128,89
11651,2884,256,222
11652,2968,256,226
11653,1248,128,118
11654,2108,256,157
11655,2544,256,187
11656,2956,256,229
11657,1236,128,115
11658,1264,128,121
11659,480,64,59
11660,2248,256,176
11661,2568,256,193
11662,1224,128,112
11663,916,128,87
11664,2988,256,232
11665,1220,128,111
11666,2952,256,227
11667,2076,256,154
11668,2692,256,202
11669,2100,256,156
11670,2104,256,160
11671,2840,256,216
11672,1876,256,137
11673,560,64,69
11674,2636,256,199
11675,2004,256,158
11676,2968,256,231
11677,2716,256,212
11678,484,64,57
11679,1208,128,112
11680,2140,256,165
11681,1132,128,105
11682,1256,128,120
11683,1820,256,134
11684,2932,256,224
11685,2260,256,178
11686,2852,256,219
11687,524,64,61
11688,1904,256,144
11689,2236,256,177
11690,2900,256,226
11691,2168,256,167
11692,2300,256,177
11693,2820,256,211
11694,1992,256,156
11695,192,32,31
11696,1288,128,124
11697,2252,256,176
11698,1916,256,143
11699,2860,256,217
11700,1404,128,125
11701,2424,256,192
11702,3004,256,231
11703,2240,256,174
11704,1912,256,145
11705,516,64,60
11706,960,128,93
11707,2044,256,157
11708,524,64,61
11709,756,128,65
11710,2252,256,177
11711,2864,256,222
11712,2368,256,189
11713,1976,256,152
11714,1232,128,114
11715,552,64,67
11716,1228,128,113
11717,964,128,94
11718,1232,128,115
11719,2260,256,178
11720,2676,256,202
11721,2868,256,219
11722,2256,256,178
11723,2864,256,217
11724,1160,128,109
11725,2232,256,175
11726,1184,128,107
11727,2980,256,235
11728,2860,256,217
11729,2348,256,185
11730,2104,256,160
11731,2252,256,177
11732,2708,256,210
11733,496,64,59
11734,936,128,88
11735,2608,256,190
11736,2552,256,189
11737,1100,128,102
11738,1268,128,122
11739,2188,256,166
11740,1108,128,99
11741,2196,256,170
11742,1220,128,111
11743,2840,256,212
11744,2892,256,220
11745,1324,128,125
11746,2120,256,161
11747,2236,256,176
11748,2072,256,163
11749,1284,128,122
11750,2880,256,217
11751,2640,256,198
11752,2240,256,174
11753,2048,256,158
11754,2196,256,168
11755,2260,256,178
11756,2104,256,156
11757,2804,256,207
11758,2216,256,168
11759,2700,256,208
11760,2648,256,200
11761,2888,256,224
11762,1240,128,116
11763,940,128,90
11764,1056,128,102
11765,2732,256,211
11766,1252,128,119
11767,1228,128,114
11768,1176,128,111
11769,1908,256,144
11770,1920,256,143
11771,2688,256,206
11772,2652,256,201
11773,2192,256,167
11774,364,64,43
11775,1216,128,114
11776,1208,128,109
11777,2672,256,202
11778,3052,256,243
11779,2016,256,154
11780,2848,256,214
11781,2124,256,162
11782,2632,256,196
11783,1944,256,148
11784,2228,256,175
11785,2608,256,198
11786,552,64,68
11787,1808,256,131
11788,2852,256,215
11789,2204,256,165
11790,2560,256,190
11791,2800,256,206
11792,488,64,57
11793,1908,256,141
11794,2860,256,217
11795,488,64,56
11796,2744,256,215
11797,1044,128,99
11798,2192,256,166
11799,2692,256,207
11800,1148,128,105
11801,2672,256,202
11802,544,64,66
11803,2676,256,203
11804,2608,256,197
11805,2112,256,159
11806,2204,256,170
11807,2112,256,164
11808,2316,256,187
11809,2732,256,212
11810,2208,256,171
11811,2672,256,206
11812,500,64,60
11813,2928,256,222
11814,2192,256,167
11815,2992,256,233
11816,2800,256,206
11817,940,128,89
11818,1928,256,146
11819,2560,256,190
11820,536,64,64
11821,1260,128,120
11822,944,128,90
11823,2220,256,173
11824,2228,256,171
11825,2812,256,210
11826,2528,256,183
11827,2676,256,203
11828,1172,128,110
11829,2860,256,217
11830,2008,256,159
11831,2012,256,153
11832,2084,256,156
11833,2232,256,172
11834,2536,256,199
11835,2308,256,186
11836,1244,128,117
11837,1240,128,116
11838,2196,256,168
11839,1132,128,106
11840,1940,256,147
11841,1240,128,115
11842,980,128,94
11843,2748,256,216
11844,1196,128,110
11845,1296,128,125
11846,100,16,24
11847,2088,256,164
11848,2360,256,187
11849,2368,256,188
11850,816,64,89
11851,964,128,95
11852,1864,256,141
11853,1248,128,118
11854,2224,256,171
11855,560,64,69
11856,948,128,91
11857,524,64,61
11858,2172,256,169
11859,2864,256,218
11860,2236,256,174
11861,1232,128,114
11862,2248,256,176
11863,2164,256,167
11864,2224,256,170
11865,1328,128,126
11866,2860,256,221
11867,1276,128,120
11868,2852,256,216
11869,936,128,88
11870,1124,128,104
11871,1300,128,126
11872,2712,256,207
11873,1212,128,110
11874,2156,256,165
11875,1268,128,122
11876,496,64,58
11877,2556,256,189
11878,2324,256,183
11879,2136,256,164
11880,1100,128,98
11881,2940,256,225
11882,964,128,94
11883,1836,256,137
11884,2108,256,158
11885,2728,256,210
11886,2920,256,221
11887,1572,128,131
11888,2224,256,169
11889,1828,256,136
11890,2712,256,207
11891,1892,256,140
11892,2684,256,205
11893,2924,256,232
11894,2248,256,176
11895,984,128,95
11896,940,128,89
11897,1208,128,116
11898,488,64,60
11899,880,128,80
11900,2280,256,180
11901,1252,128,118
11902,1224,128,112
11903,2048,256,158
11904,2116,256,163
11905,1832,256,137
11906,920,128,86
11907,992,128,97
11908,2076,256,164
11909,1256,128,119
11910,2148,256,163
11911,2712,256,210
11912,2108,256,162
11913,1172,128,111
11914,944,128,89
11915,504,64,60
11916,2020,256,156
11917,1992,256,155
11918,2692,256,207
11919,1216,128,111
11920,1936,256,148
11921,1132,128,105
11922,2412,256,185
11923,920,128,85
11924,1220,128,115
11925,2596,256,194
11926,2284,256,184
11927,2924,256,228
11928,552,64,68
11929,2136,256,165
11930,2556,256,189
11931,1180,128,113
11932,2952,256,228
11933,1120,128,102
11934,1128,128,105
11935,1116,128,101
11936,1828,256,136
11937,1856,256,139
11938,1152,128,106
11939,516,64,63
11940,3024,256,241
11941,844,128,77
11942,2688,256,206
11943,2068,256,153
11944,2996,256,235
11945,944,128,90
11946,1084,128,98
11947,5136,512,337
11948,1948,256,148
11949,2664,256,200
11950,1276,128,124
11951,2300,256,184
11952,2252,256,177
11953,556,64,69
11954,1160,128,108
11955,768,64,82
11956,920,128,85
11957,1324,128,125
11958,2348,256,184
11959,2592,256,199
11960,2552,256,184
11961,1836,256,138
11962,1156,128,111
11963,1248,128,118
11964,1824,256,135
11965,472,64,57
11966,2044,256,158
11967,1264,128,118
11968,2216,256,169
11969,2252,256,177
11970,2688,256,206
11971,1244,128,117
11972,2220,256,169
11973,2580,256,194
11974,924,128,86
11975,2948,256,227
11976,1240,128,116
11977,1232,128,114
11978,2212,256,168
11979,1236,128,114
11980,2428,256,185
11981,808,128,74
11982,2732,256,211
11983,2968,256,232
11984,2632,256,197
11985,1792,256,128
11986,2680,256,203
11987,2556,256,189
11988,2240,256,173
11989,2556,256,190
11990,984,128,96
11991,2112,256,162
11992,1064,128,104
11993,2276,256,178
11994,2556,256,190
11995,2784,256,213
11996,1144,128,107
11997,2828,256,213
11998,2100,256,159
11999,1944,256,148
12000,1248,128,118
12001,1152,128,106
12002,1204,128,112
12003,2256,256,178
12004,3012,256,237
12005,1228,128,113
12006,2556,256,189
12007,2856,256,217
12008,2676,256,203
12009,2424,256,192
12010,952,128,88
12011,2136,256,164
12012,2264,256,180
12013,1252,128,119
12014,540,64,65
12015,2332,256,184
12016,2568,256,193
12017,2016,256,155
12018,804,128,73
12019,2632,256,196
12020,1156,128,107
12021,1952,256,150
12022,1256,128,120
12023,2260,256,174
12024,1188,128,107
12025,780,128,71
12026,536,64,64
12027,2652,256,202
12028,2072,256,164
12029,1388,128,132
12030,1944,256,149
12031,2672,256,206
12032,2216,256,172
12033,2972,256,229
12034,1960,256,148
12035,1964,256,150
12036,2824,256,212
12037,532,64,63
12038,1236,128,115
12039,1260,128,121
12040,1168,128,110
12041,2580,256,195
12042,2904,256,224
12043,2224,256,173
12044,1256,128,120
12045,2992,256,233
12046,2168,256,168
12047,1108,128,99
12048,1900,256,142
12049,1976,256,152
12050,2184,256,165
12051,2672,256,202
12052,1992,256,156
12053,1952,256,150
12054,2260,256,179
12055,2228,256,175
12056,2580,256,195
12057,2672,256,206
12058,976,128,93
12059,1224,128,112
12060,2260,256,179
12061,2556,256,189
12062,1948,256,150
12063,2568,256,196
12064,2964,256,227
12065,2196,256,168
12066,2120,256,160
12067,560,64,69
12068,1248,128,118
12069,2520,256,185
12070,1244,128,117
12071,1124,128,104
12072,2164,256,167
12073,1268,128,121
12074,900,128,87
12075,2632,256,196
12076,2096,256,159
12077,2628,256,195
12078,2380,256,181
12079,1336,128,128
12080,2648,256,196
12081,1344,128,125
12082,2268,256,180
12083,2128,256,163
12084,2632,256,203
12085,1980,256,153
12086,2872,256,219
12087,2208,256,170
12088,2168,256,168
12089,2224,256,170
12090,1244,128,117
12091,2832,256,215
12092,1248,128,117
12093,2560,256,190
12094,2500,256,194
12095,200,32,34
12096,1240,128,116
12097,2256,256,178
12098,812,128,75
12099,1916,256,146
12100,1120,128,103
12101,956,128,93
12102,2800,256,217
12103,2260,256,178
12104,2652,256,201
12105,1240,128,116
12106,1860,256,140
12107,2652,256,201
12108,2172,256,169
12109,492,64,60
12110,1796,256,129
12111,2844,256,218
12112,2156,256,169
12113,2976,256,230
12114,2828,256,213
12115,1892,256,141
12116,496,64,59
12117,908,128,83
12118,1892,256,140
12119,1228,128,114
12120,1924,256,144
12121,2136,256,165
12122,2596,256,195
12123,2824,256,212
12124,1228,128,113
12125,2576,256,194
12126,2240,256,174
12127,2604,256,198
12128,1248,128,118
12129,2652,256,197
12130,2928,256,222
12131,2668,256,200
12132,1932,256,144
12133,540,64,65
12134,1244,128,116
12135,1212,128,114
12136,2960,256,230
12137,2928,256,221
12138,1164,128,109
12139,2716,256,213
12140,2204,256,169
12141,1132,128,106
12142,2676,256,207
12143,2944,256,226
12144,2228,256,172
12145,2688,256,205
12146,1236,128,115
12147,2652,256,197
12148,2860,256,213
12149,2248,256,172
12150,476,64,57
12151,2664,256,204
12152,1940,256,148
12153,2268,256,176
12154,1240,128,116
12155,2136,256,164
12156,1168,128,110
12157,2668,256,202
12158,2256,256,178
12159,2216,256,173
12160,2220,256,172
12161,968,128,92
12162,924,128,86
12163,1980,256,152
12164,1196,128,109
12165,2220,256,173
12166,1236,128,115
12167,2644,256,195
12168,1944,256,149
12169,1232,128,114
12170,2144,256,167
12171,2680,256,203
12172,2676,256,202
12173,2512,256,183
12174,2992,256,234
12175,1204,128,112
12176,1964,256,153
12177,1200,128,111
12178,2700,256,204
12179,2544,256,190
12180,2004,256,158
12181,2584,256,196
12182,1232,128,114
12183,2228,256,171
12184,2340,256,186
12185,2228,256,171
12186,1124,128,103
12187,1380,128,135
12188,2248,256,176
12189,2684,256,205
12190,1908,256,146
12191,1912,256,141
12192,1920,256,143
12193,2280,256,179
12194,468,64,56
12195,1160,128,108
12196,336,64,40
12197,2844,256,217
12198,2700,256,208
12199,2120,256,161
12200,2632,256,196
12201,2812,256,209
12202,1140,128,107
12203,1948,256,150
12204,2620,256,202
12205,2188,256,166
12206,2308,256,186
12207,2540,256,185
12208,2296,256,183
12209,2252,256,177
12210,2220,256,169
12211,1768,256,127
12212,1252,128,119
12213,1828,256,136
12214,2292,256,182
12215,2124,256,162
12216,2704,256,209
12217,1052,128,101
12218,2568,256,192
12219,956,128,93
12220,2108,256,162
12221,2844,256,217
12222,2148,256,167
12223,472,64,56
12224,2652,256,202
12225,2676,256,203
12226,936,128,87
12227,2960,256,225
12228,2568,256,193
12229,2616,256,193
12230,1300,128,122
12231,1332,128,127
12232,1212,128,113
12233,2200,256,169
12234,2560,256,190
12235,940,128,88
12236,2892,256,225
12237,2884,256,212
12238,1268,128,122
12239,5080,512,328
12240,2828,256,214
12241,2536,256,189
12242,2968,256,228
12243,928,128,87
12244,1976,256,155
12245,2828,256,213
12246,996,128,98
12247,2280,256,179
12248,1824,256,135
12249,2272,256,182
12250,2104,256,161
12251,516,64,63
12252,1924,256,144
12253,2300,256,178
12254,2256,256,177
12255,2252,256,177
12256,2160,256,160
12257,548,64,67
12258,2656,256,202
12259,532,64,63
12260,2792,256,215
12261,1272,128,120
12262,2908,256,225
12263,2172,256,168
12264,936,128,88
12265,980,128,95
12266,1820,256,134
12267,1228,128,116
12268,944,128,90
12269,1240,128,117
12270,2420,256,188
12271,1204,128,112
12272,2704,256,209
12273,2152,256,164
12274,1268,128,122
12275,2248,256,176
12276,2192,256,167
12277,1224,128,113
12278,1836,256,138
12279,2216,256,173
12280,3132,256,241
12281,932,128,88
12282,200,32,34
12283,1796,256,134
12284,900,128,84
12285,2968,256,228
12286,1272,128,123
12287,1936,256,146
12288,1228,128,113
12289,2848,256,218
12290,1224,128,113
12291,2356,256,187
12292,2232,256,172
12293,2180,256,170
12294,492,64,58
12295,2268,256,180
12296,2164,256,171
12297,1988,256,155
12298,2832,256,211
12299,2792,256,215
12300,2132,256,164
12301,1096,128,97
12302,2588,256,197
12303,2640,256,198
12304,2268,256,177
12305,1108,128,104
12306,448,64,51
12307,2532,256,189
12308,492,64,58
12309,2180,256,171
12310,2212,256,167
12311,2828,256,213
12312,2244,256,175
12313,2116,256,163
12314,520,64,64
12315,2164,256,171
12316,1232,128,114
12317,2544,256,188
12318,1240,128,115
12319,2580,256,195
12320,1252,128,118
12321,2220,256,170
12322,2544,256,187
12323,2864,256,219
12324,2520,256,186
12325,1252,128,118
12326,2660,256,203
12327,2420,256,190
12328,3000,256,235
12329,2704,256,210
12330,1212,128,114
12331,1336,128,124
12332,2668,256,201
12333,332,64,39
12334,1304,128,127
12335,1244,128,116
12336,1236,128,115
12337,1136,128,106
12338,1224,128,112
12339,2184,256,172
12340,380,64,47
12341,2276,256,182
12342,2260,256,179
12343,1276,128,120
12344,2096,256,158
12345,544,64,66
12346,2224,256,171
12347,2632,256,197
12348,2164,256,167
12349,2120,256,161
12350,1168,128,110
12351,852,128,81
12352,2544,256,187
12353,2760,256,208
12354,2272,256,181
12355,2808,256,209
12356,1248,128,118
12357,2256,256,178
12358,2088,256,153
12359,2884,256,223
12360,2132,256,163
12361,2184,256,165
12362,620,64,72
12363,1940,256,148
12364,2680,256,203
12365,1936,256,146
12366,1168,128,103
12367,2840,256,217
12368,2248,256,175
12369,2352,256,186
12370,1924,256,148
12371,2704,256,206
12372,2304,256,178
12373,1244,128,116
12374,2960,256,230
12375,2128,256,161
12376,284,32,42
12377,1212,128,109
12378,2356,256,186
12379,2260,256,179
12380,2148,256,167
12381,1236,128,115
12382,2196,256,168
12383,1056,128,91
12384,2012,256,154
12385,2940,256,225
12386,944,128,91
12387,2620,256,193
12388,1240,128,115
12389,1224,128,113
12390,1008,128,95
12391,2784,256,213
12392,1216,128,109
12393,2256,256,178
12394,2724,256,210
12395,1236,128,115
12396,944,128,91
12397,2592,256,194
12398,2992,256,233
12399,2188,256,166
12400,2052,256,158
12401,2968,256,231
12402,844,128,79
12403,1864,256,141
12404,1272,128,119
12405,2724,256,214
12406,1944,256,149
12407,500,64,60
12408,2568,256,193
12409,2960,256,229
12410,1232,128,114
12411,2912,256,225
12412,1240,128,117
12413,2160,256,166
12414,2612,256,199
12415,484,64,55
12416,1924,256,145
12417,504,64,60
12418,1164,128,108
12419,1184,128,114
12420,2248,256,176
12421,1180,128,106
12422,1148,128,108
12423,1132,128,105
12424,2292,256,182
12425,2184,256,172
12426,2360,256,187
12427,2396,256,185
12428,2252,256,176
12429,988,128,97
12430,1244,128,117
12431,2292,256,182
12432,1204,128,112
12433,2108,256,158
12434,2236,256,172
12435,2888,256,219
12436,2660,256,203
12437,1232,128,113
12438,1272,128,120
12439,1932,256,146
12440,524,64,62
12441,908,128,86
12442,1240,128,116
12443,764,128,68
12444,2596,256,195
12445,2880,256,220
12446,1244,128,117
12447,2176,256,170
12448,376,64,46
12449,1132,128,106
12450,2708,256,210
12451,2236,256,173
12452,2244,256,175
12453,504,64,61
12454,464,64,55
12455,1256,128,119
12456,1244,128,118
12457,2676,256,203
12458,2948,256,227
12459,872,128,84
12460,2248,256,176
12461,928,128,87
12462,2248,256,176
12463,1248,128,117
12464,540,64,65
12465,1944,256,148
12466,2160,256,171
12467,1252,128,118
12468,2556,256,190
12469,2920,256,221
12470,2976,256,228
12471,916,128,85
12472,2116,256,160
12473,388,64,48
12474,1244,128,117
12475,1200,128,111
12476,2116,256,159
12477,884,128,81
12478,1224,128,112
12479,348,64,40
12480,2960,256,229
12481,2104,256,160
12482,2256,256,176
12483,2168,256,168
12484,1272,128,123
12485,1240,128,116
12486,2104,256,157
12487,3000,256,235
12488,2076,256,165
12489,1256,128,119
12490,376,64,46
12491,2960,256,230
12492,1332,128,122
12493,532,64,63
12494,2732,256,212
12495,1216,128,110
12496,2700,256,209
12497,1120,128,104
12498,2032,256,155
12499,1236,128,114
12500,1244,128,117
12501,3008,256,237
12502,2708,256,210
12503,2912,256,219
12504,2928,256,222
12505,1944,256,148
12506,2168,256,167
12507,2188,256,167
12508,1220,128,111
12509,2496,256,180
12510,1956,256,151
12511,1908,256,144
12512,2852,256,215
12513,2260,256,174
12514,2612,256,199
12515,2656,256,197
12516,2572,256,190
12517,2120,256,160
12518,512,64,63
12519,2256,256,177
12520,2968,256,228
12521,196,32,32
12522,200,32,33
12523,1792,256,128
12524,2236,256,173
12525,1268,128,122
12526,2652,256,201
12527,2232,256,173
12528,2636,256,197
12529,544,64,66
12530,2100,256,159
12531,2120,256,161
12532,924,128,87
12533,2836,256,215
12534,1240,128,116
12535,2192,256,166
12536,2980,256,230
12537,2148,256,168
12538,2100,256,157
12539,1328,128,126
12540,1252,128,119
12541,2360,256,187
12542,2700,256,204
12543,1304,128,127
12544,2564,256,191
12545,512,64,62
12546,2248,256,175
12547,1952,256,150
12548,1248,128,118
12549,1292,128,118
12550,1144,128,108
12551,2728,256,215
12552,2736,256,213
12553,2204,256,170
12554,2888,256,223
12555,2272,256,181
12556,2216,256,169
12557,1784,256,130
12558,2124,256,162
12559,960,128,93
12560,1940,256,148
12561,2664,256,201
12562,1252,128,118
12563,140,32,24
12564,532,64,63
12565,2684,256,204
12566,2828,256,213
12567,2244,256,174
12568,1348,128,126
12569,1420,128,128
12570,1264,128,121
12571,2256,256,174
12572,2192,256,174
12573,2568,256,192
12574,1976,256,151
12575,2240,256,174
12576,2620,256,200
12577,1968,256,150
12578,1244,128,116
12579,2824,256,212
12580,2592,256,198
12581,2112,256,159
12582,1244,128,116
12583,1184,128,114
12584,544,64,65
12585,2696,256,208
12586,2384,256,183
12587,972,128,96
12588,1104,128,99
12589,1848,256,137
12590,604,64,69
12591,2692,256,206
12592,1232,128,114
12593,2232,256,176
12594,1120,128,102
12595,1836,256,137
12596,2100,256,157
12597,2124,256,162
12598,1960,256,152
12599,1252,128,118
12600,500,64,60
12601,1804,256,131
12602,952,128,92
12603,3004,256,236
12604,816,128,76
12605,2092,256,157
12606,2248,256,176
12607,1996,256,156
12608,2808,256,209
12609,1948,256,150
12610,616,64,72
12611,2740,256,214
12612,2560,256,191
12613,932,128,88
12614,1964,256,153
12615,2184,256,172
12616,2640,256,199
12617,1236,128,116
12618,2248,256,176
12619,1240,128,116
12620,1224,128,112
12621,2280,256,183
12622,2100,256,160
12623,2852,256,214
12624,2440,256,192
12625,2648,256,201
12626,2692,256,207
12627,2268,256,176
12628,2580,256,196
12629,2844,256,218
12630,1264,128,122
12631,2144,256,166
12632,1816,256,132
12633,2688,256,206
12634,2568,256,192
12635,2676,256,202
12636,2848,256,214
12637,2580,256,195
12638,2656,256,199
12639,2696,256,207
12640,896,128,83
12641,2036,256,155
12642,2124,256,162
12643,760,128,67
12644,2312,256,187
12645,1224,128,112
12646,472,64,57
12647,2584,256,196
12648,2688,256,206
12649,864,128,83
12650,1208,128,112
12651,2560,256,191
12652,1932,256,146
12653,2064,256,162
12654,2976,256,233
12655,2676,256,203
12656,1212,128,113
12657,2396,256,185
12658,2812,256,210
12659,1900,256,138
12660,2268,256,180
12661,1296,128,124
12662,2808,256,210
12663,1248,128,118
12664,2660,256,203
12665,1392,128,122
12666,1204,128,108
12667,2268,256,181
12668,2616,256,200
12669,604,64,72
12670,2752,256,210
12671,1224,128,112
12672,2620,256,201
12673,1152,128,106
12674,1172,128,105
12675,2892,256,225
12676,1332,128,130
12677,1648,128,145
12678,2372,256,191
12679,3000,256,235
12680,2592,256,198
12681,2612,256,199
12682,2692,256,206
12683,2280,256,183
12684,2712,256,207
12685,2644,256,199
12686,1168,128,110
12687,2188,256,166
12688,2532,256,184
12689,2176,256,163
12690,2148,256,168
12691,1264,128,121
12692,556,64,69
12693,1272,128,119
12694,1288,128,123
12695,496,64,59
12696,1192,128,109
12697,2200,256,168
12698,2112,256,163
12699,2232,256,176
12700,2212,256,172
12701,1120,128,102
12702,1260,128,120
12703,1240,128,116
12704,1280,128,122
12705,1240,128,116
12706,1252,128,118
12707,2640,256,205
12708,2200,256,168
12709,1240,128,116
12710,2568,256,192
12711,1240,128,116
12712,1240,128,115
12713,2860,256,217
12714,232,32,37
12715,1220,128,111
12716,2256,256,179
12717,2112,256,158
12718,1888,256,140
12719,1240,128,115
12720,3032,256,239
12721,2572,256,189
12722,2292,256,182
12723,1184,128,107
12724,2164,256,167
12725,1984,256,154
12726,2892,256,226
12727,2612,256,199
12728,2160,256,166
12729,2656,256,198
12730,2124,256,162
12731,2976,256,230
12732,2172,256,169
12733,944,128,91
12734,2200,256,169
12735,1128,128,105
12736,2136,256,165
12737,2896,256,226
12738,916,128,85
12739,520,64,64
12740,2944,256,227
12741,2700,256,205
12742,2572,256,194
12743,1220,128,111
12744,1860,256,139
12745,2212,256,168
12746,2216,256,168
12747,2536,256,185
12748,3008,256,236
12749,2152,256,165
12750,2708,256,210
12751,1228,128,113
12752,1884,256,138
12753,2136,256,165
12754,1404,128,136
12755,2276,256,178
12756,1116,128,102
12757,2736,256,213
12758,2272,256,182
12759,2240,256,174
12760,556,64,69
12761,2044,256,157
12762,2508,256,183
12763,2104,256,157
12764,1232,128,115
12765,1408,128,126
12766,556,64,68
12767,2928,256,222
12768,1052,128,101
12769,2240,256,174
12770,2240,256,178
12771,2940,256,224
12772,1256,128,120
12773,1928,256,144
12774,2220,256,169
12775,1968,256,154
12776,2868,256,219
12777,2220,256,173
12778,1840,256,135
12779,2660,256,200
12780,2212,256,170
12781,456,64,54
12782,624,64,74
12783,2228,256,172
12784,2680,256,204
12785,2120,256,161
12786,1932,256,145
12787,2704,256,205
12788,2568,256,192
12789,2652,256,201
12790,2212,256,167
12791,1240,128,115
12792,2232,256,171
12793,1868,256,142
12794,2224,256,170
12795,1976,256,152
12796,924,128,87
12797,2852,256,215
12798,2544,256,187
12799,2848,256,218
12800,2116,256,160
12801,2168,256,168
12802,2168,256,167
12803,1944,256,148
12804,1872,256,136
12805,1972,256,151
12806,2652,256,201
12807,2836,256,215
12808,2016,256,161
12809,2232,256,172
12810,2568,256,192
12811,1172,128,110
12812,2144,256,166
12813,184,32,30
12814,2220,256,169
12815,2844,256,214
12816,1804,256,134
12817,1964,256,153
12818,1156,128,106
12819,2144,256,166
12820,1920,256,147
12821,1696,128,150
12822,2648,256,195
12823,2628,256,195
12824,2152,256,168
12825,2120,256,160
12826,868,128,83
12827,1824,256,134
12828,1900,256,139
12829,1244,128,117
12830,1252,128,119
12831,2540,256,186
12832,2796,256,216
12833,2112,256,158
12834,2296,256,183
12835,2116,256,159
12836,1984,256,154
12837,2616,256,194
12838,2512,256,185
12839,2112,256,158
12840,1116,128,102
12841,1224,128,112
12842,1324,128,125
12843,2240,256,170
12844,1232,128,115
12845,1236,128,115
12846,1372,128,121
12847,2144,256,166
12848,2164,256,171
12849,2144,256,166
12850,1232,128,114
12851,1272,128,123
12852,956,128,92
12853,1116,128,103
12854,2804,256,218
12855,2132,256,164
12856,488,64,58
12857,496,64,62
12858,2580,256,195
12859,2688,256,206
12860,1248,128,119
12861,2224,256,174
12862,2684,256,205
12863,1288,128,123
12864,1236,128,115
12865,808,128,73
12866,2216,256,168
12867,2236,256,177
12868,2724,256,209
12869,2144,256,166
12870,552,64,68
12871,2116,256,160
12872,940,128,89
12873,2240,256,174
12874,1232,128,114
12875,1244,128,116
12876,2216,256,172
12877,2140,256,165
12878,2216,256,173
12879,1944,256,148
12880,1840,256,138
12881,1764,256,125
12882,4412,512,281
12883,2940,256,224
12884,2244,256,174
12885,1168,128,110
12886,1104,128,98
12887,2192,256,167
12888,1152,128,106
12889,2988,256,232
12890,1936,256,147
12891,1128,128,105
12892,2092,256,158
12893,1116,128,102
12894,520,64,60
12895,2236,256,173
12896,868,128,83
12897,4604,512,300
12898,1236,128,115
12899,2628,256,198
12900,948,128,90
12901,2720,256,209
12902,2600,256,196
12903,1844,256,140
12904,2268,256,180
12905,2336,256,181
12906,2228,256,171
12907,2168,256,172
12908,2692,256,206
12909,332,32,49
12910,2240,256,174
12911,472,64,54
12912,1152,128,107
12913,1304,128,120
12914,2952,256,227
12915,2020,256,162
12916,2236,256,173
12917,1220,128,111
12918,2252,256,176
12919,1244,128,117
12920,2364,256,188
12921,940,128,90
12922,2288,256,185
12923,2692,256,203
12924,1240,128,116
12925,1244,128,116
12926,1984,256,153
12927,1972,256,150
12928,2540,256,189
12929,848,128,79
12930,532,64,63
12931,2644,256,199
12932,1268,128,122
12933,2292,256,185
12934,536,64,64
12935,1120,128,106
12936,2968,256,231
12937,2852,256,219
12938,908,128,83
12939,2840,256,212
12940,1196,128,110
12941,904,128,82
12942,1936,256,146
12943,2572,256,193
12944,2516,256,184
12945,1984,256,153
12946,2540,256,186
12947,2404,256,187
12948,1244,128,117
12949,2236,256,173
12950,1928,256,146
12951,1252,128,119
12952,1220,128,111
12953,492,64,57
12954,2236,256,173
12955,2956,256,229
12956,2140,256,161
12957,2568,256,192
12958,2572,256,193
12959,1848,256,142
12960,1244,128,116
12961,2252,256,177
12962,188,32,31
12963,1232,128,114
12964,2832,256,211
12965,2736,256,212
12966,1208,128,112
12967,2548,256,191
12968,1232,128,114
12969,1236,128,115
12970,828,128,78
12971,2304,256,185
12972,2868,256,219
12973,940,128,89
12974,1136,128,106
12975,1228,128,113
12976,2172,256,169
12977,2940,256,224
12978,2668,256,202
12979,1212,128,109
12980,2832,256,210
12981,2608,256,201
12982,2232,256,172
12983,2052,256,159
12984,1976,128,171
12985,2252,256,176
12986,2928,256,222
12987,2688,256,205
12988,1824,256,134
12989,2636,256,197
12990,2572,256,194
12991,492,64,58
12992,2344,256,184
12993,936,128,89
12994,488,64,57
12995,1264,128,122
12996,1872,256,142
12997,2048,256,158
12998,980,128,95
12999,1232,128,114
13000,1880,256,144
13001,1352,128,127
13002,2320,256,181
13003,2428,256,199
13004,2048,256,157
13005,944,128,90
13006,216,32,33
13007,2552,256,192
13008,2112,256,159
13009,2292,256,186
13010,820,128,76
13011,2168,256,168
13012,2236,256,174
13013,2540,256,186
13014,2688,256,205
13015,1244,128,116
13016,2840,256,213
13017,2272,256,177
13018,2164,256,167
13019,2120,256,161
13020,1196,128,110
13021,2200,256,169
13022,2072,256,164
13023,1820,256,134
13024,2116,256,160
13025,2588,256,192
13026,148,32,26
13027,2536,256,184
13028,1224,128,111
13029,2816,256,210
13030,1916,256,142
13031,1988,256,155
13032,1412,128,137
13033,2868,256,218
13034,2128,256,163
13035,2936,256,224
13036,2964,256,231
13037,2596,256,194
13038,2240,256,174
13039,2284,256,181
13040,2644,256,198
13041,1952,256,146
13042,2220,256,169
13043,1224,128,113
13044,2168,256,168
13045,1980,256,154
13046,2016,256,154
13047,1124,128,103
13048,2228,256,171
13049,968,128,92
13050,1236,128,115
13051,2516,256,184
13052,2240,256,173
13053,2528,256,187
13054,2632,256,204
13055,1256,128,119
13056,1064,128,94
13057,2980,256,230
13058,2224,256,174
13059,2772,256,211
13060,532,64,63
13061,2672,256,202
13062,1984,256,158
13063,2284,256,180
13064,2736,256,213
13065,1264,128,121
13066,2644,256,202
13067,1248,128,117
13068,2256,256,177
13069,1916,256,142
13070,2240,256,175
13071,2240,256,174
13072,1112,128,100
13073,1056,128,102
13074,1132,128,105
13075,2248,256,176
13076,2260,256,179
13077,956,128,93
13078,2240,256,173
13079,1896,256,141
13080,2244,256,175
13081,2220,256,173
13082,952,128,92
13083,2636,256,197
13084,2196,256,167
13085,2608,256,197
13086,2248,256,175
13087,540,64,65
13088,1928,256,145
13089,1172,128,110
13090,1272,128,120
13091,2232,256,171
13092,3016,256,235
13093,2296,256,183
13094,2284,256,180
13095,1172,128,111
13096,1296,128,125
13097,200,32,33
13098,2380,256,192
13099,2032,256,158
13100,2700,256,204
13101,1272,128,124
13102,2204,256,169
13103,2148,256,167
13104,1264,128,121
13105,2200,256,175
13106,1072,128,96
13107,2644,256,196
13108,2880,256,222
13109,2696,256,207
13110,2564,256,191
13111,516,64,63
13112,2236,256,173
13113,1124,128,104
13114,2560,256,191
13115,2224,256,171
13116,2192,256,167
13117,472,64,57
13118,1184,128,107
13119,1264,128,118
13120,1224,128,112
13121,2172,256,169
13122,2188,256,166
13123,1156,128,107
13124,1952,256,151
13125,2592,256,194
13126,1260,128,117
13127,1936,256,146
13128,1172,128,104
13129,1844,256,136
13130,1160,128,108
13131,924,128,86
13132,2844,256,213
13133,2548,256,188
13134,2844,256,217
13135,2240,256,174
13136,404,64,51
13137,2628,256,203
13138,1940,256,149
13139,2068,256,163
13140,1940,256,148
13141,5128,512,335
13142,2704,256,209
13143,2004,256,158
13144,2524,256,186
13145,2408,256,184
13146,1200,128,111
13147,2344,256,187
13148,2736,256,213
13149,2052,256,159
13150,2668,256,202
13151,240,32,39
13152,1944,256,149
13153,2256,256,178
13154,2944,256,227
13155,2596,256,195
13156,2836,256,215
13157,2412,256,195
13158,2528,256,186
13159,1296,128,125
13160,1128,128,105
13161,2256,256,173
13162,2704,256,209
13163,2628,256,195
13164,2564,256,191
13165,2252,256,177
13166,2648,256,196
13167,1216,128,114
13168,1836,256,138
13169,2668,256,202
13170,2552,256,190
13171,1904,256,139
13172,1372,128,121
13173,2540,256,190
13174,2232,256,173
13175,1272,128,123
13176,1252,128,118
13177,936,128,88
13178,488,64,57
13179,1120,128,102
13180,2176,256,170
13181,2276,256,177
13182,2600,256,195
13183,516,64,63
13184,984,128,95
13185,512,64,62
13186,2140,256,165
13187,1168,128,111
13188,2244,256,175
13189,936,128,88
13190,548,64,67
13191,2960,256,230
13192,2080,256,156
13193,2676,256,204
13194,952,128,91
13195,1280,128,121
13196,2172,256,169
13197,1180,128,106
13198,2644,256,199
13199,2532,256,188
13200,2124,256,161
13201,2100,256,160
13202,1204,128,112
13203,2500,256,179
13204,2744,256,215
13205,2812,256,219
13206,2088,256,158
13207,2956,256,228
13208,1136,128,106
13209,1900,256,138
13210,2868,256,219
13211,2180,256,164
13212,2260,256,178
13213,2548,256,189
13214,1248,128,118
13215,2672,256,205
13216,1116,128,102
13217,2280,256,183
13218,2076,256,164
13219,3016,256,239
13220,2540,256,186
13221,1968,256,150
13222,1884,256,144
13223,1140,128,108
13224,2052,256,160
13225,2164,256,167
13226,2152,256,169
13227,1244,128,117
13228,2168,256,167
13229,2252,256,178
13230,2656,256,198
13231,904,128,85
13232,1188,128,114
13233,1268,128,122
13234,540,64,64
13235,544,64,66
13236,2660,256,203
13237,1988,256,155
13238,2592,256,197
13239,2884,256,222
13240,1892,256,140
13241,1260,128,121
13242,4968,512,324
13243,536,64,64
13244,496,64,59
13245,1232,128,113
13246,1164,128,108
13247,2848,256,218
13248,2664,256,200
13249,856,128,80
13250,2320,256,185
13251,2252,256,177
13252,2224,256,171
13253,2196,256,168
13254,2048,256,157
13255,2272,256,181
13256,1844,256,136
13257,2364,256,188
13258,1232,128,114
13259,972,128,93
13260,4844,512,313
13261,2556,256,189
13262,2664,256,203
13263,1992,256,155
13264,1208,128,113
13265,4620,512,304
13266,2096,256,159
13267,1244,128,117
13268,2592,256,198
13269,2264,256,179
13270,2196,256,168
13271,1264,128,122
13272,2004,256,158
13273,2588,256,193
13274,2276,256,178
13275,2128,256,162
13276,868,128,84
13277,1240,128,116
13278,2688,256,207
13279,2216,256,169
13280,2588,256,196
13281,1240,128,117
13282,2684,256,205
13283,2644,256,199
13284,2256,256,173
13285,1984,256,154
13286,1232,128,114
13287,2200,256,168
13288,1908,256,141
13289,2224,256,171
13290,544,64,65
13291,2564,256,192
13292,1204,128,111
13293,2264,256,179
13294,2108,256,158
13295,1236,128,114
13296,1204,128,112
13297,2260,256,179
13298,2284,256,180
13299,2064,256,162
13300,2528,256,187
13301,2180,256,165
13302,2280,256,179
13303,1216,128,111
13304,1244,128,117
13305,2244,256,175
13306,2936,256,224
13307,2644,256,199
13308,1228,128,114
13309,1324,128,126
13310,2012,256,154
13311,2304,256,181
13312,2836,256,212
13313,796,128,71
13314,3096,256,247
13315,2368,256,190
13316,1828,256,136
13317,2304,256,184
13318,836,128,77
13319,1320,128,125
13320,2676,256,203
13321,448,64,52
13322,1972,256,151
13323,2264,256,179
13324,496,64,59
13325,2612,256,199
13326,1276,128,120
13327,2056,256,160
13328,1280,128,121
13329,2184,256,171
13330,1088,128,100
13331,2112,256,162
13332,1952,256,150
13333,2928,256,229
13334,1076,128,96
13335,1236,128,115
13336,2880,256,217
13337,2660,256,203
13338,2644,256,198
13339,1932,256,146
13340,4828,512,313
13341,556,64,69
13342,976,128,94
13343,1264,128,121
13344,2092,256,158
13345,2820,256,212
13346,1160,128,109
13347,2744,256,214
13348,2712,256,212
13349,2540,256,187
13350,1136,128,107
13351,2236,256,174
13352,1184,128,112
13353,1236,128,115
13354,2852,256,215
13355,1232,128,114
13356,2108,256,158
13357,1256,128,120
13358,2068,256,163
13359,2152,256,158
13360,2596,256,194
13361,1088,128,99
13362,2620,256,195
13363,2056,256,159
13364,2676,256,204
13365,2056,256,160
13366,2568,256,192
13367,1944,256,148
13368,2244,256,174
13369,2828,256,213
13370,1968,256,150
13371,2652,256,202
13372,2696,256,208
13373,1932,256,146
13374,1228,128,113
13375,1972,256,151
13376,952,128,92
13377,2520,256,185
13378,2596,256,194
13379,2324,256,183
13380,2884,256,222
13381,1808,256,132
13382,1372,128,121
13383,1204,128,107
13384,1944,256,148
13385,1248,128,117
13386,544,64,65
13387,2908,256,224
13388,2556,256,189
13389,476,64,58
13390,1280,128,121
13391,2876,256,221
13392,500,64,60
13393,2112,256,160
13394,2096,256,155
13395,2976,256,234
13396,2248,256,176
13397,1152,128,106
13398,2576,256,194
13399,2044,256,147
13400,2632,256,199
13401,2256,256,178
13402,2520,256,185
13403,2868,256,219
13404,2684,256,205
13405,2688,256,206
13406,2212,256,172
13407,2248,256,175
13408,2052,256,159
13409,2952,256,227
13410,2988,256,233
13411,1252,128,119
13412,2852,256,214
13413,1228,128,113
13414,780,128,71
13415,808,128,73
13416,2252,256,173
13417,2604,256,197
13418,2220,256,169
13419,996,128,98
13420,1148,128,109
13421,2272,256,181
13422,572,64,72
13423,2108,256,158
13424,1920,256,144
13425,1220,128,115
13426,512,64,62
13427,1184,128,107
13428,2956,256,229
13429,972,128,93
13430,2236,256,173
13431,548,64,66
13432,2216,256,168
13433,1220,128,116
13434,2592,256,194
13435,1876,256,136
13436,1840,256,136
13437,2584,256,195
13438,2252,256,176
13439,2208,256,171
13440,2256,256,177
13441,2268,256,180
13442,916,128,84
13443,2640,256,198
13444,1968,256,153
13445,2168,256,168
13446,508,64,61
13447,1948,256,149
13448,984,128,96
13449,2224,256,169
13450,2128,256,163
13451,2692,256,206
13452,532,64,63
13453,1276,128,121
13454,1864,256,141
13455,2716,256,212
13456,936,128,88
13457,2992,256,233
13458,1232,128,114
13459,2172,256,169
13460,2860,256,221
13461,2732,256,212
13462,2740,256,214
13463,2244,256,175
13464,2456,256,192
13465,1908,256,144
13466,2272,256,177
13467,2216,256,172
13468,1184,128,107
13469,2456,256,195
13470,1968,256,154
13471,1244,128,117
13472,596,64,73
13473,1256,128,120
13474,2248,256,176
13475,1888,256,139
13476,2288,256,181
13477,1240,128,116
13478,2268,256,177
13479,1928,256,145
13480,2960,256,230
13481,1264,128,121
13482,2740,256,213
13483,1256,128,115
13484,1552,128,145
13485,1136,128,107
13486,2880,256,222
13487,1148,128,108
13488,2124,256,161
13489,2120,256,160
13490,1944,256,145
13491,1244,128,117
13492,2252,256,177
13493,2136,256,165
13494,1004,128,96
13495,2096,256,159
13496,516,64,63
13497,2936,256,224
13498,1236,128,115
13499,2904,256,223
13500,2596,256,195
13501,2672,256,202
13502,528,64,62
13503,524,64,64
13504,500,64,60
13505,2244,256,176
13506,1184,128,107
13507,812,128,75
13508,2144,256,166
13509,2256,256,178
13510,2888,256,224
13511,2244,256,175
13512,2680,256,204
13513,496,64,59
13514,1944,256,148
13515,1220,128,112
13516,2084,256,152
13517,988,128,97
13518,1812,256,132
13519,1216,128,111
13520,2660,256,199
13521,548,64,66
13522,2080,256,166
13523,2648,256,196
13524,2196,256,167
13525,2680,256,204
13526,2196,256,168
13527,2256,256,177
13528,2168,256,160
13529,1416,128,138
13530,1272,128,123
13531,504,64,60
13532,2228,256,171
13533,2676,256,203
13534,2224,256,173
13535,2948,256,228
13536,1176,128,113
13537,1144,128,104
13538,2948,256,227
13539,2532,256,188
13540,2996,256,235
13541,2580,256,196
13542,2116,256,160
13543,2084,256,157
13544,1988,256,154
13545,2672,256,202
13546,1240,128,116
13547,2568,256,192
13548,2688,256,201
13549,2608,256,198
13550,2292,256,182
13551,2948,256,222
13552,1944,256,148
13553,2360,256,187
13554,2848,256,214
13555,1252,128,118
13556,1860,256,144
13557,1912,256,141
13558,1928,256,145
13559,1248,128,118
13560,636,64,76
13561,2712,256,207
13562,1208,128,113
13563,2628,256,202
13564,2840,256,217
13565,2896,256,222
13566,4216,512,264
13567,2800,256,206
13568,528,64,65
13569,1192,128,109
13570,2248,256,177
13571,1168,128,104
13572,2944,256,226
13573,504,64,60
13574,1956,256,151
13575,1976,256,152
13576,2276,256,182
13577,2628,256,196
13578,1224,128,112
13579,2128,256,163
13580,820,128,76
13581,1156,128,111
13582,1196,128,110
13583,2260,256,175
13584,1260,128,120
13585,2076,256,154
13586,2360,256,187
13587,532,64,64
13588,832,128,75
13589,520,64,64
13590,2612,256,200
13591,2232,256,176
13592,1244,128,117
13593,2224,256,170
13594,2820,256,210
13595,2140,256,166
13596,2596,256,195
13597,2220,256,170
13598,228,32,36
13599,2784,256,203
13600,2856,256,216
13601,2860,256,218
13602,2136,256,164
13603,1176,128,112
13604,536,64,64
13605,540,64,65
13606,2568,256,192
13607,2816,256,211
13608,2096,256,154
13609,2820,256,211
13610,2148,256,164
13611,1940,256,147
13612,2172,256,169
13613,1184,128,113
13614,968,128,92
13615,2124,256,162
13616,1180,128,106
13617,1264,128,122
13618,2824,256,212
13619,2688,256,206
13620,2264,256,179
13621,2240,256,174
13622,1996,256,157
13623,2688,256,206
13624,1612,128,141
13625,2944,256,226
13626,968,128,95
13627,2208,256,170
13628,1932,256,146
13629,2984,256,231
13630,1880,256,145
13631,1248,128,118
13632,2484,256,198
13633,3024,256,241
13634,2068,256,162
13635,2864,256,222
13636,2284,256,180
13637,856,128,81
13638,2832,256,214
13639,2248,256,175
13640,1124,128,103
13641,1240,128,116
13642,1404,128,125
13643,2824,256,212
13644,1400,128,128
13645,556,64,68
13646,2524,256,187
13647,2672,256,205
13648,2696,256,207
13649,504,64,60
13650,2632,256,203
13651,1892,256,141
13652,2264,256,179
13653,1244,128,116
13654,1328,128,126
13655,1952,256,150
13656,1224,128,113
13657,2704,256,209
13658,2868,256,219
13659,2552,256,193
13660,2588,256,193
13661,948,128,92
13662,1256,128,119
13663,948,128,90
13664,2612,256,199
13665,1236,128,115
13666,2200,256,168
13667,544,64,65
13668,2944,256,226
13669,2192,256,174
13670,1252,128,119
13671,2876,256,221
13672,1288,128,122
13673,2020,256,155
13674,2580,256,195
13675,1860,256,143
13676,1180,128,113
13677,2560,256,189
13678,2112,256,159
13679,2940,256,225
13680,1972,256,151
13681,2240,256,173
13682,2196,256,168
13683,2840,256,212
13684,2520,256,184
13685,2152,256,168
13686,4528,512,297
13687,1360,128,119
13688,1236,128,115
13689,3004,256,235
13690,2548,256,187
13691,1248,128,118
13692,1240,128,119
13693,2684,256,205
13694,2368,256,179
13695,556,64,68
13696,2584,256,196
13697,1240,128,115
13698,1960,256,148
13699,2692,256,207
13700,2608,256,198
13701,2720,256,209
13702,2996,256,233
13703,4832,512,325
13704,536,64,64
13705,1992,256,156
13706,2920,256,220
13707,2548,256,187
13708,1868,256,142
13709,1116,128,112
13710,2912,256,225
13711,2908,256,224
13712,2736,256,206
13713,2680,256,200
13714,2248,256,176
13715,2952,256,228
13716,2816,256,211
13717,2088,256,164
13718,2792,256,215
13719,2648,256,201
13720,1848,256,141
13721,1128,128,104
13722,2816,256,221
13723,1976,256,155
13724,1808,256,131
13725,1140,128,108
13726,2872,256,220
13727,1208,128,113
13728,188,32,30
13729,2204,256,169
13730,2712,256,212
13731,2668,256,200
13732,524,64,65
13733,2324,256,190
13734,2552,256,189
13735,1228,128,113
13736,2268,256,180
13737,1108,128,100
13738,2628,256,196
13739,776,128,70
13740,1932,256,146
13741,2948,256,227
13742,2228,256,170
13743,2840,256,216
13744,552,64,68
13745,2620,256,194
13746,484,64,56
13747,2548,256,188
13748,828,128,78
13749,200,32,33
13750,2152,256,165
13751,2176,256,169
13752,2624,256,195
13753,2232,256,176
13754,960,128,94
13755,2412,256,186
13756,2924,256,221
13757,2660,256,200
13758,2120,256,161
13759,2880,256,222
13760,2640,256,199
13761,2868,256,219
13762,1956,256,151
13763,1236,128,115
13764,2156,256,165
13765,540,64,65
13766,2580,256,196
13767,2272,256,181
13768,2828,256,214
13769,2196,256,168
13770,2268,256,181
13771,2992,256,234
13772,2672,256,203
13773,1972,256,150
13774,2132,256,163
13775,1940,256,147
13776,2780,256,216
13777,2868,256,219
13778,2976,256,230
13779,980,128,94
13780,2800,256,217
13781,548,64,66
13782,2236,256,172
13783,2216,256,172
13784,1192,128,109
13785,1244,128,117
13786,2268,256,180
13787,2240,256,173
13788,2708,256,211
13789,1152,128,106
13790,2620,256,201
13791,2960,256,225
13792,2720,256,210
13793,2380,256,193
13794,2504,256,181
13795,1936,256,147
13796,2520,256,185
13797,1956,256,151
13798,2652,256,198
13799,2228,256,171
13800,1188,128,108
13801,1116,128,102
13802,2268,256,180
13803,2844,256,213
13804,2568,256,193
13805,2236,256,173
13806,2288,256,181
13807,768,128,69
13808,1944,256,149
13809,2272,256,181
13810,2964,256,227
13811,2720,256,210
13812,504,64,60
13813,2956,256,229
13814,2516,256,185
13815,2688,256,205
13816,2708,256,210
13817,1252,128,118
13818,1836,256,138
13819,1220,128,115
13820,2696,256,207
13821,2240,256,174
13822,1140,128,107
13823,1788,256,127
13824,2660,256,199
13825,2956,256,229
13826,2180,256,170
13827,2824,256,212
13828,2888,256,224
13829,2224,256,171
13830,2916,256,226
13831,2256,256,178
13832,2172,256,168
13833,2252,256,176
13834,2292,256,186
13835,1928,256,145
13836,1288,128,123
13837,2648,256,200
13838,2632,256,197
13839,1748,256,122
13840,2160,256,166
13841,2672,256,202
13842,2616,256,200
13843,1292,128,124
13844,2684,256,205
13845,2068,256,162
13846,1248,128,118
13847,1252,128,118
13848,2736,256,213
13849,504,64,61
13850,2352,256,185
13851,2660,256,203
13852,2976,256,229
13853,2924,256,221
13854,2692,256,206
13855,2804,256,218
13856,2216,256,172
13857,964,128,94
13858,1124,128,103
13859,2644,256,200
13860,1304,128,127
13861,2316,256,181
13862,2256,256,178
13863,2996,256,234
13864,2824,256,212
13865,932,128,88
13866,2652,256,204
13867,1248,128,117
13868,2128,256,158
13869,1124,128,103
13870,1048,128,100
13871,548,64,67
13872,1068,128,94
13873,1256,128,119
13874,928,128,86
13875,932,128,88
13876,504,64,61
13877,2104,256,161
13878,2672,256,201
13879,2120,256,160
13880,516,64,63
13881,2044,256,157
13882,2852,256,219
13883,1204,128,112
13884,1892,256,140
13885,1292,128,124
13886,2156,256,170
13887,2668,256,202
13888,2188,256,166
13889,1132,128,102
13890,544,64,66
13891,2172,256,163
13892,388,64,47
13893,2092,256,168
13894,980,128,95
13895,972,128,92
13896,496,64,59
13897,2696,256,207
13898,2728,256,211
13899,2728,256,211
13900,2900,256,226
13901,1168,128,110
13902,492,64,58
13903,1188,128,108
13904,1212,128,114
13905,2112,256,159
13906,2232,256,172
13907,1088,128,99
13908,2608,256,198
13909,1252,128,119
13910,1920,256,142
13911,5844,512,371
13912,952,128,91
13913,1240,128,116
13914,1236,128,115
13915,2672,256,201
13916,1940,256,148
13917,2180,256,171
13918,2636,256,198
13919,2648,256,196
13920,2572,256,193
13921,2872,256,220
13922,988,128,97
13923,2936,256,224
13924,2152,256,169
13925,1304,128,127
13926,2844,256,214
13927,2952,256,228
13928,2240,256,174
13929,2524,256,182
13930,2612,256,198
13931,2176,256,169
13932,944,128,90
13933,2240,256,174
13934,4440,512,282
13935,2960,256,229
13936,2668,256,201
13937,2656,256,199
13938,1244,128,117
13939,1872,256,145
13940,1224,128,113
13941,1248,128,118
13942,2652,256,201
13943,932,128,87
13944,2192,256,167
13945,2580,256,192
13946,2252,256,177
13947,2224,256,171
13948,2192,256,168
13949,2216,256,172
13950,2236,256,172
13951,2244,256,175
13952,2604,256,197
13953,1268,128,122
13954,2248,256,175
13955,928,128,87
13956,2260,256,178
13957,2228,256,171
13958,1216,128,111
13959,2216,256,169
13960,2648,256,200
13961,2860,256,216
13962,1208,128,108
13963,2900,256,226
13964,1192,128,108
13965,1260,128,121
13966,2660,256,199
13967,1268,128,122
13968,2264,256,179
13969,2888,256,224
13970,2024,256,156
13971,1956,256,151
13972,2872,256,220
13973,2840,256,216
13974,2272,256,181
13975,2628,256,196
13976,2248,256,175
13977,2140,256,162
13978,1956,256,151
13979,1220,128,115
13980,484,64,57
13981,2256,256,177
13982,1236,128,114
13983,2212,256,172
13984,2252,256,177
13985,4188,512,262
13986,1764,256,126
13987,1272,128,123
13988,1108,128,110
13989,2652,256,201
13990,1240,128,116
13991,908,128,86
13992,2948,256,227
13993,1904,128,166
13994,2688,256,205
13995,1292,128,124
13996,1240,128,115
13997,2564,256,192
13998,1200,128,110
13999,2176,256,163
14000,2104,256,157
14001,2636,256,198
14002,2652,256,201
14003,540,64,65
14004,3036,256,240
14005,552,64,67
14006,2664,256,199
14007,2264,256,176
14008,2852,256,221
14009,2124,256,161
14010,2564,256,191
14011,956,128,92
14012,2552,256,189
14013,2876,256,221
14014,2844,256,218
14015,1244,128,116
14016,2664,256,204
14017,2432,256,200
14018,924,128,87
14019,1276,128,120
14020,2252,256,176
14021,2868,256,220
14022,2228,256,170
14023,2252,256,177
14024,2860,256,221
14025,2860,256,217
14026,2664,256,204
14027,1220,128,111
14028,496,64,59
14029,1768,256,127
14030,2556,256,190
14031,2664,256,204
14032,1956,256,152
14033,2136,256,164
14034,2244,256,175
14035,2244,256,175
14036,2120,256,161
14037,2076,256,165
14038,2240,256,175
14039,2232,256,172
14040,2868,256,218
14041,1268,128,123
14042,2252,256,176
14043,2840,256,217
14044,1128,128,105
14045,552,64,68
14046,2956,256,230
14047,524,64,65
14048,2168,256,168
14049,2928,256,222
14050,912,128,83
14051,2832,256,214
14052,2616,256,200
14053,1240,128,116
14054,2984,256,232
14055,1672,128,144
14056,2564,256,192
14057,944,128,90
14058,980,128,95
14059,1940,256,148
14060,2088,256,158
14061,804,128,74
14062,504,64,60
14063,2244,256,175
14064,2092,256,159
14065,2592,256,194
14066,1928,256,144
14067,1256,128,120
14068,2248,256,176
14069,968,128,92
14070,1296,128,125
14071,2252,256,177
14072,1236,128,115
14073,1564,128,134
14074,2604,256,190
14075,1108,128,103
14076,856,128,81
14077,2424,256,188
14078,1900,256,142
14079,2092,256,154
14080,2420,256,187
14081,2232,256,172
14082,1928,256,145
14083,2256,256,177
14084,1252,128,119
14085,2696,256,204
14086,2740,256,214
14087,1244,128,117
14088,2984,256,231
14089,88,16,22
14090,1928,256,145
14091,2672,256,202
14092,528,64,62
14093,1284,128,121
14094,2216,256,167
14095,2980,256,230
14096,2356,256,186
14097,1244,128,117
14098,2244,256,175
14099,996,128,99
14100,2732,256,205
14101,2212,256,171
14102,520,64,63
14103,932,128,87
14104,2548,256,187
14105,1784,256,130
14106,2324,256,183
14107,2408,256,188
14108,2700,256,204
14109,520,64,61
14110,2668,256,201
14111,2260,256,179
14112,2884,256,223
14113,2228,256,171
14114,2248,256,177
14115,2100,256,166
14116,2984,256,232
14117,2116,256,159
14118,1132,128,106
14119,2356,256,186
14120,5076,512,338
14121,2844,256,218
14122,1224,128,112
14123,1952,256,150
14124,1248,128,118
14125,2132,256,164
14126,1248,128,118
14127,2256,256,178
14128,2240,256,173
14129,2852,256,219
14130,2680,256,204
14131,2344,256,184
14132,2212,256,172
14133,2976,256,234
14134,2612,256,199
14135,2868,256,219
14136,2220,256,168
14137,1968,256,149
14138,1912,256,141
14139,988,128,96
14140,2244,256,175
14141,1248,128,119
14142,2212,256,171
14143,2272,256,178
14144,1248,128,119
14145,2612,256,199
14146,1236,128,115
14147,964,128,96
14148,1260,128,121
14149,2948,256,227
14150,2572,256,193
14151,2244,256,175
14152,1020,128,97
14153,1248,128,118
14154,976,128,94
14155,2700,256,208
14156,2256,256,178
14157,2744,256,215
14158,2892,256,224
14159,2144,256,166
14160,1968,256,153
14161,2676,256,203
14162,3004,256,236
14163,2244,256,176
14164,2872,256,220
14165,2932,256,224
14166,980,128,95
14167,2876,256,221
14168,2852,256,215
14169,2252,256,177
14170,1228,128,114
14171,2628,256,195
14172,1260,128,120
14173,1992,256,156
14174,2628,256,196
14175,2256,256,178
14176,2256,256,177
14177,936,128,89
14178,1896,256,142
14179,1168,128,109
14180,2196,256,164
14181,2804,256,207
14182,496,64,58
14183,2212,256,171
14184,548,64,67
14185,2804,256,218
14186,2236,256,174
14187,2148,256,164
14188,2564,256,192
14189,188,32,31
14190,2720,256,209
14191,1256,128,120
14192,2248,256,176
14193,2784,256,203
14194,2868,256,222
14195,2592,256,197
14196,952,128,91
14197,2824,256,211
14198,2928,256,222
14199,2212,256,167
14200,2152,256,164
14201,2600,256,189
14202,2980,256,230
14203,2532,256,189
14204,1232,128,114
14205,2956,256,229
14206,2684,256,206
14207,1244,128,117
14208,2128,256,162
14209,224,32,35
14210,1180,128,106
14211,2116,256,160
14212,2580,256,195
14213,2648,256,200
14214,2684,256,204
14215,848,128,79
14216,2936,256,231
14217,500,64,60
14218,2120,256,164
14219,1924,256,143
14220,1244,128,117
14221,1316,128,123
14222,2264,256,179
14223,1356,128,128
14224,2236,256,173
14225,1208,128,108
14226,2228,256,172
14227,2244,256,175
14228,2804,256,218
14229,2264,256,179
14230,2412,256,185
14231,2904,256,216
14232,1268,128,122
14233,3008,256,233
14234,3016,256,240
14235,556,64,69
14236,1248,128,117
14237,2184,256,171
14238,2876,256,221
14239,1216,128,111
14240,1232,128,115
14241,544,64,65
14242,2948,256,226
14243,2260,256,179
14244,960,128,90
14245,852,128,80
14246,2668,256,201
14247,2592,256,194
14248,2904,256,223
14249,2576,256,194
14250,2668,256,205
14251,2252,256,177
14252,2924,256,221
14253,1140,128,107
14254,2848,256,218
14255,2208,256,170
14256,2256,256,178
14257,2236,256,173
14258,936,128,89
14259,2240,256,174
14260,1160,128,108
14261,1056,128,102
14262,1240,128,116
14263,2296,256,184
14264,1936,256,147
14265,2608,256,198
14266,1296,128,124
14267,1936,256,146
14268,1132,128,105
14269,2560,256,191
14270,1248,128,117
14271,1916,256,142
14272,1248,128,118
14273,2584,256,196
14274,1896,256,142
14275,1820,128,153
14276,2396,256,185
14277,2696,256,208
14278,2268,256,180
14279,1912,256,145
14280,2844,256,213
14281,1932,256,146
14282,1188,128,108
14283,2520,256,182
14284,1052,128,101
14285,1192,128,109
14286,1936,256,148
14287,820,128,77
14288,1232,128,114
14289,1928,256,146
14290,1344,128,130
14291,448,64,51
14292,2876,256,221
14293,2120,256,161
14294,2568,256,192
14295,1224,128,112
14296,2708,256,211
14297,1820,256,135
14298,2532,256,188
14299,2012,256,153
14300,2668,256,202
14301,1164,128,109
14302,1964,256,152
14303,2216,256,172
14304,1964,256,154
14305,1204,128,112
14306,1856,256,138
14307,2036,256,159
14308,2992,256,233
14309,2200,256,170
14310,1952,256,150
14311,548,64,67
14312,2956,256,235
14313,2196,256,167
14314,1964,256,153
14315,2300,256,184
14316,2588,256,193
14317,1236,128,116
14318,2688,256,206
14319,1248,128,117
14320,2568,256,193
14321,1252,128,118
14322,2976,256,229
14323,1876,256,143
14324,1824,256,135
14325,2016,256,151
14326,944,128,90
14327,1936,256,147
14328,2260,256,179
14329,2268,256,180
14330,1104,128,99
14331,1260,128,120
14332,2244,256,175
14333,908,128,86
14334,972,128,96
14335,1264,128,121
14336,924,128,86
14337,2600,256,196
14338,1772,256,128
14339,2816,256,210
14340,2256,256,178
14341,2132,256,163
14342,1928,256,145
14343,2640,256,194
14344,2856,256,226
14345,788,128,70
14346,2816,256,210
14347,2280,256,179
14348,2568,256,193
14349,2744,256,215
14350,2300,256,184
14351,1236,128,115
14352,2712,256,211
14353,2040,256,156
14354,1268,128,122
14355,2820,256,212
14356,1976,256,153
14357,1240,128,116
14358,2588,256,193
14359,2692,256,207
14360,1364,128,130
14361,2556,256,189
14362,1204,128,111
14363,2140,256,165
14364,2692,256,206
14365,452,64,53
14366,1128,128,105
14367,2784,256,213
14368,2288,256,181
14369,204,32,34
14370,1100,128,97
14371,1992,256,156
14372,2172,256,162
14373,2824,256,212
14374,1172,128,110
14375,2544,256,191
14376,2132,256,163
14377,496,64,59
14378,2252,256,177
14379,1136,128,106
14380,532,64,63
14381,2212,256,172
14382,2668,256,206
14383,940,128,89
14384,360,64,42
14385,1224,128,112
14386,2840,256,215
14387,2244,256,176
14388,1928,256,144
14389,1948,256,150
14390,2236,256,172
14391,1196,128,110
14392,2676,256,203
14393,2516,256,184
14394,1928,256,146
14395,1188,128,108
14396,492,64,58
14397,1088,128,98
14398,1012,128,102
14399,2564,256,192
14400,2656,256,205
14401,2988,256,232
14402,212,32,35
14403,2068,256,163
14404,956,128,88
14405,1244,128,117
14406,2228,256,171
14407,2644,256,202
14408,984,128,97
14409,1772,256,127
14410,2864,256,217
14411,1260,128,121
14412,2200,256,164
14413,2684,256,205
14414,2692,256,206
14415,1996,256,157
14416,912,128,84
14417,2252,256,177
14418,2672,256,202
14419,2972,256,228
14420,2600,256,196
14421,188,32,31
14422,2520,256,185
14423,1232,128,114
14424,2848,256,219
14425,1992,256,155
14426,2780,256,213
14427,2680,256,204
14428,2168,256,168
14429,1140,128,103
14430,392,64,49
14431,2564,256,195
14432,1948,256,149
14433,2560,256,190
14434,2120,256,156
14435,2116,256,163
14436,2052,256,159
14437,1924,256,147
14438,2024,256,156
14439,2124,256,161
14440,2604,256,191
14441,2592,256,194
14442,3004,256,236
14443,2036,256,162
14444,1136,128,107
14445,2548,256,188
14446,1224,128,112
14447,1944,256,148
14448,1144,128,104
14449,2176,256,163
14450,2700,256,209
14451,1304,128,121
14452,2540,256,189
14453,1200,128,111
14454,2884,256,219
14455,2840,256,212
14456,2108,256,161
14457,2256,256,178
14458,2756,256,211
14459,2684,256,204
14460,1256,128,120
14461,1336,128,124
14462,2240,256,173
14463,2236,256,173
14464,1160,128,108
14465,1248,128,118
14466,2220,256,174
14467,2588,256,197
14468,2748,256,216
14469,2112,256,163
14470,2556,256,190
14471,2684,256,205
14472,1216,128,111
14473,2696,256,208
14474,1224,128,116
14475,2956,256,229
14476,2988,256,232
14477,2812,256,210
14478,1212,128,114
14479,928,128,88
14480,496,64,58
14481,2248,256,176
14482,1060,128,102
14483,2548,256,189
14484,2832,256,215
14485,2720,256,209
14486,840,128,78
14487,2984,256,236
14488,1300,128,119
14489,2712,256,212
14490,1232,128,115
14491,2136,256,165
14492,1240,128,115
14493,2636,256,205
14494,1196,128,110
14495,1244,128,117
14496,2404,256,187
14497,2564,256,191
14498,1192,128,109
14499,1120,128,102
14500,952,128,92
14501,2952,256,224
14502,2560,256,190
14503,2916,256,220
14504,420,64,51
14505,2648,256,200
14506,2596,256,195
14507,3008,256,237
14508,1256,128,120
14509,2684,256,204
14510,1008,128,97
14511,516,64,63
14512,2868,256,219
14513,520,64,64
14514,2224,256,174
14515,2968,256,227
14516,1252,128,118
14517,2268,256,177
14518,2952,256,224
14519,1932,256,146
14520,1912,256,145
14521,2200,256,175
14522,2956,256,229
14523,2716,256,208
14524,2216,256,172
14525,2836,256,215
14526,508,64,61
14527,380,64,47
14528,2008,256,153
14529,2284,256,181
14530,1816,256,134
14531,2876,256,220
14532,1256,128,119
14533,2576,256,195
14534,2636,256,198
14535,2152,256,168
14536,1160,128,108
14537,1900,256,143
14538,2976,256,233
14539,996,128,98
14540,2240,256,174
14541,2368,256,189
14542,924,128,86
14543,2580,256,191
14544,1784,256,130
14545,2848,256,214
14546,2276,256,178
14547,2264,256,179
14548,2684,256,205
14549,1996,256,157
14550,536,64,64
14551,2068,256,163
14552,2248,256,176
14553,248,32,40
14554,2616,256,200
14555,2672,256,202
14556,508,64,62
14557,912,128,87
14558,1952,256,150
14559,2616,256,200
14560,2260,256,174
14561,1236,128,116
14562,2852,256,219
14563,2380,256,182
14564,1124,128,104
14565,1944,256,149
14566,2552,256,192
14567,2212,256,167
14568,1248,128,118
14569,2276,256,182
14570,2880,256,222
14571,1992,256,156
14572,1248,128,118
14573,2368,256,188
14574,5260,512,356
14575,2044,256,158
14576,2564,256,192
14577,2528,256,187
14578,2244,256,175
14579,2568,256,192
14580,1856,256,138
14581,944,128,91
14582,1260,128,121
14583,2272,256,177
14584,2076,256,165
14585,2236,256,173
14586,1252,128,119
14587,2936,256,223
14588,1220,128,115
14589,2160,256,170
14590,2232,256,172
14591,1944,256,149
14592,2060,256,161
14593,1216,128,111
14594,2252,256,176
14595,536,64,64
14596,2236,256,173
14597,2244,256,178
14598,2864,256,218
14599,1136,128,107
14600,2868,256,219
14601,2248,256,176
14602,2692,256,206
14603,2664,256,199
14604,2668,256,205
14605,2704,256,205
14606,2248,256,176
14607,2680,256,203
14608,2228,256,171
14609,2812,256,210
14610,2584,256,196
14611,2524,256,187
14612,2248,256,176
14613,500,64,59
14614,2092,256,158
14615,2872,256,219
14616,2444,256,193
14617,2152,256,163
14618,2012,256,154
14619,2620,256,194
14620,2140,256,166
14621,2960,256,230
14622,2540,256,185
14623,552,64,67
14624,2920,256,227
14625,2172,256,169
14626,2696,256,207
14627,2224,256,170
14628,3000,256,235
14629,2956,256,224
14630,2252,256,176
14631,496,64,58
14632,2988,256,232
14633,2188,256,173
14634,2208,256,171
14635,1236,128,115
14636,2644,256,196
14637,2076,256,155
14638,1232,128,113
14639,840,128,77
14640,2564,256,192
14641,1244,128,117
14642,2284,256,180
14643,772,128,70
14644,2252,256,176
14645,1956,256,151
14646,532,64,63
14647,960,128,94
14648,2076,256,165
14649,2688,256,205
14650,2172,256,168
14651,1920,256,143
14652,2804,256,208
14653,540,64,65
14654,1204,128,111
14655,2692,256,207
14656,1932,256,145
14657,1248,128,118
14658,3104,256,244
14659,2696,256,207
14660,2200,256,168
14661,2644,256,200
14662,2192,256,167
14663,2180,256,165
14664,2572,256,193
14665,1292,128,124
14666,2732,256,212
14667,2064,256,161
14668,2836,256,215
14669,2112,256,159
14670,2696,256,207
14671,2060,256,161
14672,2976,256,229
14673,1844,256,136
14674,2808,256,209
14675,3004,256,237
14676,1160,128,108
14677,2256,256,177
14678,2276,256,182
14679,1272,128,119
14680,2636,256,198
14681,2232,256,171
14682,2876,256,217
14683,2280,256,179
14684,2668,256,205
14685,2580,256,191
14686,956,128,92
14687,2948,256,226
14688,2208,256,171
14689,2012,256,153
14690,1960,256,149
14691,1844,256,139
14692,1160,128,108
14693,2228,256,178
14694,2560,256,191
14695,2136,256,164
14696,1960,256,153
14697,2292,256,182
14698,1200,128,111
14699,2856,256,216
14700,2148,256,167
14701,2860,256,217
14702,2044,256,157
14703,2572,256,189
14704,2676,256,203
14705,1968,256,154
14706,2208,256,170
14707,2660,256,199
14708,1200,128,111
14709,2264,256,175
14710,2860,256,217
14711,180,32,29
14712,2800,256,217
14713,988,128,89
14714,2632,256,197
14715,1216,128,114
14716,1884,256,145
14717,528,64,62
14718,2192,256,162
14719,2236,256,173
14720,1268,128,122
14721,2860,256,218
14722,2880,256,221
14723,2628,256,195
14724,388,64,47
14725,2216,256,168
14726,2128,256,162
14727,2752,256,217
14728,532,64,63
14729,2176,256,164
14730,2668,256,200
14731,1276,128,120
14732,1232,128,115
14733,1932,256,145
14734,2340,256,187
14735,2384,256,193
14736,2228,256,172
14737,2704,256,210
14738,2532,256,188
14739,1208,128,114
14740,1896,256,138
14741,2228,256,175
14742,2960,256,226
14743,1968,256,153
14744,2212,256,172
14745,2272,256,182
14746,420,64,51
14747,2120,256,161
14748,2976,256,233
14749,2264,256,180
14750,1864,256,140
14751,2224,256,170
14752,2672,256,203
14753,2572,256,194
14754,1840,256,138
14755,2684,256,205
14756,2684,256,205
14757,2280,256,179
14758,2660,256,203
14759,1272,128,123
14760,2348,256,185
14761,1924,256,144
14762,1916,256,145
14763,1968,256,154
14764,2236,256,172
14765,2512,256,183
14766,2504,256,181
14767,2184,256,172
14768,2824,256,212
14769,2908,256,218
14770,948,128,91
14771,2824,256,213
14772,2696,256,203
14773,2724,256,210
14774,1952,256,150
14775,2712,256,207
14776,2452,256,195
14777,928,128,86
14778,2360,256,187
14779,1240,128,116
14780,1248,128,117
14781,1992,256,155
14782,2868,256,219
14783,1948,256,149
14784,2652,256,201
14785,1240,128,116
14786,2624,256,194
14787,2160,256,166
14788,2604,256,200
14789,2256,256,178
14790,1196,128,110
14791,1188,128,108
14792,1804,256,130
14793,908,128,83
14794,1136,128,106
14795,2192,256,167
14796,1228,128,113
14797,2232,256,172
14798,2784,256,204
14799,2248,256,176
14800,2016,256,155
14801,1240,128,116
14802,2136,256,164
14803,2968,256,231
14804,2820,256,222
14805,2692,256,202
14806,2184,256,172
14807,940,128,89
14808,2828,256,213
14809,1848,256,137
14810,212,32,36
14811,1200,128,111
14812,536,64,64
14813,2224,256,171
14814,196,32,32
14815,2840,256,217
14816,2208,256,170
14817,2184,256,165
14818,2888,256,220
14819,1208,128,114
14820,2216,256,168
14821,2236,256,173
14822,244,32,38
14823,2248,256,175
14824,512,64,62
14825,2200,256,168
14826,1164,128,109
14827,2224,256,170
14828,2084,256,155
14829,1928,256,149
14830,840,128,77
14831,1172,128,111
14832,2188,256,165
14833,956,128,93
14834,1252,128,118
14835,552,64,68
14836,2608,256,197
14837,3052,256,244
14838,2280,256,180
14839,2708,256,211
14840,2232,256,172
14841,1252,128,119
14842,2132,256,163
14843,1224,128,112
14844,2228,256,171
14845,1244,128,117
14846,1100,128,101
14847,2180,256,170
14848,3000,256,235
14849,1228,128,113
14850,1248,128,117
14851,1292,128,124
14852,2132,256,163
14853,520,64,64
14854,2676,256,204
14855,2780,256,211
14856,1952,256,150
14857,2328,256,183
14858,780,128,71
14859,2548,256,202
14860,1320,128,123
14861,1924,256,144
14862,1252,128,119
14863,988,128,97
14864,2664,256,200
14865,808,128,77
14866,2228,256,171
14867,960,128,89
14868,2256,256,178
14869,2868,256,220
14870,1284,128,122
14871,2256,256,178
14872,1232,128,114
14873,2728,256,211
14874,1228,128,112
14875,2860,256,221
14876,2804,256,217
14877,3004,256,235
14878,1968,256,154
14879,1280,128,121
14880,1208,128,109
14881,2196,256,169
14882,1168,128,110
14883,2092,256,168
14884,2844,256,213
14885,1232,128,114
14886,2012,256,154
14887,2800,256,207
14888,2628,256,196
14889,388,64,49
14890,928,128,87
14891,60,16,16
14892,1840,256,139
14893,928,128,87
14894,1244,128,117
14895,2272,256,182
14896,2236,256,174
14897,1880,256,138
14898,500,64,60
14899,416,64,50
14900,2520,256,199
14901,1312,128,125
14902,2628,256,194
14903,2192,256,167
14904,476,64,58
14905,2264,256,176
14906,2684,256,204
14907,1976,256,152
14908,928,128,86
14909,2124,256,160
14910,2880,256,221
14911,1920,256,144
14912,2060,256,160
14913,1976,256,152
14914,2068,256,153
14915,2312,256,176
14916,1940,256,147
14917,1236,128,116
14918,2576,256,194
14919,1208,128,112
14920,508,64,61
14921,556,64,68
14922,2232,256,172
14923,2696,256,207
14924,1224,128,112
14925,1256,128,120
14926,2792,256,205
14927,1932,256,145
14928,1260,128,117
14929,968,128,92
14930,2604,256,197
14931,1224,128,112
14932,2432,256,190
14933,200,32,33
14934,2688,256,207
14935,2112,256,159
14936,2072,256,154
14937,2572,256,194
14938,1952,256,150
14939,2992,256,233
14940,2100,256,160
14941,2968,256,227
14942,2252,256,177
14943,1180,128,106
14944,2244,256,174
14945,492,64,58
14946,1960,256,152
14947,2568,256,192
14948,2100,256,156
14949,616,64,72
14950,2696,256,203
14951,2248,256,175
14952,1164,128,109
14953,1244,128,117
14954,2880,256,222
14955,2772,256,214
14956,2380,256,192
14957,1936,256,147
14958,2712,256,207
14959,76,16,18
14960,1256,128,120
14961,2828,256,213
14962,1888,256,139
14963,1132,128,106
14964,1292,128,125
14965,2184,256,165
14966,3004,256,236
14967,2812,256,211
14968,2084,256,155
14969,2936,256,223
14970,3032,256,238
14971,2268,256,180
14972,1236,128,115
14973,1176,128,105
14974,2784,256,203
14975,940,128,89
14976,2832,256,214
14977,852,128,80
14978,2584,256,197
14979,2968,256,232
14980,2964,256,226
14981,2120,256,161
14982,2612,256,199
14983,2120,256,161
14984,1288,128,123
14985,2144,256,167
14986,2852,256,220
14987,1216,128,115
14988,468,64,52
14989,2984,256,230
14990,2204,256,169
14991,2608,256,198
14992,2136,256,163
14993,2212,256,168
14994,1948,256,150
14995,2832,256,214
14996,2216,256,168
14997,2816,256,210
14998,2180,256,163
14999,1108,128,101
15000,2428,256,199
15001,2932,256,222
15002,2120,256,161
15003,932,128,88
15004,1024,128,98
15005,2684,256,208
15006,504,64,60
15007,2688,256,206
15008,1108,128,99
15009,852,128,80
15010,1788,256,131
15011,2508,256,183
15012,1232,128,114
15013,940,128,90
15014,980,128,95
15015,2608,256,197
15016,1244,128,116
15017,976,128,94
15018,2524,256,185
15019,1248,128,118
15020,2256,256,178
15021,1224,128,112
15022,2564,256,191
15023,500,64,60
15024,964,128,94
15025,1232,128,114
15026,2264,256,179
15027,4264,512,275
15028,1268,128,122
15029,500,64,59
15030,2184,256,171
15031,892,128,89
15032,512,64,62
15033,1948,256,150
15034,2380,256,192
15035,2116,256,160
15036,888,128,82
15037,900,128,85
15038,2252,256,176
15039,2876,256,220
15040,2652,256,201
15041,2936,256,224
15042,2232,256,172
15043,1856,256,139
15044,2108,256,158
15045,3032,256,242
15046,2012,256,149
15047,2188,256,166
15048,2968,256,231
15049,2964,256,230
15050,2680,256,200
15051,1372,128,131
15052,808,128,74
15053,2320,256,182
15054,824,128,77
15055,1812,256,133
15056,1252,128,119
15057,1248,128,118
15058,2224,256,170
15059,2268,256,180
15060,2236,256,172
15061,2964,256,231
15062,992,128,98
15063,1224,128,112
15064,1168,128,109
15065,2164,256,167
15066,1140,128,103
15067,2732,256,212
15068,2688,256,205
15069,1256,128,120
15070,2228,256,172
15071,1256,128,119
15072,2236,256,173
15073,2228,256,171
15074,2048,256,158
15075,992,128,91
15076,2796,256,216
15077,2932,256,223
15078,948,128,91
15079,2528,256,187
15080,1116,128,102
15081,2208,256,177
15082,464,64,55
15083,2584,256,192
15084,1232,128,114
15085,1180,128,106
15086,944,128,91
15087,1264,128,121
15088,1228,128,113
15089,2960,256,230
15090,2732,256,212
15091,2916,256,227
15092,2284,256,180
15093,1920,256,143
15094,1052,128,101
15095,2620,256,201
15096,2728,256,212
15097,2136,256,161
15098,1204,128,112
15099,2164,256,167
15100,1936,256,147
15101,2524,256,186
15102,1300,128,126
15103,2628,256,196
15104,1240,128,116
15105,1256,128,119
15106,1808,256,132
15107,2808,256,208
15108,1948,256,149
15109,2556,256,194
15110,952,128,92
15111,2256,256,178
15112,1340,128,128
15113,1160,128,111
15114,2196,256,168
15115,2820,256,211
15116,1316,128,124
15117,1924,256,144
15118,2684,256,205
15119,1152,128,106
15120,2644,256,199
15121,2256,256,178
15122,2636,256,197
15123,980,128,95
15124,2724,256,210
15125,2784,256,213
15126,1168,128,110
15127,2144,256,167
15128,980,128,94
15129,1120,128,102
15130,1844,256,135
15131,2252,256,177
15132,2232,256,176
15133,2820,256,212
15134,2692,256,206
15135,388,64,48
15136,2516,256,185
15137,2932,256,222
15138,2060,256,161
15139,2808,256,219
15140,2748,256,216
15141,928,128,87
15142,1240,128,116
15143,2952,256,228
15144,2092,256,164
15145,2128,256,163
15146,2868,256,219
15147,2232,256,171
15148,2672,256,202
15149,1180,128,106
15150,2712,256,212
15151,2672,256,202
15152,2248,256,176
15153,1216,128,111
15154,2940,256,225
15155,944,128,90
15156,2672,256,202
15157,1804,256,130
15158,2120,256,160
15159,476,64,53
15160,1228,128,112
15161,2128,256,163
15162,2688,256,206
15163,2712,256,211
15164,1240,128,115
15165,2876,256,221
15166,2828,256,213
15167,1252,128,119
15168,1960,256,153
15169,2144,256,167
15170,1124,128,104
15171,1912,256,145
15172,1848,256,137
15173,1212,128,110
15174,1280,128,121
15175,960,128,93
15176,2288,256,181
15177,896,128,83
15178,2556,256,189
15179,1236,128,114
15180,2156,256,166
15181,1248,128,118
15182,556,64,69
15183,504,64,60
15184,1252,128,118
15185,2192,256,167
15186,2872,256,220
15187,2224,256,175
15188,1960,256,152
15189,1216,128,110
15190,1112,128,102
15191,2708,256,210
15192,2076,256,165
15193,2692,256,208
15194,2692,256,206
15195,2696,256,208
15196,1836,256,134
15197,1252,128,119
15198,2596,256,194
15199,2548,256,191
15200,164,32,29
15201,1956,256,152
15202,2048,256,158
15203,2228,256,172
15204,2540,256,187
15205,1200,128,111
15206,2008,256,160
15207,1840,256,135
15208,1936,256,146
15209,1976,256,151
15210,2580,256,191
15211,2700,256,208
15212,1248,128,117
15213,2608,256,198
15214,1520,128,138
15215,1876,256,143
15216,2660,256,200
15217,2304,256,178
15218,2192,256,166
15219,2208,256,171
15220,1924,256,143
15221,2036,256,155
15222,2708,256,207
15223,1944,256,147
15224,1240,128,115
15225,2088,256,156
15226,2300,256,184
15227,4516,512,295
15228,2968,256,228
15229,2608,256,191
15230,2284,256,180
15231,920,128,85
15232,1236,128,115
15233,2824,256,213
15234,2664,256,200
15235,2252,256,177
15236,2056,256,159
15237,2572,256,193
15238,2148,256,163
15239,2248,256,176
15240,456,64,54
15241,1272,128,119
15242,2948,256,228
15243,1960,256,148
15244,2636,256,197
15245,836,128,76
15246,2684,256,205
15247,2128,256,166
15248,2700,256,208
15249,528,64,65
15250,1264,128,121
15251,2828,256,214
15252,2652,256,201
15253,3000,256,231
15254,508,64,61
15255,2120,256,161
15256,2640,256,198
15257,2060,256,161
15258,2964,256,230
15259,1124,128,103
15260,492,64,58
15261,1260,128,116
15262,1916,256,146
15263,2764,256,208
15264,1252,128,119
15265,2492,256,179
15266,2304,256,184
15267,2520,256,186
15268,488,64,57
15269,1132,128,106
15270,2928,256,222
15271,1944,256,149
15272,1072,128,105
15273,2644,256,196
15274,2068,256,162
15275,1184,128,108
15276,920,128,86
15277,952,128,92
15278,2864,256,218
15279,1788,256,131
15280,1240,128,116
15281,1200,128,111
15282,2240,256,174
15283,2248,256,176
15284,960,128,93
15285,2944,256,226
15286,2616,256,194
15287,1956,256,150
15288,2848,256,215
15289,1940,256,148
15290,2984,256,232
15291,1188,128,108
15292,2076,256,155
15293,2700,256,204
15294,1936,256,146
15295,2644,256,199
15296,2240,256,174
15297,1892,256,140
15298,2244,256,176
15299,1932,256,146
15300,2668,256,201
15301,2600,256,196
15302,1940,256,147
15303,2640,256,195
15304,2548,256,191
15305,2620,256,192
15306,1804,256,131
15307,1260,128,120
15308,2568,256,193
15309,2852,256,218
15310,2100,256,160
15311,1784,256,130
15312,544,64,66
15313,2944,256,226
15314,2704,256,209
15315,2000,256,154
15316,1196,128,110
15317,988,128,97
15318,1240,128,116
15319,1080,128,104
15320,2304,256,184
15321,2036,256,162
15322,2200,256,169
15323,2592,256,195
15324,1936,256,147
15325,828,128,78
15326,1812,256,133
15327,2236,256,174
15328,2284,256,180
15329,2060,256,161
15330,2068,256,154
15331,2656,256,199
15332,2240,256,174
15333,2244,256,174
15334,2060,256,162
15335,2388,256,184
15336,1240,128,116
15337,2916,256,227
15338,1260,128,120
15339,2228,256,175
15340,2788,256,214
15341,556,64,69
15342,632,64,75
15343,2948,256,227
15344,2272,256,177
15345,2884,256,223
15346,2684,256,205
15347,1268,128,122
15348,2600,256,196
15349,2224,256,170
15350,2252,256,177
15351,2676,256,203
15352,2512,256,197
15353,1256,128,119
15354,2720,256,214
15355,2232,256,179
15356,2544,256,190
15357,2244,256,175
15358,2236,256,172
15359,1248,128,118
15360,376,64,45
15361,2724,256,210
15362,2984,256,231
15363,1920,256,143
15364,1868,256,142
15365,2932,256,223
15366,2264,256,180
15367,2308,256,185
15368,2216,256,173
15369,1232,128,113
15370,1944,256,147
15371,2052,256,162
15372,2056,256,159
15373,2040,256,156
15374,2676,256,203
15375,1236,128,115
15376,2944,256,227
15377,1244,128,116
15378,2576,256,191
15379,2888,256,224
15380,508,64,61
15381,2656,256,201
15382,524,64,64
15383,2232,256,172
15384,2840,256,212
15385,536,64,64
15386,2060,256,161
15387,2256,256,177
15388,1232,128,114
15389,556,64,68
15390,1224,128,112
15391,2556,256,190
15392,2568,256,192
15393,184,32,30
15394,1244,128,116
15395,2820,256,212
15396,2192,256,168
15397,524,64,61
15398,952,128,91
15399,2568,256,192
15400,1880,256,144
15401,2708,256,206
15402,1968,256,149
15403,2112,256,158
15404,2684,256,204
15405,2820,256,211
15406,2744,256,215
15407,2168,256,168
15408,3012,256,237
15409,2368,256,180
15410,2376,256,181
15411,2856,256,216
15412,2252,256,177
15413,1160,128,107
15414,2652,256,202
15415,2800,256,218
15416,1208,128,112
15417,2148,256,167
15418,1212,128,113
15419,536,64,64
15420,2860,256,217
15421,2664,256,200
15422,2988,256,232
15423,2664,256,201
15424,1248,128,118
15425,2116,256,160
15426,2684,256,204
15427,2272,256,177
15428,512,64,59
15429,1876,256,137
15430,2664,256,200
15431,1956,256,152
15432,2156,256,169
15433,2676,256,203
15434,1280,128,122
15435,824,128,78
15436,1164,128,108
15437,2204,256,170
15438,1964,256,150
15439,1256,128,119
15440,2648,256,200
15441,2572,256,194
15442,2272,256,177
15443,2116,256,160
15444,2696,256,207
15445,2824,256,212
15446,2304,256,179
15447,2696,256,207
15448,2208,256,173
15449,1940,256,147
15450,3024,256,237
15451,2580,256,195
15452,2576,256,195
15453,2192,256,167
15454,2544,256,190
15455,2196,256,170
15456,2716,256,213
15457,2764,256,212
15458,1116,128,102
15459,1124,128,104
15460,2720,256,210
15461,2960,256,229
15462,2196,256,167
15463,1932,256,146
15464,2540,256,190
15465,1244,128,116
15466,4324,512,280
15467,2676,256,203
15468,2448,256,194
15469,2720,256,209
15470,2664,256,200
15471,316,32,46
15472,2572,256,194
15473,2640,256,198
15474,2564,256,192
15475,1248,128,118
15476,1168,128,110
15477,2612,256,199
15478,2812,256,210
15479,1120,128,103
15480,2592,256,194
15481,2256,256,178
15482,3012,256,234
15483,2940,256,225
15484,2684,256,204
15485,516,64,63
15486,2004,256,152
15487,2204,256,176
15488,1228,128,113
15489,1156,128,107
15490,1108,128,100
15491,3048,256,242
15492,208,32,34
15493,2028,256,158
15494,916,128,85
15495,1232,128,115
15496,2216,256,168
15497,2196,256,168
15498,2212,256,172
15499,980,128,95
15500,1980,256,153
15501,1916,256,143
15502,2088,256,157
15503,960,128,94
15504,2268,256,176
15505,2896,256,226
15506,2852,256,215
15507,2236,256,172
15508,1156,128,108
15509,2884,256,223
15510,2220,256,173
15511,1968,256,154
15512,2256,256,178
15513,2064,256,161
15514,860,128,82
15515,1148,128,109
15516,2648,256,197
15517,1180,128,112
15518,1244,128,117
15519,1160,128,108
15520,540,64,65
15521,1964,256,153
15522,1256,128,120
15523,1960,256,148
15524,2532,256,203
15525,2100,256,166
15526,1240,128,116
15527,2284,256,180
15528,2300,256,184
15529,1188,128,108
15530,1244,128,118
15531,1148,128,106
15532,2984,256,231
15533,2800,256,208
15534,1200,128,111
15535,2224,256,171
15536,2132,256,164
15537,1228,128,112
15538,2696,256,208
15539,2992,256,233
15540,820,128,76
15541,1284,128,122
15542,1232,128,113
15543,2604,256,201
15544,2992,256,233
15545,336,32,47
15546,2272,256,181
15547,1920,256,142
15548,2120,256,160
15549,1236,128,115
15550,2692,256,207
15551,2228,256,174
15552,2188,256,173
15553,1272,128,123
15554,1936,256,146
15555,2184,256,165
15556,2272,256,182
15557,2132,256,164
15558,2940,256,225
15559,1152,128,106
15560,2344,256,183
15561,932,128,88
15562,1244,128,116
15563,2612,256,199
15564,2872,256,219
15565,1220,128,112
15566,1256,128,116
15567,3016,256,235
15568,2832,256,211
15569,1260,128,120
15570,2256,256,178
15571,968,128,96
15572,2244,256,175
15573,460,64,54
15574,2664,256,200
15575,2832,256,214
15576,1236,128,115
15577,2832,256,214
15578,2036,256,155
15579,2096,256,169
15580,1072,128,95
15581,2068,256,162
15582,1980,256,153
15583,2240,256,173
15584,2908,256,224
15585,1256,128,119
15586,2120,256,161
15587,472,64,54
15588,2092,256,154
15589,956,128,92
15590,1232,128,115
15591,1148,128,110
15592,2616,256,193
15593,2720,256,209
15594,1204,128,111
15595,1876,128,163
15596,1232,128,115
15597,2192,256,163
15598,2212,256,167
15599,2360,256,187
15600,1216,128,113
15601,2060,256,161
15602,2560,256,191
15603,2568,256,193
15604,2360,256,187
15605,2652,256,201
15606,2496,256,194
15607,2216,256,171
15608,376,64,45
15609,2944,256,222
15610,832,128,80
15611,2668,256,200
15612,2656,256,202
15613,2732,256,215
15614,2252,256,176
15615,2276,256,182
15616,1228,128,113
15617,2944,256,226
15618,1960,256,152
15619,2188,256,173
15620,2524,256,186
15621,2108,256,157
15622,1152,128,106
15623,2260,256,178
15624,956,128,94
15625,2648,256,200
15626,2844,256,214
15627,3016,256,239
15628,2820,256,213
15629,2240,256,174
15630,500,64,59
15631,1968,256,150
15632,2768,256,214
15633,1124,128,103
15634,2248,256,175
15635,2220,256,169
15636,984,128,96
15637,2240,256,175
15638,2852,256,215
15639,1116,128,102
15640,2072,256,164
15641,2276,256,178
15642,1216,128,111
15643,2700,256,204
15644,2856,256,215
15645,2684,256,205
15646,2080,256,156
15647,2136,256,165
15648,2576,256,191
15649,2848,256,218
15650,2672,256,202
15651,1244,128,116
15652,1152,128,107
15653,2116,256,160
15654,1244,128,117
15655,984,128,96
15656,1288,128,124
15657,2392,256,190
15658,2048,256,148
15659,1980,256,153
15660,844,128,78
15661,2196,256,167
15662,1740,128,156
15663,2580,256,195
15664,1216,128,111
15665,492,64,58
15666,2044,256,164
15667,1952,256,151
15668,1216,128,114
15669,2088,256,158
15670,2660,256,199
15671,2588,256,193
15672,2880,256,222
15673,1820,256,134
15674,1240,128,115
15675,2180,256,163
15676,1820,256,134
15677,2832,256,215
15678,908,128,82
15679,1816,256,133
15680,1252,128,118
15681,2692,256,207
15682,2640,256,195
15683,2648,256,200
15684,2196,256,168
15685,2676,256,203
15686,1240,128,116
15687,2140,256,166
15688,1944,256,148
15689,944,128,92
15690,968,128,92
15691,3016,256,239
15692,2860,256,217
15693,1332,128,128
15694,1164,128,102
15695,2564,256,192
15696,2524,256,185
15697,2224,256,170
15698,1940,256,147
15699,1252,128,118
15700,1204,128,111
15701,2264,256,174
15702,2584,256,196
15703,2104,256,160
15704,1260,128,120
15705,2916,256,226
15706,3028,256,238
15707,2852,256,215
15708,2376,256,190
15709,948,128,91
15710,1940,256,147
15711,2540,256,186
15712,2640,256,198
15713,1200,128,111
15714,1940,256,148
15715,2556,256,190
15716,2556,256,190
15717,2108,256,157
15718,2100,256,159
15719,1092,128,100
15720,2092,256,159
15721,2244,256,175
15722,2584,256,197
15723,536,64,64
15724,2256,256,178
15725,2256,256,177
15726,2020,256,159
15727,2708,256,206
15728,2580,256,195
15729,1864,256,141
15730,956,128,92
15731,2136,256,165
15732,2716,256,212
15733,948,128,91
15734,536,64,64
15735,1176,128,112
15736,2232,256,172
15737,2820,256,212
15738,2332,256,184
15739,2564,256,192
15740,2076,256,165
15741,2172,256,161
15742,540,64,65
15743,2580,256,196
15744,2836,256,215
15745,2684,256,204
15746,1256,128,120
15747,2576,256,195
15748,3000,256,235
15749,2676,256,204
15750,2876,256,217
15751,1228,128,114
15752,2660,256,200
15753,2136,256,160
15754,2304,256,178
15755,2076,256,154
15756,2684,256,205
15757,2724,256,211
15758,1056,128,93
15759,2280,256,183
15760,488,64,57
15761,2824,256,213
15762,2872,256,221
15763,2724,256,211
15764,2600,256,200
15765,1968,256,154
15766,2184,256,172
15767,2128,256,163
15768,4760,512,312
15769,1976,256,152
15770,2236,256,173
15771,932,128,88
15772,1268,128,122
15773,176,32,28
15774,932,128,88
15775,1224,128,113
15776,1248,128,118
15777,1976,256,153
15778,2856,256,216
15779,928,128,87
15780,2828,256,213
15781,2112,256,159
15782,1244,128,117
15783,1112,128,104
15784,2548,256,191
15785,2108,256,162
15786,2944,256,225
15787,2644,256,200
15788,1168,128,110
15789,2136,256,165
15790,2636,256,198
15791,2252,256,176
15792,4236,512,269
15793,2264,256,180
15794,1948,256,149
15795,2248,256,176
15796,512,64,62
15797,2560,256,190
15798,2172,256,168
15799,2704,256,209
15800,2552,256,189
15801,2288,256,181
15802,2884,256,223
15803,2560,256,190
15804,2932,256,223
15805,2564,256,191
15806,2176,256,163
15807,1248,128,118
15808,1172,128,111
15809,1264,128,121
15810,1108,128,100
15811,1216,128,114
15812,2208,256,169
15813,2640,256,197
15814,984,128,96
15815,2876,256,221
15816,2608,256,194
15817,2872,256,220
15818,2576,256,195
15819,2988,256,231
15820,1120,128,103
15821,2148,256,163
15822,528,64,63
15823,2008,256,159
15824,1228,128,113
15825,2260,256,179
15826,2256,256,177
15827,1316,128,124
15828,1928,256,145
15829,2192,256,166
15830,1960,256,148
15831,2628,256,196
15832,516,64,63
15833,2224,256,174
15834,904,128,85
15835,2120,256,161
15836,2588,256,193
15837,1184,128,106
15838,2964,256,229
15839,992,128,97
15840,848,128,78
15841,1144,128,108
15842,1248,128,118
15843,2076,256,164
15844,2920,256,220
15845,836,128,76
15846,2264,256,180
15847,2284,256,180
15848,656,64,77
15849,2240,256,174
15850,968,128,92
15851,2580,256,196
15852,2892,256,220
15853,2232,256,171
15854,2120,256,160
15855,2536,256,185
15856,544,64,66
15857,2236,256,173
15858,2956,256,229
15859,2028,256,156
15860,2816,256,210
15861,2024,256,159
15862,2612,256,192
15863,492,64,56
15864,2548,256,188
15865,1944,256,149
15866,1244,128,117
15867,2656,256,203
15868,1852,256,138
15869,1900,256,142
15870,2248,256,175
15871,2968,256,228
15872,2232,256,171
15873,972,128,96
15874,1940,256,143
15875,980,128,95
15876,616,64,72
15877,1248,128,117
15878,2948,256,228
15879,1204,128,111
15880,2104,256,160
15881,2816,256,211
15882,2580,256,195
15883,2128,256,162
15884,2252,256,176
15885,908,128,86
15886,1092,128,97
15887,2196,256,164
15888,904,128,86
15889,2820,256,212
15890,1836,256,138
15891,2236,256,173
15892,1952,256,149
15893,1212,128,109
15894,1956,256,151
15895,1200,128,110
15896,1920,256,143
15897,1120,128,103
15898,2240,256,173
15899,940,128,90
15900,888,128,81
15901,2712,256,207
15902,1864,256,140
15903,2516,256,184
15904,2300,256,184
15905,2944,256,226
15906,2168,256,169
15907,2212,256,167
15908,2888,256,219
15909,1216,128,110
15910,1392,128,132
15911,1212,128,113
15912,1272,128,123
15913,1228,128,117
15914,1012,128,95
15915,1256,128,119
15916,1036,128,97
15917,1248,128,118
15918,2672,256,202
15919,2688,256,206
15920,560,64,70
15921,2856,256,216
15922,2836,256,216
15923,928,128,86
15924,2532,256,188
15925,2324,256,183
15926,2328,256,184
15927,2156,256,165
15928,2152,256,164
15929,532,64,64
15930,2568,256,192
15931,496,64,59
15932,1196,128,110
15933,1304,128,127
15934,2188,256,173
15935,2040,256,155
15936,1916,256,146
15937,2816,256,211
15938,1264,128,121
15939,2576,256,194
15940,2220,256,173
15941,2348,256,184
15942,1940,256,148
15943,1940,256,147
15944,2196,256,168
15945,1092,128,97
15946,2548,256,189
15947,500,64,60
15948,2532,256,183
15949,1168,128,110
15950,2652,256,198
15951,2616,256,194
15952,2676,256,203
15953,2652,256,197
15954,2800,256,216
15955,2232,256,172
15956,2124,256,161
15957,1132,128,106
15958,2128,256,162
15959,1220,128,111
15960,2240,256,174
15961,2500,256,181
15962,2972,256,232
15963,2684,256,205
15964,2224,256,170
15965,2556,256,190
15966,1128,128,101
15967,1128,128,104
15968,2524,256,186
15969,2256,256,178
15970,3016,256,234
15971,512,64,62
15972,2184,256,165
15973,1304,128,121
15974,2264,256,179
15975,2220,256,173
15976,2064,256,161
15977,2452,256,190
15978,1972,256,151
15979,464,64,55
15980,612,64,71
15981,2944,256,225
15982,1936,256,147
15983,960,128,94
15984,1248,128,117
15985,2116,256,163
15986,1176,128,111
15987,980,128,94
15988,2896,256,226
15989,2372,256,189
15990,2252,256,176
15991,2920,256,227
15992,2980,256,234
15993,2240,256,174
15994,852,128,80
15995,2640,256,195
15996,1956,256,152
15997,2944,256,227
15998,2224,256,170
15999,2084,256,156
16000,1172,128,110
16001,1884,256,145
16002,2196,256,167
16003,2920,256,227
16004,2344,256,184
16005,1960,256,152
16006,2416,256,190
16007,1220,128,112
16008,2064,256,166
16009,2116,256,160
16010,1236,128,115
16011,2128,256,163
16012,2100,256,160
16013,1304,128,120
16014,2700,256,209
16015,1104,128,103
16016,2932,256,219
16017,1952,256,150
16018,956,128,92
16019,1136,128,106
16020,512,64,62
16021,1952,256,150
16022,1240,128,115
16023,2796,256,216
16024,2564,256,192
16025,1308,128,128
16026,1936,256,147
16027,1296,128,125
16028,2392,256,185
16029,2236,256,174
16030,2828,256,213
16031,2628,256,195
16032,2508,256,182
16033,1908,256,140
16034,1204,128,111
16035,2952,256,224
16036,2000,256,150
16037,1972,256,151
16038,2648,256,201
16039,2272,256,178
16040,2848,256,213
16041,2692,256,207
16042,1204,128,111
16043,2124,256,162
16044,2944,256,225
16045,2596,256,195
16046,1328,128,126
16047,1108,128,103
16048,2368,256,189
16049,2688,256,205
16050,2336,256,185
16051,1196,128,109
16052,2180,256,170
16053,2552,256,192
16054,1048,128,101
16055,1900,256,142
16056,2672,256,206
16057,1220,128,111
16058,2836,256,216
16059,2440,256,191
16060,2888,256,219
16061,2304,256,186
16062,2184,256,164
16063,516,64,63
16064,1944,256,147
16065,2932,256,223
16066,1936,256,147
16067,2120,256,161
16068,2068,256,162
16069,1920,256,147
16070,528,64,62
16071,1012,128,96
16072,2244,256,171
16073,832,128,78
16074,2056,256,150
16075,1248,128,118
16076,2988,256,232
16077,1848,256,141
16078,1240,128,116
16079,1048,128,100
16080,1780,256,129
16081,2220,256,170
16082,2668,256,205
16083,1228,128,113
16084,1268,128,122
16085,2864,256,218
16086,1204,128,108
16087,492,64,57
16088,2200,256,164
16089,4512,512,289
16090,1232,128,113
16091,2608,256,198
16092,1160,128,108
16093,848,128,79
16094,1836,256,135
16095,2744,256,215
16096,2252,256,176
16097,2824,256,212
16098,2232,256,172
16099,2628,256,195
16100,1260,128,120
16101,1936,256,147
16102,2660,256,203
16103,2304,256,185
16104,2676,256,203
16105,1276,128,120
16106,2108,256,157
16107,1096,128,97
16108,1244,128,117
16109,2184,256,165
16110,2920,256,227
16111,2924,256,221
16112,1260,128,120
16113,2584,256,196
16114,508,64,61
16115,2388,256,184
16116,1144,128,108
16117,560,64,70
16118,3044,256,242
16119,3024,256,237
16120,2640,256,198
16121,2648,256,197
16122,2264,256,179
16123,2236,256,173
16124,2848,256,218
16125,2244,256,175
16126,1988,256,155
16127,1248,128,118
16128,1240,128,115
16129,832,128,79
16130,368,64,44
16131,2536,256,189
16132,2052,256,159
16133,2968,256,232
16134,920,128,85
16135,2572,256,193
16136,2668,256,201
16137,2280,256,179
16138,2672,256,202
16139,1168,128,110
16140,1236,128,116
16141,492,64,58
16142,2696,256,207
16143,1244,128,117
16144,2824,256,212
16145,2224,256,175
16146,1152,128,106
16147,2588,256,193
16148,2252,256,176
16149,1168,128,110
16150,2288,256,181
16151,2676,256,204
16152,3032,256,238
16153,2260,256,180
16154,2640,256,197
16155,2996,256,234
16156,1212,128,114
16157,1096,128,101
16158,2520,256,185
16159,2728,256,211
16160,2220,256,169
16161,1244,128,116
16162,1244,128,117
16163,2568,256,192
16164,2600,256,196
16165,2644,256,200
16166,548,64,66
16167,2088,256,167
16168,2600,256,196
16169,2136,256,164
16170,1968,256,151
16171,2652,256,201
16172,528,64,62
16173,1180,128,112
16174,2568,256,192
16175,1248,128,117
16176,944,128,90
16177,1220,128,111
16178,2220,256,170
16179,3008,256,237
16180,2068,256,162
16181,392,64,49
16182,2360,256,187
16183,2284,256,180
16184,1264,128,121
16185,380,64,46
16186,2924,256,220
16187,2352,256,185
16188,2052,256,159
16189,2272,256,177
16190,2656,256,202
16191,2052,256,158
16192,968,128,92
16193,2584,256,192
16194,2836,256,215
16195,2660,256,200
16196,1944,256,148
16197,2864,256,217
16198,2844,256,213
16199,1228,128,114
16200,2232,256,172
16201,508,64,62
16202,2864,256,218
16203,3016,256,239
16204,2552,256,189
16205,1100,128,97
16206,2868,256,219
16207,2060,256,160
16208,2672,256,205
16209,2148,256,167
16210,2216,256,168
16211,2684,256,201
16212,2580,256,196
16213,1988,256,155
16214,1980,256,153
16215,2880,256,223
16216,508,64,61
16217,1236,128,115
16218,2564,256,192
16219,2192,256,168
16220,1956,256,151
16221,508,64,61
16222,940,128,90
16223,2212,256,171
16224,1240,128,116
16225,2364,256,189
16226,1260,128,121
16227,864,128,83
16228,1232,128,115
16229,2196,256,168
16230,1264,128,117
16231,2972,256,229
16232,2708,256,211
16233,2672,256,202
16234,2592,256,198
16235,1140,128,103
16236,2348,256,184
16237,2236,256,173
16238,1952,256,150
16239,1872,256,142
16240,932,128,88
16241,1180,128,112
16242,1256,128,119
16243,1824,256,136
16244,760,128,67
16245,1160,128,108
16246,1136,128,107
16247,1104,128,109
16248,2112,256,163
16249,2568,256,192
16250,1128,128,105
16251,1164,128,109
16252,2956,256,229
16253,2268,256,181
16254,1984,256,153
16255,2064,256,162
16256,2252,256,177
16257,2012,256,160
16258,1920,256,143
16259,2888,256,223
16260,2980,256,230
16261,2144,256,162
16262,948,128,90
16263,1240,128,117
16264,2212,256,171
16265,2092,256,168
16266,1220,128,111
16267,1328,128,122
16268,2560,256,191
16269,1952,256,151
16270,2616,256,194
16271,2148,256,167
16272,2956,256,229
16273,2104,256,160
16274,2272,256,181
16275,1252,128,119
16276,2628,256,196
16277,2704,256,205
16278,2248,256,176
16279,2956,256,229
16280,548,64,66
16281,2560,256,191
16282,2104,256,167
16283,1900,256,142
16284,1868,256,142
16285,2664,256,200
16286,2836,256,215
16287,2232,256,171
16288,1080,128,97
16289,2672,256,202
16290,2516,256,183
16291,508,64,61
16292,2676,256,203
16293,964,128,94
16294,524,64,61
16295,1980,256,152
16296,1972,256,155
16297,2872,256,216
16298,508,64,62
16299,2072,256,164
16300,2044,256,157
16301,2256,256,178
16302,2820,256,212
16303,1152,128,107
16304,2068,256,163
16305,2196,256,167
16306,2588,256,192
16307,1944,256,148
16308,2564,256,191
16309,1312,128,122
16310,2572,256,190
16311,2896,256,225
16312,2156,256,168
16313,500,64,60
16314,924,128,86
16315,1228,128,113
16316,1828,256,136
16317,2280,256,183
16318,1256,128,120
16319,944,128,91
16320,1264,128,121
16321,1248,128,118
16322,1240,128,115
16323,1800,256,130
16324,2988,256,236
16325,512,64,62
16326,1272,128,113
16327,2648,256,200
16328,2652,256,201
16329,1384,128,124
16330,2100,256,159
16331,504,64,60
16332,2672,256,202
16333,2168,256,160
16334,2260,256,180
16335,1256,128,119
16336,1828,256,136
16337,2244,256,174
16338,2736,256,213
16339,1220,128,115
16340,2552,256,188
16341,412,64,50
16342,2112,256,163
16343,2212,256,167
16344,2276,256,182
16345,2528,256,187
16346,2780,256,216
16347,492,64,58
16348,2664,256,199
16349,2288,256,180
16350,1264,128,121
16351,960,128,94
16352,1372,128,132
16353,1092,128,100
16354,2948,256,227
16355,2248,256,175
16356,2968,256,231
16357,1936,256,146
16358,2076,256,165
16359,1260,128,121
16360,2512,256,183
16361,2812,256,206
16362,2632,256,198
16363,2228,256,175
16364,2060,256,161
16365,584,64,68
16366,2824,256,213
16367,896,128,83
16368,1256,128,119
16369,2984,256,231
16370,920,128,86
16371,536,64,64
16372,2244,256,174
16373,2228,256,171
16374,2564,256,192
16375,1860,256,139
16376,2560,256,190
16377,2860,256,216
16378,2224,256,171
16379,2808,256,208
16380,2268,256,177
16381,2508,256,183
16382,532,64,63
16383,516,64,62
16384,2992,256,233
16385,1228,128,114
16386,2564,256,192
16387,2624,256,194
16388,1156,128,107
16389,1244,128,117
16390,2148,256,167
16391,1892,256,141
16392,976,128,97
16393,2876,256,220
16394,2940,256,224
16395,2220,256,173
16396,2236,256,173
16397,2636,256,198
16398,2984,256,231
16399,2600,256,197
16400,924,128,86
16401,1956,256,147
16402,976,128,94
16403,988,128,97
16404,492,64,57
16405,2032,256,154
16406,2320,256,182
16407,2832,256,214
16408,464,64,55
16409,2836,256,212
16410,2244,256,175
16411,2808,256,209
16412,820,128,77
16413,2632,256,196
16414,2236,256,173
16415,2740,256,214
16416,2168,256,168
16417,1248,128,117
16418,912,128,84
16419,2616,256,193
16420,1220,128,111
16421,2916,256,226
16422,944,128,90
16423,2680,256,203
16424,1232,128,115
16425,816,128,75
16426,2196,256,178
16427,2592,256,195
16428,2800,256,217
16429,2176,256,170
16430,844,128,78
16431,2148,256,163
16432,1356,128,128
16433,2156,256,169
16434,2720,256,209
16435,184,32,30
16436,1224,128,116
16437,504,64,60
16438,2500,256,180
16439,1124,128,104
16440,1048,128,101
16441,2180,256,171
16442,1912,256,145
16443,2100,256,160
16444,2896,256,222
16445,2248,256,176
16446,1160,128,107
16447,2236,256,177
16448,2648,256,200
16449,1948,256,150
16450,1176,128,112
16451,1884,256,145
16452,2036,256,154
16453,1220,128,111
16454,1144,128,108
16455,496,64,58
16456,1192,128,109
16457,924,128,86
16458,2216,256,169
16459,2052,256,159
16460,2244,256,175
16461,2636,256,205
16462,2148,256,167
16463,2248,256,176
16464,1152,128,109
16465,1228,128,113
16466,2212,256,167
16467,1940,256,146
16468,2620,256,194
16469,1248,128,117
16470,2212,256,174
16471,2692,256,207
16472,2552,256,188
16473,2228,256,174
16474,3088,256,244
16475,2564,256,191
16476,2080,256,165
16477,2704,256,210
16478,2712,256,207
16479,2560,256,195
16480,2096,256,159
16481,948,128,91
16482,2692,256,206
16483,2568,256,193
16484,2140,256,165
16485,2100,256,156
16486,2568,256,192
16487,1836,256,138
16488,2236,256,173
16489,1300,128,119
16490,1276,128,124
16491,2248,256,176
16492,1120,128,103
16493,1292,128,124
16494,2816,256,210
16495,2060,256,161
16496,2192,256,168
16497,1224,128,113
16498,2264,256,180
16499,1240,128,116
16500,1284,128,122
16501,2088,256,153
16502,952,128,89
16503,2144,256,167
16504,2564,256,191
16505,1992,256,155
16506,464,64,55
16507,1008,128,95
16508,1228,128,113
16509,912,128,84
16510,2584,256,196
16511,2068,256,163
16512,2824,256,214
16513,2220,256,173
16514,1248,128,118
16515,2244,256,174
16516,2556,256,190
16517,5160,512,343
16518,1912,256,145
16519,2328,256,184
16520,540,64,65
16521,4408,512,279
16522,2632,256,196
16523,1040,128,102
16524,520,64,64
16525,2056,256,160
16526,2896,256,221
16527,416,64,50
16528,2956,256,224
16529,2120,256,165
16530,2280,256,183
16531,1892,256,140
16532,2888,256,224
16533,1188,128,108
16534,2220,256,168
16535,516,64,62
16536,1908,256,144
16537,2032,256,153
16538,2256,256,177
16539,1252,128,118
16540,2540,256,189
16541,2964,256,227
16542,824,128,78
16543,2880,256,221
16544,2156,256,166
16545,2808,256,219
16546,996,128,99
16547,1136,128,107
16548,2348,256,188
16549,2324,256,186
16550,2088,256,158
16551,2344,256,184
16552,1232,128,114
16553,2108,256,162
16554,2536,256,185
16555,1264,128,121
16556,2580,256,192
16557,1264,128,121
16558,2248,256,176
16559,2056,256,163
16560,2636,256,197
16561,2544,256,186
16562,2716,256,208
16563,2152,256,169
16564,1044,128,99
16565,2340,256,182
16566,508,64,61
16567,2628,256,196
16568,2252,256,177
16569,2680,256,208
16570,2304,256,178
16571,2876,256,220
16572,2192,256,166
16573,2856,256,216
16574,2344,256,183
16575,2612,256,199
16576,536,64,64
16577,1040,128,99
16578,2620,256,200
16579,2364,256,188
16580,2256,256,178
16581,1240,128,116
16582,972,128,96
16583,1152,128,106
16584,2252,256,177
16585,1136,128,103
16586,452,64,53
16587,1104,128,103
16588,2672,256,206
16589,2308,256,185
16590,2200,256,168
16591,2220,256,173
16592,2164,256,167
16593,1252,128,119
16594,2300,256,177
16595,2204,256,170
16596,2688,256,206
16597,488,64,57
16598,184,32,29
16599,1260,128,121
16600,1144,128,104
16601,2132,256,164
16602,1240,128,116
16603,2688,256,206
16604,2664,256,200
16605,932,128,88
16606,3020,256,240
16607,1248,128,118
16608,2844,256,217
16609,2324,256,179
16610,2624,256,195
16611,508,64,62
16612,2860,256,221
16613,1124,128,104
16614,2864,256,218
16615,2128,256,163
16616,2176,256,170
16617,2676,256,203
16618,1276,128,120
16619,1160,128,108
16620,2968,256,232
16621,2960,256,230
16622,1236,128,115
16623,1168,128,110
16624,2956,256,229
16625,1212,128,114
16626,2604,256,198
16627,1808,256,132
16628,2208,256,170
16629,548,64,67
16630,2352,256,185
16631,1032,128,99
16632,2596,256,196
16633,1140,128,108
16634,2700,256,209
16635,1160,128,108
16636,2256,256,177
16637,2252,256,176
16638,2056,256,159
16639,2264,256,180
16640,384,64,48
16641,2088,256,167
16642,2700,256,209
16643,1820,256,134
16644,2808,256,209
16645,492,64,58
16646,2928,256,222
16647,2728,256,211
16648,2840,256,217
16649,2356,256,186
16650,1940,256,148
16651,1124,128,104
16652,908,128,85
16653,2232,256,172
16654,1120,128,103
16655,2188,256,165
16656,2532,256,188
16657,2236,256,173
16658,2816,256,211
16659,2692,256,206
16660,1952,256,151
16661,2108,256,158
16662,1276,128,120
16663,1108,128,101
16664,2952,256,228
16665,1216,128,114
16666,1936,256,146
16667,1972,256,144
16668,2604,256,198
16669,936,128,89
16670,2232,256,176
16671,2524,256,182
16672,996,128,99
16673,2888,256,220
16674,2228,256,171
16675,2240,256,178
16676,1268,128,122
16677,2552,256,192
16678,964,128,94
16679,2964,256,227
16680,1160,128,108
16681,2620,256,201
16682,2604,256,197
16683,2524,256,201
16684,2820,256,211
16685,2512,256,183
16686,1232,128,114
16687,1196,128,109
16688,1164,128,109
16689,2560,256,191
16690,828,128,78
16691,2732,256,212
16692,2676,256,202
16693,1984,256,153
16694,2156,256,168
16695,1276,128,120
16696,2148,256,168
16697,1980,256,154
16698,1872,256,143
16699,2224,256,174
16700,2180,256,171
16701,2104,256,161
16702,1808,256,133
16703,2568,256,192
16704,1104,128,109
16705,2172,256,169
16706,2116,256,159
16707,2672,256,203
16708,2548,256,188
16709,2492,256,179
16710,2512,256,183
16711,2052,256,158
16712,1240,128,116
16713,1236,128,115
16714,2640,256,199
16715,976,128,94
16716,1160,128,108
16717,2864,256,218
16718,616,64,72
16719,2844,256,214
16720,1148,128,109
16721,1872,256,136
16722,2100,256,159
16723,936,128,89
16724,2668,256,204
16725,2116,256,159
16726,1816,256,134
16727,2672,256,206
16728,536,64,64
16729,2828,256,214
16730,2236,256,173
16731,2120,256,161
16732,1256,128,120
16733,2096,256,155
16734,1240,128,116
16735,624,64,74
16736,2648,256,200
16737,2816,256,211
16738,212,32,33
16739,1116,128,102
16740,2296,256,183
16741,2116,256,160
16742,1212,128,113
16743,2556,256,189
16744,2680,256,203
16745,1232,128,114
16746,2292,256,186
16747,2868,256,223
16748,2224,256,171
16749,2176,256,170
16750,628,64,75
16751,2544,256,187
16752,944,128,91
16753,1944,256,148
16754,1112,128,104
16755,2376,256,181
16756,232,32,37
16757,1920,256,146
16758,2820,256,212
16759,2684,256,205
16760,1952,256,151
16761,1168,128,110
16762,1156,128,107
16763,1296,128,125
16764,588,64,69
16765,2260,256,178
16766,2928,256,222
16767,2680,256,203
16768,2700,256,208
16769,776,128,71
16770,2352,256,186
16771,2840,256,213
16772,940,128,90
16773,2064,256,161
16774,920,128,86
16775,4792,512,302
16776,2844,256,223
16777,2248,256,175
16778,1236,128,114
16779,2984,256,231
16780,1952,256,150
16781,1208,128,113
16782,2824,256,212
16783,1256,128,119
16784,1996,256,157
16785,1092,128,100
16786,2668,256,201
16787,924,128,87
16788,2552,256,189
16789,2608,256,190
16790,2216,256,169
16791,1260,128,120
16792,1044,128,99
16793,2740,256,207
16794,1096,128,97
16795,2892,256,225
16796,2164,256,167
16797,1176,128,112
16798,2860,256,218
16799,2600,256,200
16800,2588,256,198
16801,2220,256,173
16802,2544,256,191
16803,972,128,93
16804,1272,128,119
16805,1160,128,108
16806,2688,256,206
16807,2244,256,175
16808,2592,256,194
16809,5204,512,342
16810,2632,256,198
16811,2688,256,205
16812,1260,128,121
16813,1952,256,147
16814,2672,256,202
16815,2392,256,184
16816,2952,256,227
16817,2248,256,176
16818,2264,256,179
16819,3004,256,236
16820,2060,256,161
16821,2512,256,183
16822,2696,256,207
16823,912,128,83
16824,1228,128,114
16825,1260,128,121
16826,2688,256,206
16827,1224,128,113
16828,2656,256,199
16829,2260,256,178
16830,2304,256,185
16831,2356,256,190
16832,2272,256,182
16833,544,64,66
16834,2980,256,229
16835,2784,256,213
16836,2256,256,178
16837,480,64,59
16838,2288,256,181
16839,1956,256,150
16840,1192,128,109
16841,2060,256,161
16842,1128,128,105
16843,936,128,88
16844,2840,256,216
16845,2824,256,212
16846,944,128,91
16847,1844,256,140
16848,2068,256,162
16849,2976,256,229
16850,2912,256,219
16851,1224,128,116
16852,2968,256,232
16853,1944,256,149
16854,1088,128,99
16855,488,64,57
16856,484,64,56
16857,840,128,77
16858,1876,256,143
16859,2200,256,168
16860,1236,128,115
16861,1084,128,98
16862,2676,256,203
16863,2232,256,172
16864,1176,128,106
16865,2240,256,174
16866,2908,256,229
16867,2680,256,203
16868,948,128,91
16869,1284,128,122
16870,2172,256,169
16871,1320,128,125
16872,2084,256,166
16873,2896,256,222
16874,2656,256,198
16875,2692,256,207
16876,2932,256,223
16877,2232,256,172
16878,2672,256,202
16879,2176,256,169
16880,2736,256,213
16881,2300,256,184
16882,2676,256,202
16883,1932,256,150
16884,2036,256,156
16885,2656,256,198
16886,2000,256,157
16887,2688,256,205
16888,1828,256,135
16889,4152,512,253
16890,2136,256,165
16891,2896,256,226
16892,2532,256,188
16893,2212,256,171
16894,2160,256,166
16895,2240,256,174
16896,928,128,87
16897,2860,256,220
16898,972,128,94
16899,988,128,97
16900,2664,256,201
16901,2868,256,223
16902,1236,128,115
16903,2684,256,206
16904,2920,256,220
16905,1232,128,113
16906,2044,256,158
16907,2948,256,227
16908,3092,256,245
16909,2116,256,159
16910,1852,256,138
16911,2312,256,180
16912,2980,256,230
16913,1976,256,153
16914,2256,256,177
16915,2188,256,166
16916,1164,128,109
16917,544,64,66
16918,2176,256,170
16919,2940,256,225
16920,2268,256,177
16921,1944,256,149
16922,2132,256,164
16923,2044,256,157
16924,2680,256,204
16925,2220,256,169
16926,420,64,52
16927,1184,128,107
16928,1228,128,113
16929,2964,256,231
16930,2128,256,163
16931,2548,256,191
16932,2620,256,201
16933,2296,256,183
16934,1272,128,123
16935,2944,256,226
16936,1980,256,152
16937,2128,256,163
16938,484,64,55
16939,1212,128,109
16940,2784,256,213
16941,516,64,63
16942,2968,256,231
16943,2220,256,170
16944,2184,256,165
16945,1936,256,143
16946,384,64,48
16947,2128,256,163
16948,2000,256,158
16949,2200,256,169
16950,2912,256,225
16951,1252,128,119
16952,2156,256,165
16953,1116,128,102
16954,1244,128,117
16955,2948,256,227
16956,2680,256,203
16957,1252,128,118
16958,2648,256,196
16959,2104,256,160
16960,1248,128,118
16961,2924,256,221
16962,924,128,89
16963,1276,128,121
16964,2160,256,166
16965,2168,256,168
16966,1956,256,152
16967,1128,128,104
16968,3004,256,236
16969,496,64,59
16970,1220,128,110
16971,1244,128,116
16972,4448,512,290
16973,856,128,81
16974,1840,256,134
16975,2692,256,207
16976,244,32,39
16977,244,32,39
16978,2612,256,199
16979,2580,256,195
16980,1928,256,145
16981,1256,128,119
16982,1216,128,110
16983,1144,128,108
16984,2004,256,158
16985,1220,128,112
16986,2684,256,205
16987,2556,256,185
16988,2660,256,204
16989,2700,256,207
16990,2596,256,195
16991,2980,256,230
16992,2140,256,166
16993,1252,128,119
16994,2176,256,163
16995,2692,256,210
16996,2292,256,182
16997,2716,256,212
16998,2832,256,214
16999,2172,256,169
17000,1972,256,151
17001,828,128,78
17002,2904,256,217
17003,2192,256,167
17004,2680,256,203
17005,2248,256,176
17006,3040,256,240
17007,2888,256,224
17008,1132,128,105
17009,2704,256,209
17010,960,128,94
17011,1932,256,146
17012,2144,256,166
17013,2556,256,190
17014,2268,256,180
17015,2920,256,228
17016,2488,256,192
17017,2256,256,178
17018,2860,256,222
17019,2268,256,180
17020,2204,256,169
17021,2420,256,187
17022,2876,256,222
17023,1248,128,117
17024,2612,256,199
17025,3024,256,241
17026,2876,256,231
17027,1872,256,142
17028,1256,128,119
17029,2708,256,210
17030,2708,256,210
17031,2784,256,213
17032,2344,256,184
17033,2284,256,181
17034,2372,256,190
17035,1260,128,120
17036,2032,256,158
17037,1376,128,133
17038,2532,256,188
17039,2304,256,185
17040,2972,256,228
17041,512,64,62
17042,2396,256,185
17043,2132,256,164
17044,544,64,66
17045,2104,256,156
17046,1836,256,139
17047,536,64,64
17048,2644,256,199
17049,2676,256,207
17050,2168,256,161
17051,1972,256,151
17052,2968,256,228
17053,1292,128,124
17054,2932,256,222
17055,2260,256,178
17056,1120,128,103
17057,2256,256,178
17058,1236,128,114
17059,1236,128,115
17060,2568,256,192
17061,2852,256,215
17062,2928,256,222
17063,1248,128,117
17064,1940,256,148
17065,832,128,76
17066,1936,256,146
17067,2528,256,187
17068,1936,256,146
17069,2256,256,178
17070,1108,128,99
17071,2200,256,164
17072,2828,256,219
17073,2224,256,170
17074,5108,512,331
17075,1268,128,122
17076,2248,256,175
17077,2968,256,227
17078,1248,128,118
17079,892,128,83
17080,1240,128,116
17081,2704,256,209
17082,1944,256,148
17083,1236,128,115
17084,472,64,57
17085,2672,256,202
17086,2264,256,180
17087,1256,128,120
17088,2208,256,170
17089,1996,256,157
17090,2312,256,187
17091,1156,128,108
17092,2964,256,230
17093,2252,256,177
17094,2168,256,168
17095,1112,128,101
17096,2204,256,170
17097,1228,128,113
17098,2604,256,197
17099,2528,256,186
17100,2992,256,233
17101,2236,256,173
17102,2720,256,209
17103,468,64,56
17104,1224,128,112
17105,536,64,64
17106,508,64,62
17107,1188,128,107
17108,520,64,60
17109,2384,256,182
17110,1248,128,117
17111,2684,256,204
17112,2168,256,168
17113,1984,256,153
17114,1256,128,119
17115,360,64,45
17116,912,128,86
17117,1244,128,117
17118,2132,256,164
17119,2152,256,164
17120,1804,256,131
17121,1108,128,100
17122,2808,256,209
17123,2240,256,174
17124,2504,256,181
17125,2556,256,190
17126,5064,512,335
17127,2224,256,174
17128,2928,256,222
17129,1092,128,100
17130,872,128,84
17131,2880,256,221
17132,548,64,66
17133,2196,256,167
17134,1964,256,153
17135,1108,128,100
17136,2636,256,197
17137,1208,128,112
17138,1940,256,148
17139,1932,256,147
17140,1044,128,98
17141,1232,128,113
17142,2620,256,194
17143,1892,256,147
17144,2688,256,206
17145,840,128,80
17146,608,64,70
17147,928,128,87
17148,1220,128,112
17149,552,64,67
17150,2128,256,163
17151,1248,128,118
17152,412,64,50
17153,2244,256,176
17154,2672,256,202
17155,4528,512,298
17156,928,128,87
17157,2692,256,207
17158,2628,256,203
17159,2128,256,162
17160,1972,256,151
17161,2684,256,205
17162,1240,128,116
17163,956,128,93
17164,972,128,93
17165,2172,256,167
17166,2108,256,158
17167,1236,128,115
17168,2668,256,201
17169,412,64,50
17170,2584,256,192
17171,2632,256,200
17172,1840,256,139
17173,2120,256,161
17174,2832,256,214
17175,3032,256,238
17176,2216,256,171
17177,2984,256,231
17178,2864,256,218
17179,2540,256,186
17180,1928,256,144
17181,2928,256,230
17182,1972,256,152
17183,2284,256,184
17184,2712,256,207
17185,1244,128,117
17186,1260,128,121
17187,2256,256,178
17188,2568,256,191
17189,2984,256,235
17190,2648,256,197
17191,2700,256,208
17192,1988,256,155
17193,2268,256,176
17194,2832,256,214
17195,2920,256,220
17196,2828,256,213
17197,1252,128,118
17198,2820,256,212
17199,1244,128,117
17200,2148,256,162
17201,2660,256,198
17202,1124,128,104
17203,576,64,70
17204,2188,256,167
17205,1940,256,148
17206,952,128,92
17207,1988,256,155
17208,2276,256,182
17209,1940,256,148
17210,2980,256,230
17211,3484,256,271
17212,1084,128,98
17213,2856,256,220
17214,2160,256,166
17215,2664,256,205
17216,2932,256,224
17217,2248,256,176
17218,2268,256,180
17219,1936,256,147
17220,1104,128,99
17221,2140,256,166
17222,912,128,87
17223,2596,256,198
17224,2228,256,171
17225,1972,256,155
17226,2220,256,173
17227,2824,256,209
17228,2208,256,172
17229,2660,256,203
17230,2840,256,216
17231,2120,256,161
17232,2236,256,174
17233,1932,256,146
17234,2632,256,196
17235,2884,256,219
17236,2244,256,176
17237,2700,256,208
17238,2548,256,192
17239,2160,256,166
17240,1836,256,139
17241,2152,256,167
17242,2840,256,215
17243,2960,256,229
17244,2060,256,160
17245,2052,256,158
17246,1012,128,96
17247,1232,128,114
17248,1212,128,113
17249,2588,256,193
17250,2240,256,174
17251,1276,128,120
17252,4932,512,324
17253,1024,128,98
17254,2848,256,218
17255,1936,256,147
17256,2228,256,170
17257,496,64,59
17258,2648,256,196
17259,2208,256,171
17260,2592,256,194
17261,2296,256,175
17262,2096,256,159
17263,2200,256,168
17264,536,64,64
17265,2204,256,169
17266,992,128,97
17267,2272,256,182
17268,1940,256,148
17269,2672,256,202
17270,2264,256,176
17271,2264,256,179
17272,2952,256,228
17273,1268,128,123
17274,1876,256,143
17275,2652,256,201
17276,2404,256,187
17277,2272,256,181
17278,1196,128,110
17279,2256,256,177
17280,1252,128,118
17281,2472,256,175
17282,2624,256,195
17283,1336,128,127
17284,2520,256,184
17285,1248,128,118
17286,2856,256,216
17287,1900,256,142
17288,2940,256,225
17289,2692,256,206
17290,624,64,74
17291,1228,128,114
17292,2804,256,208
17293,2660,256,203
17294,2684,256,205
17295,1268,128,118
17296,2652,256,200
17297,2192,256,167
17298,2252,256,177
17299,1264,128,117
17300,2536,256,188
17301,2876,256,220
17302,2228,256,171
17303,2724,256,210
17304,1812,256,133
17305,1908,256,144
17306,2372,256,189
17307,820,128,77
17308,2648,256,200
17309,2688,256,207
17310,1144,128,103
17311,1228,128,114
17312,940,128,89
17313,2192,256,163
17314,2240,256,174
17315,1224,128,113
17316,1896,256,141
17317,1936,256,147
17318,2508,256,183
17319,1872,256,143
17320,2564,256,193
17321,2644,256,199
17322,2852,256,215
17323,2236,256,173
17324,2888,256,224
17325,1932,256,146
17326,932,128,86
17327,2252,256,177
17328,2572,256,193
17329,1940,256,147
17330,2144,256,162
17331,2884,256,218
17332,2280,256,179
17333,2876,256,220
17334,2680,256,204
17335,808,128,74
17336,2596,256,195
17337,508,64,60
17338,2152,256,167
17339,2276,256,183
17340,1240,128,116
17341,1236,128,115
17342,2604,256,197
17343,1940,256,148
17344,1224,128,113
17345,2940,256,224
17346,936,128,89
17347,1244,128,117
17348,544,64,66
17349,916,128,84
17350,2588,256,192
17351,2540,256,190
17352,1248,128,118
17353,2672,256,202
17354,2184,256,165
17355,1172,128,110
17356,840,128,81
17357,2940,256,225
17358,876,128,85
17359,2572,256,193
17360,2572,256,193
17361,1184,128,106
17362,1960,256,152
17363,928,128,87
17364,2152,256,168
17365,2236,256,173
17366,2984,256,232
17367,1968,256,154
17368,2700,256,204
17369,2364,256,187
17370,1924,256,143
17371,2208,256,170
17372,1312,128,122
17373,992,128,98
17374,1168,128,110
17375,2884,256,223
17376,2720,256,210
17377,2920,256,219
17378,2012,256,154
17379,2944,256,226
17380,2648,256,201
17381,2948,256,227
17382,2092,256,159
17383,2544,256,186
17384,1964,256,152
17385,2872,256,220
17386,1120,128,103
17387,508,64,62
17388,1948,256,148
17389,1224,128,112
17390,960,128,93
17391,916,128,85
17392,2268,256,181
17393,2112,256,159
17394,2620,256,201
17395,1248,128,118
17396,2964,256,231
17397,188,32,30
17398,2560,256,191
17399,1100,128,102
17400,2228,256,174
17401,2868,256,219
17402,2672,256,203
17403,1248,128,118
17404,2940,256,224
17405,2684,256,205
17406,2312,256,180
17407,2224,256,170
17408,2244,256,175
17409,2836,256,215
17410,2596,256,199
17411,2288,256,182
17412,1312,128,123
17413,2648,256,200
17414,1240,128,115
17415,2696,256,207
17416,2152,256,168
17417,1232,128,115
17418,1060,128,102
17419,2248,256,176
17420,1180,128,106
17421,1248,128,117
17422,1960,256,153
17423,2860,256,217
17424,2716,256,208
17425,1124,128,103
17426,2940,256,225
17427,2400,256,187
17428,2652,256,202
17429,556,64,68
17430,372,64,45
17431,2208,256,171
17432,2812,256,209
17433,1928,256,148
17434,2604,256,197
17435,2256,256,178
17436,2104,256,157
17437,2268,256,181
17438,1244,128,117
17439,1912,256,141
17440,2664,256,200
17441,2224,256,170
17442,852,128,81
17443,2092,256,158
17444,2640,256,198
17445,1248,128,117
17446,504,64,60
17447,1252,128,118
17448,1940,256,147
17449,2048,256,158
17450,2136,256,165
17451,1244,128,117
17452,508,64,62
17453,544,64,66
17454,2848,256,214
17455,1244,128,116
17456,2672,256,202
17457,2940,256,224
17458,2344,256,184
17459,5448,512,355
17460,2092,256,168
17461,1232,128,113
17462,2884,256,223
17463,2644,256,199
17464,1236,128,115
17465,1244,128,116
17466,2580,256,190
17467,1860,256,140
17468,2544,256,190
17469,2124,256,161
17470,1924,256,144
17471,2320,256,182
17472,1004,128,100
17473,2688,256,206
17474,1996,256,157
17475,1836,256,138
17476,2624,256,194
17477,2984,256,235
17478,2636,256,193
17479,2840,256,216
17480,944,128,90
17481,2648,256,200
17482,2304,256,185
17483,2572,256,193
17484,2424,256,188
17485,988,128,97
17486,2760,256,208
17487,2584,256,193
17488,2540,256,186
17489,1220,128,115
17490,1896,256,141
17491,2692,256,207
17492,2244,256,174
17493,2808,256,209
17494,2724,256,209
17495,2080,256,150
17496,2024,256,156
17497,1324,128,124
17498,2232,256,173
17499,2716,256,212
17500,1268,128,122
17501,932,128,88
17502,1188,128,115
17503,2248,256,176
17504,2656,256,202
17505,2232,256,172
17506,2592,256,195
17507,2852,256,215
17508,2672,256,203
17509,2660,256,199
17510,436,64,55
17511,2180,256,164
17512,2232,256,172
17513,2184,256,171
17514,2860,256,218
17515,2588,256,198
17516,1912,256,145
17517,936,128,89
17518,2080,256,166
17519,2228,256,171
17520,2860,256,220
17521,2252,256,177
17522,2136,256,165
17523,2968,256,228
17524,1908,256,140
17525,2112,256,159
17526,1824,256,134
17527,2244,256,175
17528,2228,256,174
17529,1244,128,117
17530,1948,256,150
17531,1948,256,150
17532,2608,256,198
17533,1120,128,103
17534,1124,128,103
17535,2076,256,165
17536,1248,128,119
17537,2848,256,218
17538,1272,128,123
17539,2084,256,157
17540,836,128,80
17541,2936,256,224
17542,2876,256,221
17543,2984,256,231
17544,2892,256,220
17545,2980,256,230
17546,2232,256,172
17547,2188,256,162
17548,2708,256,210
17549,2116,256,161
17550,1860,256,139
17551,2984,256,231
17552,1212,128,109
17553,2892,256,225
17554,2756,256,211
17555,2256,256,177
17556,2860,256,217
17557,3028,256,237
17558,2640,256,198
17559,2220,256,170
17560,2500,256,180
17561,3432,256,264
17562,3000,256,235
17563,1232,128,114
17564,2120,256,161
17565,2592,256,194
17566,1352,128,127
17567,2348,256,184
17568,1272,128,122
17569,2180,256,169
17570,2100,256,156
17571,2364,256,177
17572,2552,256,193
17573,2908,256,224
17574,1916,256,145
17575,2552,256,188
17576,988,128,96
17577,2548,256,187
17578,2308,256,186
17579,1224,128,113
17580,1236,128,115
17581,2216,256,169
17582,2892,256,220
17583,1248,128,117
17584,1140,128,107
17585,2696,256,207
17586,1252,128,119
17587,1236,128,116
17588,2788,256,214
17589,1232,128,114
17590,1228,128,114
17591,1520,128,141
17592,2604,256,189
17593,3052,256,237
17594,1216,128,114
17595,2692,256,206
17596,2264,256,175
17597,2228,256,171
17598,2696,256,208
17599,2284,256,184
17600,1948,256,149
17601,2976,256,233
17602,1028,128,99
17603,1236,128,116
17604,1104,128,99
17605,1124,128,103
17606,1260,128,120
17607,912,128,84
17608,484,64,59
17609,372,64,45
17610,2644,256,200
17611,1948,256,150
17612,3036,256,239
17613,2156,256,165
17614,1908,256,144
17615,2496,256,193
17616,884,128,81
17617,2976,256,230
17618,2680,256,203
17619,2684,256,205
17620,1948,256,150
17621,2612,256,193
17622,2580,256,195
17623,2672,256,202
17624,2096,256,158
17625,1140,128,104
17626,2248,256,175
17627,1232,128,115
17628,2068,256,163
17629,1280,128,122
17630,2936,256,224
17631,2692,256,208
17632,956,128,92
17633,2144,256,162
17634,1212,128,113
17635,944,128,90
17636,2848,256,214
17637,2616,256,192
17638,2948,256,226
17639,2844,256,217
17640,2248,256,176
17641,2624,256,202
17642,2596,256,194
17643,2976,256,233
17644,3000,256,235
17645,2728,256,211
17646,2928,256,222
17647,2556,256,189
17648,2752,256,209
17649,2180,256,171
17650,1128,128,104
17651,2940,256,225
17652,2856,256,216
17653,2624,256,202
17654,984,128,96
17655,2068,256,153
17656,2572,256,193
17657,2856,256,217
17658,948,128,91
17659,2204,256,173
17660,248,32,34
17661,420,64,52
17662,1152,128,106
17663,2856,256,216
17664,2596,256,195
17665,540,64,64
17666,2568,256,192
17667,2692,256,206
17668,2956,256,224
17669,2944,256,226
17670,2884,256,222
17671,2004,256,152
17672,2816,256,220
17673,2288,256,181
17674,1160,128,108
17675,984,128,96
17676,1252,128,118
17677,2684,256,205
17678,2260,256,174
17679,2900,256,227
17680,2504,256,182
17681,2228,256,171
17682,996,128,98
17683,1244,128,117
17684,516,64,63
17685,2224,256,170
17686,1016,128,97
17687,2580,256,197
17688,980,128,95
17689,72,16,19
17690,2164,256,167
17691,2864,256,218
17692,2664,256,200
17693,2624,256,195
17694,1280,128,115
17695,2496,256,179
17696,2868,256,219
17697,2576,256,195
17698,1256,128,119
17699,2136,256,164
17700,2664,256,200
17701,1156,128,107
17702,1236,128,116
17703,1272,128,119
17704,1212,128,110
17705,2560,256,191
17706,1304,128,121
17707,2192,256,173
17708,496,64,59
17709,2596,256,195
17710,532,64,63
17711,2124,256,162
17712,2876,256,221
17713,2244,256,176
17714,2208,256,166
17715,2224,256,170
17716,2276,256,179
17717,3016,256,234
17718,2260,256,179
17719,932,128,88
17720,2364,256,187
17721,2668,256,201
17722,544,64,66
17723,2676,256,203
17724,3020,256,239
17725,1252,128,118
17726,620,64,72
17727,1252,128,118
17728,496,64,58
17729,2588,256,197
17730,2092,256,158
17731,1212,128,109
17732,1880,256,145
17733,1200,128,111
17734,248,32,40
17735,1224,128,111
17736,2836,256,211
17737,1952,256,151
17738,2536,256,185
17739,2888,256,223
17740,1224,128,112
17741,2368,256,189
17742,2140,256,166
17743,996,128,98
17744,3004,256,237
17745,2336,256,182
17746,1148,128,105
17747,2244,256,175
17748,2672,256,201
17749,2864,256,217
17750,2712,256,211
17751,2968,256,228
17752,2404,256,193
17753,2652,256,201
17754,2828,256,213
17755,2716,256,208
17756,2140,256,161
17757,1260,128,120
17758,2248,256,176
17759,2676,256,203
17760,1252,128,118
17761,2252,256,177
17762,1204,128,112
17763,1204,128,108
17764,1108,128,100
17765,940,128,90
17766,1932,256,145
17767,2976,256,229
17768,2964,256,231
17769,2568,256,192
17770,3268,256,243
17771,76,16,19
17772,2228,256,172
17773,2252,256,176
17774,1144,128,108
17775,2272,256,177
17776,2612,256,198
17777,2248,256,176
17778,2960,256,229
17779,824,128,78
17780,2984,256,235
17781,1240,128,115
17782,1168,128,110
17783,2564,256,192
17784,2872,256,220
17785,2264,256,179
17786,2400,256,192
17787,2624,256,202
17788,2564,256,192
17789,492,64,58
17790,4464,512,287
17791,2596,256,199
17792,936,128,89
17793,2680,256,204
17794,1232,128,114
17795,2132,256,164
17796,1092,128,100
17797,1236,128,115
17798,1952,256,150
17799,2864,256,219
17800,2784,256,214
17801,2844,256,212
17802,1212,128,114
17803,4944,512,322
17804,2596,256,189
17805,1116,128,102
17806,512,64,62
17807,2000,256,157
17808,2032,256,153
17809,200,32,33
17810,1252,128,118
17811,2872,256,219
17812,1240,128,116
17813,1948,256,149
17814,540,64,65
17815,628,64,75
17816,2544,256,187
17817,2680,256,204
17818,2976,256,233
17819,2204,256,165
17820,2988,256,232
17821,2336,256,182
17822,2820,256,211
17823,1236,128,115
17824,1244,128,117
17825,2216,256,168
17826,1296,128,125
17827,1236,128,116
17828,2680,256,203
17829,2916,256,226
17830,2344,256,184
17831,2348,256,184
17832,1256,128,119
17833,2836,256,211
17834,2768,256,214
17835,2364,256,188
17836,2620,256,194
17837,2916,256,227
17838,1232,128,114
17839,1440,128,133
17840,2948,256,226
17841,504,64,61
17842,2828,256,210
17843,2824,256,213
17844,380,64,47
17845,2144,256,166
17846,2200,256,170
17847,1248,128,118
17848,2212,256,172
17849,2264,256,179
17850,2260,256,178
17851,1896,256,142
17852,2244,256,175
17853,2572,256,193
17854,1236,128,115
17855,1348,128,127
17856,2060,256,160
17857,1064,128,103
17858,2248,256,176
17859,2140,256,161
17860,2196,256,167
17861,2672,256,201
17862,5188,512,339
17863,1916,256,147
17864,2952,256,224
17865,2684,256,205
17866,1220,128,111
17867,852,128,80
17868,1252,128,118
17869,2052,256,150
17870,2064,256,152
17871,2800,256,208
17872,2264,256,180
17873,2676,256,202
17874,2244,256,175
17875,2216,256,173
17876,2848,256,218
17877,1232,128,115
17878,2252,256,176
17879,2664,256,204
17880,2836,256,216
17881,1268,128,122
17882,2828,256,223
17883,2920,256,227
17884,940,128,90
17885,2964,256,231
17886,1248,128,117
17887,2632,256,192
17888,2856,256,215
17889,2968,256,227
17890,2232,256,177
17891,2680,256,204
17892,500,64,60
17893,636,64,76
17894,1128,128,105
17895,3004,256,231
17896,2696,256,203
17897,2120,256,160
17898,2248,256,176
17899,1828,256,135
17900,2832,256,214
17901,2684,256,205
17902,2256,256,174
17903,1252,128,119
17904,1336,128,123
17905,1980,256,153
17906,2684,256,204
17907,2848,256,215
17908,2616,256,193
17909,2016,256,155
17910,2648,256,201
17911,2516,256,183
17912,1264,128,121
17913,2768,256,214
17914,2524,256,186
17915,2900,256,222
17916,928,128,87
17917,2620,256,194
17918,1260,128,120
17919,1992,256,156
17920,1864,256,140
17921,1248,128,118
17922,2192,256,167
17923,512,64,61
17924,2256,256,178
17925,2108,256,168
17926,2676,256,203
17927,2924,256,222
17928,2676,256,203
17929,2796,256,216
17930,2720,256,213
17931,3000,256,235
17932,2088,256,158
17933,504,64,60
17934,2856,256,217
17935,1116,128,101
17936,1236,128,115
17937,1200,128,110
17938,2296,256,183
17939,1916,256,143
17940,500,64,59
17941,488,64,57
17942,2516,256,184
17943,2232,256,172
17944,5104,512,330
17945,2240,256,174
17946,1248,128,118
17947,2208,256,166
17948,1344,128,125
17949,2936,256,224
17950,2668,256,201
17951,2592,256,194
17952,2376,256,190
17953,3008,256,237
17954,3068,256,241
17955,1268,128,123
17956,1256,128,120
17957,1892,256,140
17958,1248,128,118
17959,1256,128,119
17960,1308,128,121
17961,2532,256,184
17962,2816,256,211
17963,2168,256,162
17964,2612,256,199
17965,4820,512,322
17966,152,32,27
17967,648,64,79
17968,2248,256,175
17969,1208,128,112
17970,1036,128,101
17971,2560,256,190
17972,2944,256,226
17973,2948,256,226
17974,2996,256,234
17975,556,64,69
17976,2884,256,222
17977,2000,256,157
17978,936,128,89
17979,2944,256,222
17980,1232,128,114
17981,2572,256,193
17982,2956,256,230
17983,2252,256,177
17984,2956,256,225
17985,1212,128,114
17986,2688,256,210
17987,2696,256,208
17988,2832,256,214
17989,196,32,32
17990,2696,256,208
17991,1252,128,119
17992,2656,256,199
17993,1276,128,124
17994,2212,256,170
17995,2672,256,207
17996,484,64,57
17997,2248,256,175
17998,1928,256,146
17999,2236,256,172
18000,2168,256,168
18001,2696,256,207
18002,1248,128,118
18003,1244,128,117
18004,2244,256,175
18005,2240,256,173
18006,1892,256,140
18007,2820,256,212
18008,1096,128,100
18009,540,64,65
18010,2968,256,231
18011,1944,256,149
18012,2580,256,191
18013,2980,256,230
18014,2116,256,160
18015,2788,256,214
18016,2896,256,221
18017,2592,256,193
18018,1812,256,132
18019,2688,256,205
18020,2256,256,177
18021,1252,128,118
18022,2220,256,174
18023,2708,256,206
18024,428,64,53
18025,2952,256,228
18026,2432,256,189
18027,1068,128,105
18028,1960,256,148
18029,2140,256,165
18030,2212,256,172
18031,2068,256,153
18032,2156,256,165
18033,1072,128,95
18034,1260,128,121
18035,2636,256,198
18036,360,32,52
18037,2232,256,172
18038,1236,128,115
18039,2888,256,220
18040,2764,256,213
18041,1244,128,116
18042,2968,256,228
18043,1884,256,139
18044,2060,256,161
18045,1232,128,114
18046,2248,256,176
18047,1048,128,100
18048,1208,128,112
18049,2640,256,198
18050,1184,128,106
18051,204,32,34
18052,1160,128,107
18053,1844,256,137
18054,1348,128,126
18055,2580,256,195
18056,1248,128,118
18057,528,64,66
18058,2984,256,231
18059,2904,256,223
18060,2232,256,173
18061,1352,128,127
18062,2596,256,195
18063,2652,256,201
18064,2824,256,212
18065,1752,128,151
18066,2888,256,224
18067,2976,256,229
18068,1224,128,116
18069,2640,256,205
18070,2596,256,199
18071,2872,256,220
18072,1112,128,101
18073,2664,256,200
18074,1076,128,107
18075,1236,128,115
18076,2880,256,222
18077,1244,128,117
18078,1212,128,112
18079,1156,128,111
18080,1240,128,116
18081,1328,128,126
18082,2580,256,195
18083,1940,256,148
18084,2692,256,207
18085,2940,256,224
18086,2796,256,217
18087,1216,128,110
18088,2224,256,170
18089,1060,128,102
18090,2932,256,230
18091,2976,256,230
18092,1260,128,120
18093,988,128,97
18094,1360,128,129
18095,2252,256,177
18096,548,64,67
18097,2824,256,223
18098,628,64,75
18099,2260,256,178
18100,828,128,78
18101,1300,128,120
18102,2152,256,165
18103,2876,256,220
18104,2240,256,174
18105,2240,256,174
18106,2696,256,208
18107,240,32,38
18108,2120,256,161
18109,500,64,59
18110,2836,256,212
18111,2260,256,175
18112,2304,256,185
18113,2688,256,206
18114,2592,256,198
18115,824,128,77
18116,2936,256,231
18117,2900,256,226
18118,2188,256,167
18119,2924,256,221
18120,1196,128,110
18121,2220,256,169
18122,1128,128,104
18123,2236,256,173
18124,2240,256,174
18125,2344,256,188
18126,2348,256,184
18127,3000,256,231
18128,1224,128,113
18129,492,64,57
18130,1928,256,149
18131,2260,256,178
18132,2792,256,215
18133,1936,256,146
18134,2700,256,204
18135,2688,256,205
18136,476,64,54
18137,512,64,62
18138,472,64,57
18139,2828,256,214
18140,2976,256,233
18141,2152,256,164
18142,2940,256,225
18143,2216,256,172
18144,1244,128,117
18145,1256,128,119
18146,1220,128,115
18147,932,128,87
18148,2880,256,222
18149,1260,128,120
18150,1176,128,106
18151,2184,256,171
18152,612,64,71
18153,1248,128,118
18154,2920,256,227
18155,2188,256,166
18156,1228,128,113
18157,1244,128,116
18158,1952,256,146
18159,2996,256,235
18160,2080,256,166
18161,2288,256,181
18162,2376,256,191
18163,2800,256,208
18164,2252,256,177
18165,2540,256,190
18166,1216,128,111
18167,2140,256,162
18168,2208,256,170
18169,1236,128,115
18170,1124,128,103
18171,2804,256,207
18172,2684,256,204
18173,1936,256,147
18174,2244,256,174
18175,1356,128,129
18176,2676,256,203
18177,2188,256,166
18178,1976,256,152
18179,1216,128,114
18180,1064,128,94
18181,836,128,77
18182,2916,256,226
18183,1304,128,126
18184,2236,256,173
18185,1892,256,147
18186,1084,128,98
18187,1220,128,111
18188,2852,256,216
18189,2852,256,215
18190,2228,256,171
18191,1812,256,132
18192,2972,256,229
18193,1928,256,145
18194,2236,256,173
18195,2732,256,213
18196,1176,128,106
18197,2088,256,157
18198,1948,256,150
18199,2252,256,176
18200,1932,256,146
18201,2244,256,175
18202,2364,256,187
18203,2704,256,205
18204,1240,128,115
18205,1212,128,113
18206,2948,256,227
18207,2240,256,174
18208,2080,256,162
18209,2936,256,224
18210,372,64,45
18211,1204,128,112
18212,1244,128,116
18213,2024,256,153
18214,2684,256,205
18215,2116,256,159
18216,2144,256,166
18217,2292,256,176
18218,1904,256,138
18219,2956,256,224
18220,2180,256,171
18221,1236,128,114
18222,2236,256,172
18223,1312,128,122
18224,1120,128,103
18225,1216,128,115
18226,2412,256,195
18227,2924,256,221
18228,2540,256,186
18229,2248,256,176
18230,924,128,86
18231,1252,128,119
18232,1176,128,112
18233,2248,256,176
18234,1936,256,146
18235,2692,256,203
18236,1228,128,114
18237,2872,256,220
18238,2396,256,195
18239,2528,256,187
18240,2676,256,202
18241,2212,256,167
18242,2880,256,222
18243,2152,256,164
18244,904,128,82
18245,1224,128,111
18246,2052,256,159
18247,1272,128,123
18248,552,64,67
18249,2252,256,177
18250,2244,256,176
18251,208,32,34
18252,1864,256,140
18253,948,128,91
18254,1244,128,116
18255,2708,256,211
18256,2916,256,226
18257,2672,256,202
18258,544,64,66
18259,1376,128,132
18260,2688,256,209
18261,2868,256,218
18262,368,64,44
18263,412,64,50
18264,1828,256,137
18265,1916,256,143
18266,2652,256,202
18267,2672,256,202
18268,1236,128,115
18269,2980,256,230
18270,1884,256,135
18271,2496,256,179
18272,1940,256,147
18273,960,128,90
18274,2140,256,165
18275,1936,256,147
18276,2076,256,164
18277,492,64,59
18278,868,128,83
18279,2260,256,179
18280,2908,256,224
18281,2640,256,195
18282,200,32,33
18283,1260,128,121
18284,2236,256,173
18285,2596,256,194
18286,612,64,70
18287,568,64,65
18288,1144,128,108
18289,2136,256,165
18290,2620,256,194
18291,2656,256,202
18292,1160,128,108
18293,2556,256,195
18294,1260,128,120
18295,2680,256,204
18296,2536,256,190
18297,2140,256,161
18298,2724,256,206
18299,2272,256,177
18300,2556,256,190
18301,2208,256,170
18302,2664,256,204
18303,2072,256,154
18304,1948,256,145
18305,952,128,92
18306,2616,256,200
18307,2236,256,172
18308,2876,256,221
18309,900,128,84
18310,2572,256,193
18311,1944,256,148
18312,2228,256,171
18313,2632,256,197
18314,2808,256,205
18315,1244,128,116
18316,2960,256,229
18317,2528,256,184
18318,1112,128,101
18319,2664,256,201
18320,2504,256,181
18321,2204,256,170
18322,2200,256,169
18323,524,64,64
18324,2660,256,203
18325,2700,256,209
18326,2252,256,177
18327,2952,256,228
18328,2572,256,204
18329,504,64,60
18330,2192,256,162
18331,2372,256,190
18332,2232,256,171
18333,2636,256,197
18334,2196,256,168
18335,2056,256,160
18336,1788,256,128
18337,1980,256,153
18338,2944,256,226
18339,1820,256,133
18340,2856,256,216
18341,468,64,53
18342,1248,128,118
18343,2608,256,198
18344,2980,256,230
18345,2664,256,201
18346,2980,256,230
18347,1956,256,147
18348,2572,256,194
18349,2348,256,184
18350,2156,256,165
18351,2324,256,183
18352,2668,256,202
18353,2256,256,178
18354,2224,256,174
18355,2944,256,226
18356,1056,128,102
18357,2436,256,191
18358,1940,256,147
18359,2036,256,160
18360,2972,256,228
18361,2676,256,204
18362,1260,128,120
18363,2200,256,164
18364,2792,256,216
18365,2884,256,219
18366,2132,256,163
18367,1124,128,104
18368,2948,256,227
18369,540,64,65
18370,2268,256,180
18371,1984,256,154
18372,2616,256,195
18373,2532,256,198
18374,512,64,62
18375,2236,256,173
18376,976,128,94
18377,2252,256,177
18378,2628,256,195
18379,2992,256,233
18380,2672,256,202
18381,928,128,88
18382,2256,256,178
18383,952,128,93
18384,2220,256,173
18385,2672,256,202
18386,2244,256,176
18387,2240,256,174
18388,2828,256,213
18389,3388,256,256
18390,2688,256,206
18391,1160,128,107
18392,924,128,86
18393,2884,256,222
18394,2196,256,168
18395,2112,256,158
18396,1248,128,118
18397,2576,256,194
18398,2848,256,214
18399,2628,256,195
18400,2100,256,157
18401,2972,256,232
18402,2164,256,167
18403,976,128,95
18404,2592,256,198
18405,2568,256,193
18406,2964,256,227
18407,1252,128,119
18408,1844,256,140
18409,1296,128,125
18410,2560,256,190
18411,1232,128,114
18412,2072,256,163
18413,2836,256,215
18414,1260,128,120
18415,2256,256,178
18416,2700,256,209
18417,1900,256,143
18418,2592,256,194
18419,924,128,87
18420,2228,256,172
18421,2696,256,207
18422,2252,256,173
18423,2236,256,174
18424,3012,256,237
18425,2176,256,170
18426,1120,128,103
18427,2984,256,231
18428,2836,256,212
18429,2016,256,154
18430,1244,128,117
18431,2848,256,214
18432,2652,256,201
18433,2984,256,232
18434,2104,256,157
18435,2816,256,211
18436,2580,256,195
18437,2524,256,185
18438,1368,128,130
18439,2244,256,176
18440,2968,256,231
18441,1980,256,153
18442,1240,128,115
18443,1252,128,118
18444,2628,256,192
18445,1240,128,115
18446,2008,256,152
18447,1808,256,131
18448,1164,128,108
18449,1232,128,114
18450,1280,128,121
18451,2492,256,180
18452,2672,256,202
18453,2576,256,195
18454,2636,256,198
18455,1164,128,109
18456,2108,256,158
18457,1196,128,110
18458,1156,128,107
18459,2556,256,194
18460,2944,256,226
18461,2564,256,192
18462,2684,256,206
18463,2244,256,175
18464,2628,256,202
18465,2572,256,193
18466,2560,256,190
18467,952,128,91
18468,2976,256,230
18469,1228,128,117
18470,2252,256,177
18471,1264,128,121
18472,2264,256,180
18473,2708,256,210
18474,2724,256,210
18475,3000,256,235
18476,480,64,59
18477,2256,256,177
18478,976,128,94
18479,2076,256,165
18480,2360,256,186
18481,932,128,88
18482,2828,256,213
18483,2076,256,155
18484,2840,256,215
18485,1248,128,118
18486,1192,128,108
18487,2876,256,221
18488,2212,256,172
18489,2680,256,208
18490,968,128,92
18491,1944,256,152
18492,912,128,83
18493,1920,256,142
18494,1232,128,118
18495,1256,128,116
18496,2460,256,196
18497,948,128,91
18498,1872,256,143
18499,2872,256,220
18500,1856,256,139
18501,2264,256,180
18502,2800,256,217
18503,2848,256,214
18504,2692,256,206
18505,2248,256,176
18506,2828,256,214
18507,896,128,84
18508,2880,256,218
18509,2952,256,228
18510,2112,256,159
18511,2972,256,228
18512,2104,256,157
18513,1120,128,103
18514,2220,256,174
18515,2244,256,175
18516,2964,256,230
18517,2992,256,228
18518,984,128,95
18519,2700,256,208
18520,2148,256,163
18521,1996,256,160
18522,3020,256,240
18523,1228,128,113
18524,2212,256,172
18525,1920,256,143
18526,2984,256,231
18527,2784,256,214
18528,1228,128,114
18529,1244,128,117
18530,2624,256,202
18531,2696,256,207
18532,1164,128,108
18533,2328,256,183
18534,1896,256,141
18535,1128,128,105
18536,1944,256,148
18537,1808,256,131
18538,1116,128,102
18539,2868,256,219
18540,2036,256,159
18541,1944,256,147
18542,1128,128,104
18543,1252,128,118
18544,1980,256,153
18545,2708,256,211
18546,2180,256,171
18547,1076,128,95
18548,2140,256,165
18549,1244,128,117
18550,2692,256,206
18551,2628,256,202
18552,1248,128,119
18553,2664,256,200
18554,2152,256,164
18555,1168,128,110
18556,1240,128,115
18557,2828,256,213
18558,2828,256,213
18559,1216,128,114
18560,944,128,90
18561,2628,256,203
18562,2248,256,176
18563,2244,256,176
18564,1844,256,136
18565,2484,256,177
18566,1908,256,140
18567,1092,128,100
18568,2904,256,222
18569,2552,256,189
18570,2252,256,176
18571,1240,128,115
18572,1140,128,107
18573,2708,256,210
18574,2704,256,210
18575,2936,256,224
18576,1940,256,148
18577,500,64,59
18578,516,64,60
18579,2700,256,208
18580,940,128,89
18581,1936,256,146
18582,2820,256,212
18583,2568,256,192
18584,936,128,88
18585,2684,256,205
18586,812,128,74
18587,2672,256,202
18588,1936,256,147
18589,1952,256,150
18590,1864,256,141
18591,540,64,65
18592,2680,256,203
18593,864,128,83
18594,1956,256,151
18595,1088,128,99
18596,2856,256,216
18597,1976,256,152
18598,1948,256,149
18599,1236,128,114
18600,1172,128,114
18601,2128,256,163
18602,2956,256,228
18603,856,128,81
18604,2856,256,216
18605,2564,256,191
18606,2272,256,181
18607,872,128,85
18608,1216,128,110
18609,1120,128,103
18610,1116,128,102
18611,2576,256,194
18612,2184,256,172
18613,2840,256,216
18614,1220,128,112
18615,2832,256,214
18616,1236,128,114
18617,2108,256,158
18618,492,64,58
18619,992,128,91
18620,936,128,88
18621,2560,256,191
18622,2548,256,191
18623,1256,128,120
18624,2684,256,204
18625,2256,256,178
18626,4220,512,269
18627,2872,256,220
18628,2224,256,173
18629,2984,256,231
18630,496,64,59
18631,2264,256,180
18632,972,128,93
18633,1944,256,149
18634,2216,256,173
18635,2152,256,168
18636,2980,256,229
18637,1224,128,112
18638,2856,256,216
18639,2692,256,207
18640,2564,256,191
18641,2976,256,229
18642,1240,128,116
18643,2060,256,161
18644,1268,128,118
18645,2528,256,187
18646,2228,256,171
18647,976,128,93
18648,1092,128,100
18649,1372,128,121
18650,480,64,54
18651,2580,256,195
18652,2864,256,219
18653,1956,256,151
18654,1924,256,144
18655,492,64,59
18656,1208,128,112
18657,2044,256,157
18658,200,32,33
18659,508,64,61
18660,508,64,61
18661,2144,256,166
18662,852,128,79
18663,404,64,48
18664,2896,256,221
18665,2188,256,173
18666,2680,256,204
18667,2048,256,158
18668,2688,256,206
18669,2060,256,161
18670,2324,256,182
18671,1236,128,115
18672,1148,128,105
18673,2256,256,177
18674,836,128,77
18675,2212,256,171
18676,860,128,81
18677,2228,256,172
18678,2640,256,198
18679,2628,256,195
18680,1860,256,140
18681,1908,256,144
18682,2796,256,216
18683,628,64,75
18684,2576,256,194
18685,2784,256,214
18686,2528,256,183
18687,2856,256,220
18688,2900,256,222
18689,500,64,60
18690,2848,256,214
18691,1264,128,121
18692,968,128,91
18693,2052,256,159
18694,2684,256,205
18695,1252,128,119
18696,1116,128,102
18697,1256,128,120
18698,2624,256,194
18699,2644,256,199
18700,2876,256,221
18701,2260,256,178
18702,2872,256,220
18703,2244,256,175
18704,2860,256,220
18705,916,128,84
18706,788,128,74
18707,2848,256,218
18708,2640,256,198
18709,2560,256,191
18710,1988,256,155
18711,488,64,57
18712,2536,256,186
18713,1832,256,137
18714,2112,256,158
18715,1252,128,119
18716,380,64,46
18717,2672,256,202
18718,2208,256,170
18719,2176,256,164
18720,2088,256,157
18721,2168,256,168
18722,1768,256,126
18723,1244,128,117
18724,1948,256,150
18725,2124,256,161
18726,1144,128,108
18727,992,128,97
18728,2176,256,163
18729,2888,256,224
18730,1972,256,151
18731,496,64,59
18732,1948,256,151
18733,2136,256,165
18734,2692,256,207
18735,2700,256,210
18736,1212,128,109
18737,1808,256,132
18738,1952,256,150
18739,2824,256,212
18740,2512,256,184
18741,2796,256,205
18742,268,32,39
18743,1364,128,130
18744,2236,256,173
18745,1796,256,129
18746,2124,256,162
18747,500,64,59
18748,2240,256,173
18749,2256,256,177
18750,1196,128,110
18751,2336,256,185
18752,2848,256,214
18753,1128,128,105
18754,2256,256,178
18755,2240,256,173
18756,2056,256,159
18757,2728,256,211
18758,2252,256,177
18759,1880,256,137
18760,1856,256,138
18761,2216,256,167
18762,2228,256,171
18763,2672,256,202
18764,1248,128,118
18765,2992,256,232
18766,2008,256,159
18767,2676,256,203
18768,2588,256,193
18769,2180,256,164
18770,2800,256,217
18771,1232,128,115
18772,1240,128,115
18773,2552,256,189
18774,884,128,80
18775,1260,128,120
18776,2244,256,175
18777,2300,256,183
18778,2684,256,200
18779,1580,128,137
18780,1144,128,108
18781,2932,256,223
18782,1988,256,148
18783,1996,256,156
18784,1236,128,115
18785,2572,256,193
18786,2036,256,159
18787,2104,256,157
18788,1236,128,115
18789,488,64,57
18790,2832,256,214
18791,2936,256,224
18792,2212,256,167
18793,2304,256,185
18794,1920,256,143
18795,1876,256,136
18796,1244,128,116
18797,2676,256,203
18798,2056,256,160
18799,1252,128,119
18800,2232,256,172
18801,2044,256,157
18802,516,64,63
18803,2676,256,202
18804,1244,128,116
18805,2648,256,200
18806,2208,256,170
18807,1280,128,122
18808,2672,256,201
18809,512,64,62
18810,1188,128,114
18811,1204,128,112
18812,2160,256,167
18813,1268,128,122
18814,2644,256,199
18815,2952,256,228
18816,1240,128,116
18817,2876,256,217
18818,2292,256,182
18819,1256,128,120
18820,2932,256,230
18821,2556,256,190
18822,2192,256,167
18823,2644,256,199
18824,2740,256,214
18825,1224,128,112
18826,1836,256,133
18827,2648,256,200
18828,1212,128,113
18829,1148,128,106
18830,2248,256,175
18831,2820,256,218
18832,2684,256,205
18833,2964,256,227
18834,2280,256,179
18835,2556,256,190
18836,2532,256,185
18837,2780,256,212
18838,2624,256,202
18839,2796,256,206
18840,2244,256,175
18841,952,128,92
18842,2220,256,174
18843,2656,256,198
18844,2440,256,192
18845,1984,256,154
18846,1920,256,146
18847,2616,256,193
18848,1804,256,134
18849,832,128,79
18850,2556,256,193
18851,2152,256,164
18852,2096,256,165
18853,2176,256,163
18854,1216,128,113
18855,2264,256,180
18856,2804,256,219
18857,2700,256,209
18858,1156,128,107
18859,2668,256,201
18860,2688,256,206
18861,2932,256,223
18862,1116,128,101
18863,2908,256,218
18864,2240,256,174
18865,2788,256,214
18866,1820,256,134
18867,2508,256,182
18868,2916,256,226
18869,2240,256,174
18870,2600,256,189
18871,2528,256,187
18872,1932,256,146
18873,2252,256,176
18874,2016,256,155
18875,2580,256,191
18876,1940,256,148
18877,604,64,70
18878,2676,256,203
18879,864,128,83
18880,2276,256,179
18881,2680,256,203
18882,840,128,77
18883,548,64,67
18884,2240,256,174
18885,2228,256,171
18886,2808,256,209
18887,2868,256,218
18888,1920,256,147
18889,2528,256,187
18890,1296,128,125
18891,1916,256,142
18892,2584,256,196
18893,976,128,94
18894,2240,256,174
18895,2136,256,160
18896,2416,256,186
18897,2968,256,228
18898,864,128,83
18899,2252,256,177
18900,2888,256,223
18901,2880,256,221
18902,1984,256,154
18903,1164,128,109
18904,1892,256,147
18905,2232,256,172
18906,1200,128,111
18907,536,64,64
18908,1820,256,135
18909,476,64,55
18910,2220,256,176
18911,2804,256,219
18912,1992,256,156
18913,1944,256,145
18914,508,64,61
18915,2604,256,197
18916,2228,256,174
18917,316,32,46
18918,1956,256,148
18919,2300,256,184
18920,2640,256,205
18921,2172,256,168
18922,2732,256,212
18923,1236,128,114
18924,1124,128,104
18925,2864,256,222
18926,648,64,79
18927,496,64,59
18928,1232,128,114
18929,2676,256,199
18930,1880,256,137
18931,2852,256,215
18932,384,64,47
18933,1892,256,141
18934,2696,256,208
18935,1268,128,123
18936,2556,256,189
18937,1936,256,147
18938,2888,256,224
18939,2980,256,230
18940,1188,128,108
18941,2232,256,172
18942,1900,256,142
18943,1232,128,114
18944,400,32,57
18945,2260,256,178
18946,880,128,79
18947,2156,256,166
18948,2640,256,199
18949,2288,256,181
18950,2792,256,205
18951,2184,256,165
18952,1136,128,103
18953,2940,256,225
18954,1276,128,124
18955,2608,256,198
18956,2640,256,205
18957,1964,256,149
18958,2956,256,229
18959,2960,256,230
18960,2980,256,230
18961,512,64,62
18962,2688,256,206
18963,496,64,59
18964,924,128,87
18965,1248,128,118
18966,2584,256,196
18967,2840,256,217
18968,1228,128,114
18969,2376,256,192
18970,984,128,96
18971,2220,256,169
18972,2408,256,185
18973,2680,256,205
18974,2636,256,198
18975,2168,256,169
18976,1248,128,117
18977,1032,128,97
18978,4492,512,289
18979,1920,256,143
18980,1164,128,109
18981,1340,128,131
18982,2692,256,206
18983,1268,128,122
18984,1236,128,115
18985,1244,128,117
18986,2640,256,195
18987,2268,256,180
18988,2236,256,173
18989,1192,128,109
18990,2236,256,173
18991,2640,256,199
18992,2224,256,170
18993,2052,256,158
18994,2588,256,197
18995,1776,256,127
18996,2824,256,212
18997,1952,256,151
18998,2140,256,165
18999,2076,256,165
19000,1940,256,147
19001,2904,256,224
19002,2616,256,193
19003,1008,128,95
19004,1956,256,147
19005,832,128,79
19006,2544,256,190
19007,2672,256,202
19008,548,64,67
19009,1192,128,115
19010,488,64,56
19011,2976,256,228
19012,2232,256,172
19013,2168,256,168
19014,2576,256,194
19015,2972,256,232
19016,2808,256,208
19017,1332,128,123
19018,1944,256,148
19019,2692,256,208
19020,1184,128,114
19021,2860,256,217
19022,2964,256,226
19023,2968,256,228
19024,2680,256,203
19025,1316,128,123
19026,1240,128,116
19027,2160,256,166
19028,2864,256,219
19029,2624,256,190
19030,2592,256,194
19031,2832,256,211
19032,2864,256,218
19033,2668,256,205
19034,2168,256,168
19035,1960,256,152
19036,824,128,77
19037,2568,256,192
19038,2944,256,226
19039,2200,256,169
19040,1248,128,117
19041,2152,256,164
19042,1976,256,152
19043,1940,256,147
19044,2892,256,224
19045,1224,128,112
19046,1124,128,104
19047,2564,256,191
19048,1224,128,116
19049,2172,256,169
19050,2588,256,197
19051,900,128,84
19052,1244,128,117
19053,1904,256,142
19054,2216,256,172
19055,1932,256,146
19056,2832,256,214
19057,2192,256,167
19058,3296,256,245
19059,1256,128,120
19060,2808,256,219
19061,2152,256,165
19062,2500,256,180
19063,2840,256,212
19064,2664,256,204
19065,2696,256,207
19066,508,64,60
19067,1200,128,110
19068,2156,256,168
19069,2980,256,230
19070,2360,256,187
19071,1976,256,152
19072,1244,128,116
19073,1224,128,112
19074,1912,256,146
19075,2588,256,193
19076,2116,256,160
19077,2572,256,193
19078,1236,128,115
19079,2936,256,224
19080,2848,256,217
19081,2224,256,170
19082,496,64,60
19083,2880,256,221
19084,516,64,63
19085,1936,256,146
19086,2264,256,179
19087,2928,256,222
19088,2576,256,194
19089,2256,256,178
19090,236,32,37
19091,2128,256,163
19092,1184,128,114
19093,2996,256,234
19094,2120,256,160
19095,2348,256,184
19096,2712,256,212
19097,2888,256,219
19098,2832,256,214
19099,1980,256,153
19100,2852,256,219
19101,2696,256,208
19102,1236,128,116
19103,1256,128,119
19104,1260,128,121
19105,516,64,63
19106,936,128,88
19107,1924,256,144
19108,2176,256,163
19109,2624,256,201
19110,472,64,54
19111,1232,128,114
19112,1368,128,131
19113,2860,256,217
19114,2268,256,176
19115,1956,256,152
19116,2008,256,160
19117,2592,256,194
19118,2252,256,177
19119,2696,256,207
19120,2868,256,219
19121,2232,256,172
19122,2236,256,173
19123,2960,256,230
19124,2512,256,182
19125,1244,128,116
19126,432,64,54
19127,548,64,66
19128,2124,256,162
19129,2192,256,174
19130,2892,256,225
19131,2256,256,178
19132,2680,256,204
19133,2808,256,208
19134,1280,128,121
19135,2148,256,167
19136,1124,128,103
19137,2568,256,193
19138,3064,256,239
19139,1940,256,148
19140,2664,256,200
19141,2532,256,185
19142,2852,256,219
19143,2984,256,230
19144,1832,256,137
19145,2912,256,219
19146,2816,256,211
19147,2104,256,156
19148,952,128,92
19149,480,64,59
19150,1980,256,153
19151,2852,256,215
19152,2128,256,162
19153,1252,128,118
19154,2868,256,219
19155,1220,128,112
19156,2788,256,204
19157,1172,128,111
19158,2224,256,170
19159,412,64,50
19160,2108,256,158
19161,920,128,85
19162,2236,256,173
19163,1928,256,145
19164,2228,256,174
19165,1260,128,120
19166,540,64,65
19167,2864,256,218
19168,2676,256,202
19169,2096,256,159
19170,1204,128,112
19171,1184,128,107
19172,2204,256,170
19173,1360,128,129
19174,2864,256,218
19175,1956,256,150
19176,1136,128,106
19177,1240,128,115
19178,572,64,66
19179,480,64,59
19180,2700,256,209
19181,2580,256,195
19182,1172,128,111
19183,2196,256,167
19184,1256,128,119
19185,1928,256,145
19186,2564,256,192
19187,1952,256,151
19188,1240,128,116
19189,2500,256,180
19190,2876,256,222
19191,2812,256,209
19192,2972,256,232
19193,440,64,50
19194,2508,256,181
19195,460,64,54
19196,2240,256,174
19197,2988,256,233
19198,336,64,40
19199,2932,256,223
19200,488,64,56
19201,2976,256,233
19202,2228,256,171
19203,2736,256,212
19204,2648,256,201
19205,2528,256,187
19206,2504,256,182
19207,1192,128,115
19208,2208,256,171
19209,2236,256,173
19210,1248,128,117
19211,1852,256,138
19212,2820,256,217
19213,1980,256,153
19214,992,128,98
19215,2892,256,220
19216,2240,256,175
19217,492,64,57
19218,1812,256,134
19219,800,128,72
19220,1908,256,144
19221,2160,256,166
19222,1240,128,116
19223,952,128,88
19224,2540,256,186
19225,2864,256,218
19226,492,64,58
19227,2828,256,214
19228,2840,256,217
19229,2544,256,192
19230,2272,256,181
19231,2720,256,213
19232,3084,256,243
19233,2628,256,199
19234,588,64,69
19235,1972,256,151
19236,2884,256,222
19237,2712,256,208
19238,948,128,91
19239,532,64,63
19240,1200,128,111
19241,2928,256,221
19242,2936,256,224
19243,2236,256,173
19244,2116,256,160
19245,200,32,33
19246,1984,256,154
19247,2548,256,189
19248,2572,256,193
19249,2228,256,172
19250,532,64,63
19251,2668,256,201
19252,2244,256,174
19253,2824,256,211
19254,1288,128,124
19255,2516,256,184
19256,1980,256,153
19257,2548,256,187
19258,512,64,63
19259,2140,256,166
19260,2868,256,218
19261,1136,128,107
19262,1272,128,123
19263,2584,256,192
19264,1936,256,147
19265,1172,128,111
19266,1176,128,111
19267,2244,256,175
19268,492,64,58
19269,408,64,49
19270,948,128,92
19271,1892,256,140
19272,2672,256,202
19273,2664,256,204
19274,992,128,98
19275,616,64,72
19276,2960,256,225
19277,2256,256,177
19278,2500,256,194
19279,2868,256,219
19280,3044,256,241
19281,980,128,95
19282,2880,256,222
19283,2000,256,157
19284,1216,128,111
19285,1248,128,117
19286,2144,256,166
19287,2708,256,206
19288,1948,256,149
19289,1132,128,102
19290,2528,256,187
19291,2948,256,222
19292,2932,256,223
19293,2868,256,219
19294,2640,256,199
19295,340,32,47
19296,2696,256,208
19297,2032,256,154
19298,2240,256,174
19299,2304,256,186
19300,1228,128,112
19301,2596,256,195
19302,2820,256,222
19303,2240,256,174
19304,2944,256,226
19305,2256,256,177
19306,1248,128,117
19307,1200,128,106
19308,2204,256,166
19309,2216,256,172
19310,2976,256,229
19311,2992,256,233
19312,1220,128,111
19313,508,64,61
19314,1172,128,111
19315,1128,128,105
19316,2976,256,233
19317,1100,128,102
19318,2684,256,205
19319,2728,256,212
19320,2544,256,205
19321,2232,256,172
19322,1952,256,150
19323,2716,256,209
19324,1168,128,110
19325,2532,256,188
19326,1220,128,111
19327,2844,256,214
19328,2568,256,192
19329,1252,128,120
19330,2240,256,174
19331,2104,256,160
19332,2552,256,188
19333,2872,256,219
19334,2984,256,235
19335,2236,256,173
19336,2560,256,190
19337,2568,256,193
19338,2832,256,214
19339,1036,128,97
19340,2260,256,179
19341,1972,256,151
19342,2912,256,226
19343,2468,256,193
19344,392,64,49
19345,2220,256,173
19346,1244,128,117
19347,2160,256,166
19348,828,128,78
19349,1232,128,114
19350,1864,256,133
19351,952,128,93
19352,500,64,60
19353,2544,256,187
19354,2212,256,168
19355,2740,256,214
19356,536,64,63
19357,916,128,84
19358,2240,256,174
19359,972,128,93
19360,2252,256,177
19361,924,128,87
19362,856,128,82
19363,2252,256,176
19364,2620,256,193
19365,1124,128,104
19366,1784,256,125
19367,2940,256,225
19368,2228,256,171
19369,2980,256,234
19370,2084,256,156
19371,2128,256,162
19372,1984,256,153
19373,1944,256,149
19374,2700,256,209
19375,2128,256,162
19376,2400,256,187
19377,2232,256,171
19378,2680,256,203
19379,1212,128,114
19380,1300,128,126
19381,1944,256,149
19382,2784,256,221
19383,4968,512,323
19384,2112,256,158
19385,2720,256,209
19386,1884,256,144
19387,1124,128,104
19388,1992,256,155
19389,2580,256,196
19390,1988,256,155
19391,2900,256,222
19392,2184,256,172
19393,2016,256,161
19394,2204,256,169
19395,1408,128,136
19396,2588,256,193
19397,1324,128,126
19398,544,64,66
19399,1944,256,149
19400,2264,256,180
19401,2216,256,173
19402,1844,256,136
19403,2960,256,229
19404,2848,256,213
19405,2112,256,159
19406,1016,128,97
19407,848,128,79
19408,2144,256,162
19409,1152,128,106
19410,2924,256,221
19411,2716,256,213
19412,2684,256,206
19413,2252,256,177
19414,488,64,58
19415,560,64,69
19416,2264,256,179
19417,2644,256,195
19418,2000,256,150
19419,2900,256,226
19420,2636,256,205
19421,2936,256,224
19422,1116,128,102
19423,1224,128,112
19424,1256,128,120
19425,2580,256,195
19426,2712,256,211
19427,2264,256,179
19428,1852,256,138
19429,2544,256,191
19430,1244,128,117
19431,1236,128,115
19432,2156,256,169
19433,1780,256,128
19434,2896,256,221
19435,1820,256,134
19436,1952,256,150
19437,884,128,81
19438,2388,256,184
19439,1848,256,137
19440,2212,256,171
19441,2820,256,211
19442,1220,128,114
19443,1244,128,117
19444,2228,256,171
19445,2236,256,173
19446,2648,256,200
19447,2552,256,188
19448,992,128,97
19449,524,64,61
19450,2204,256,169
19451,2840,256,216
19452,2564,256,191
19453,496,64,59
19454,2836,256,211
19455,2580,256,195
19456,2236,256,174
19457,2224,256,170
19458,2764,256,213
19459,1276,128,121
19460,1276,128,124
19461,1224,128,113
19462,1228,128,112
19463,2840,256,216
19464,2144,256,167
19465,2428,256,189
19466,2284,256,180
19467,1272,128,123
19468,2192,256,167
19469,1372,128,132
19470,1128,128,104
19471,548,64,67
19472,2264,256,179
19473,2676,256,203
19474,2984,256,231
19475,1228,128,113
19476,388,64,48
19477,500,64,59
19478,1176,128,111
19479,2840,256,212
19480,2236,256,173
19481,536,64,64
19482,2224,256,170
19483,1252,128,118
19484,836,128,76
19485,2928,256,229
19486,2696,256,208
19487,1096,128,101
19488,2024,256,155
19489,2516,256,184
19490,2296,256,183
19491,2768,256,213
19492,2948,256,227
19493,5192,512,339
19494,2500,256,194
19495,2260,256,178
19496,2872,256,220
19497,1268,128,123
19498,2064,256,163
19499,1116,128,102
19500,2848,256,214
19501,1868,256,135
19502,2920,256,227
19503,2364,256,188
19504,1232,128,114
19505,2664,256,200
19506,2020,256,156
19507,2168,256,168
19508,3040,256,240
19509,1244,128,117
19510,912,128,84
19511,1256,128,119
19512,3004,256,235
19513,792,128,70
19514,2308,256,179
19515,1984,256,154
19516,1252,128,118
19517,1248,128,118
19518,2968,256,227
19519,2648,256,199
19520,2836,256,215
19521,2848,256,213
19522,1228,128,113
19523,2696,256,207
19524,2920,256,221
19525,2672,256,207
19526,2060,256,161
19527,2152,256,163
19528,2096,256,158
19529,1256,128,120
19530,2948,256,227
19531,2580,256,195
19532,1252,128,119
19533,2748,256,216
19534,1244,128,117
19535,2204,256,170
19536,2088,256,152
19537,2808,256,208
19538,2728,256,211
19539,2260,256,178
19540,2936,256,220
19541,548,64,67
19542,3024,256,237
19543,2640,256,199
19544,2508,256,183
19545,2644,256,200
19546,2740,256,213
19547,2540,256,186
19548,2664,256,207
19549,2232,256,173
19550,1232,128,113
19551,1244,128,117
19552,480,64,56
19553,2916,256,219
19554,2232,256,172
19555,2212,256,168
19556,1256,128,120
19557,2248,256,175
19558,2696,256,203
19559,5252,512,350
19560,2552,256,192
19561,2668,256,205
19562,2948,256,223
19563,2960,256,226
19564,2164,256,167
19565,2776,256,215
19566,1164,128,109
19567,1980,256,152
19568,2540,256,186
19569,2672,256,206
19570,820,128,76
19571,2884,256,223
19572,2252,256,176
19573,2684,256,204
19574,3012,256,238
19575,3004,256,235
19576,2224,256,173
19577,2248,256,175
19578,3016,256,239
19579,2896,256,221
19580,2028,256,157
19581,904,128,82
19582,1976,256,153
19583,2952,256,227
19584,2704,256,205
19585,2508,256,182
19586,2564,256,191
19587,1252,128,119
19588,2968,256,231
19589,2132,256,164
19590,2804,256,207
19591,2188,256,160
19592,400,64,51
19593,2156,256,165
19594,2532,256,188
19595,2032,256,155
19596,2668,256,201
19597,2192,256,167
19598,2924,256,221
19599,2724,256,210
19600,936,128,89
19601,476,64,57
19602,2544,256,191
19603,1896,256,141
19604,2664,256,201
19605,1864,256,140
19606,524,64,65
19607,2120,256,161
19608,2532,256,188
19609,1976,256,152
19610,1236,128,114
19611,2236,256,173
19612,560,64,69
19613,2584,256,192
19614,2556,256,194
19615,2532,256,188
19616,2704,256,206
19617,2284,256,184
19618,2180,256,171
19619,1236,128,115
19620,2968,256,228
19621,2912,256,225
19622,2696,256,207
19623,2236,256,173
19624,992,128,98
19625,2880,256,218
19626,2664,256,200
19627,2912,256,226
19628,2584,256,195
19629,1972,256,151
19630,544,64,66
19631,2280,256,179
19632,868,128,84
19633,2588,256,193
19634,2184,256,171
19635,1220,128,112
19636,1120,128,103
19637,2628,256,195
19638,1120,128,103
19639,1260,128,120
19640,2040,256,156
19641,1208,128,113
19642,2256,256,177
19643,2956,256,225
19644,2616,256,193
19645,480,64,55
19646,2128,256,162
19647,2184,256,165
19648,1940,256,147
19649,2196,256,168
19650,2552,256,185
19651,2248,256,176
19652,2816,256,211
19653,1164,128,110
19654,1280,128,121
19655,2688,256,206
19656,1232,128,113
19657,2612,256,202
19658,976,128,94
19659,504,64,60
19660,2232,256,172
19661,2968,256,228
19662,2680,256,203
19663,2356,256,185
19664,2692,256,202
19665,2224,256,171
19666,2936,256,223
19667,832,128,75
19668,1292,128,118
19669,2964,256,231
19670,2652,256,202
19671,1952,256,150
19672,2664,256,200
19673,1172,128,110
19674,1988,256,155
19675,2800,256,217
19676,2240,256,174
19677,2168,256,167
19678,2268,256,182
19679,1232,128,114
19680,2912,256,225
19681,320,32,47
19682,1232,128,114
19683,2228,256,172
19684,2284,256,181
19685,2568,256,189
19686,5028,512,326
19687,2860,256,217
19688,2560,256,190
19689,388,64,48
19690,2556,256,190
19691,2564,256,192
19692,2684,256,201
19693,4984,512,327
19694,2372,256,179
19695,2248,256,176
19696,2264,256,179
19697,2248,256,177
19698,2876,256,220
19699,1068,128,95
19700,2828,256,214
19701,944,128,91
19702,2876,256,220
19703,1172,128,104
19704,1252,128,119
19705,2392,256,195
19706,1144,128,105
19707,448,64,57
19708,2208,256,167
19709,1108,128,99
19710,2676,256,203
19711,2664,256,200
19712,2608,256,198
19713,2608,256,198
19714,556,64,68
19715,980,128,94
19716,1240,128,115
19717,1032,128,100
19718,2224,256,170
19719,2188,256,166
19720,2980,256,230
19721,1248,128,118
19722,652,64,76
19723,2852,256,219
19724,2236,256,173
19725,4500,512,290
19726,1984,256,153
19727,1840,256,135
19728,524,64,65
19729,1172,128,111
19730,2124,256,161
19731,140,32,24
19732,2908,256,224
19733,2128,256,163
19734,1852,256,138
19735,1916,256,145
19736,1256,128,120
19737,2044,256,156
19738,1948,256,150
19739,1228,128,113
19740,2640,256,198
19741,340,64,41
19742,2968,256,228
19743,2660,256,202
19744,2672,256,206
19745,2148,256,163
19746,2108,256,159
19747,1220,128,112
19748,1236,128,115
19749,1232,128,114
19750,1100,128,98
19751,936,128,89
19752,2248,256,176
19753,1980,256,153
19754,2272,256,181
19755,2944,256,222
19756,2632,256,197
19757,2260,256,178
19758,1260,128,120
19759,2700,256,209
19760,532,64,63
19761,1244,128,117
19762,1188,128,114
19763,2696,256,208
19764,2616,256,200
19765,2980,256,231
19766,2884,256,218
19767,1936,256,146
19768,1056,128,102
19769,1284,128,121
19770,1940,256,148
19771,2480,256,197
19772,1952,256,150
19773,1948,256,150
19774,2536,256,190
19775,3012,256,227
19776,2228,256,171
19777,2276,256,182
19778,2172,256,169
19779,952,128,92
19780,1244,128,117
19781,2248,256,175
19782,1244,128,117
19783,2776,256,215
19784,2548,256,188
19785,1136,128,107
19786,2680,256,204
19787,1252,128,118
19788,940,128,89
19789,1228,128,113
19790,2668,256,201
19791,2192,256,166
19792,2940,256,225
19793,1136,128,110
19794,2084,256,166
19795,940,128,89
19796,2684,256,204
19797,2848,256,219
19798,2260,256,179
19799,2248,256,176
19800,936,128,89
19801,2800,256,208
19802,2572,256,194
19803,1196,128,109
19804,2556,256,190
19805,1996,256,157
19806,2944,256,226
19807,544,64,66
19808,2092,256,154
19809,384,64,47
19810,2236,256,174
19811,2980,256,231
19812,524,64,64
19813,2172,256,168
19814,2284,256,180
19815,2252,256,176
19816,2984,256,231
19817,1248,128,118
19818,2932,256,223
19819,2128,256,163
19820,2236,256,173
19821,2240,256,174
19822,2920,256,226
19823,2208,256,171
19824,2248,256,176
19825,2628,256,196
19826,2244,256,174
19827,2120,256,160
19828,2788,256,205
19829,2984,256,231
19830,2076,256,164
19831,2588,256,193
19832,1252,128,118
19833,4224,512,265
19834,2824,256,213
19835,500,64,60
19836,2992,256,233
19837,2108,256,159
19838,2744,256,208
19839,1316,128,126
19840,1136,128,106
19841,2864,256,218
19842,2664,256,201
19843,1952,256,150
19844,2696,256,207
19845,2512,256,183
19846,2636,256,198
19847,820,128,77
19848,2328,256,183
19849,2216,256,172
19850,2576,256,194
19851,2096,256,158
19852,1288,128,123
19853,2708,256,206
19854,2584,256,196
19855,1112,128,101
19856,2180,256,167
19857,2704,256,210
19858,2748,256,216
19859,2688,256,206
19860,2648,256,200
19861,2292,256,182
19862,2124,256,161
19863,2668,256,200
19864,2528,256,188
19865,2256,256,178
19866,1928,256,144
19867,3008,256,237
19868,2520,256,185
19869,1920,256,143
19870,2536,256,185
19871,2948,256,227
19872,492,64,57
19873,1968,256,150
19874,2260,256,178
19875,1264,128,122
19876,2980,256,229
19877,2808,256,208
19878,492,64,58
19879,2956,256,228
19880,1880,256,144
19881,2512,256,184
19882,2140,256,161
19883,2816,256,210
19884,1192,128,108
19885,2844,256,217
19886,860,128,82
19887,2860,256,217
19888,1168,128,110
19889,1208,128,113
19890,2528,256,186
19891,844,128,78
19892,2848,256,218
19893,2268,256,180
19894,1268,128,118
19895,2852,256,215
19896,1848,256,141
19897,2872,256,220
19898,3004,256,235
19899,2852,256,216
19900,2832,256,214
19901,2548,256,188
19902,1228,128,113
19903,2844,256,217
19904,500,64,59
19905,1232,128,115
19906,2624,256,201
19907,2568,256,193
19908,1252,128,119
19909,1156,128,107
19910,1252,128,119
19911,2576,256,195
19912,2196,256,163
19913,2220,256,170
19914,1872,256,143
19915,2240,256,173
19916,500,64,59
19917,1960,256,153
19918,2684,256,205
19919,1088,128,100
19920,1260,128,120
19921,2952,256,223
19922,2720,256,213
19923,2124,256,161
19924,2236,256,174
19925,2980,256,230
19926,2124,256,162
19927,2260,256,179
19928,2676,256,203
19929,2252,256,176
19930,2572,256,193
19931,1844,256,140
19932,2944,256,225
19933,2840,256,216
19934,2196,256,174
19935,2692,256,207
19936,2588,256,196
19937,2232,256,172
19938,2692,256,207
19939,2248,256,175
19940,2988,256,231
19941,1924,256,144
19942,2652,256,201
19943,2964,256,226
19944,2640,256,195
19945,2940,256,224
19946,1972,256,151
19947,1968,256,151
19948,2680,256,203
19949,2988,256,232
19950,2536,256,189
19951,544,64,66
19952,2700,256,208
19953,2468,256,198
19954,2628,256,203
19955,3036,256,240
19956,2192,256,173
19957,2988,256,236
19958,2216,256,169
19959,1240,128,116
19960,2644,256,199
19961,2872,256,220
19962,2680,256,202
19963,1172,128,110
19964,1240,128,116
19965,2948,256,226
19966,2528,256,188
19967,2680,256,204
19968,2560,256,191
19969,1260,128,120
19970,2240,256,173
19971,984,128,95
19972,1256,128,120
19973,1140,128,107
19974,2844,256,213
19975,1232,128,114
19976,1316,128,124
19977,2364,256,188
19978,2688,256,205
19979,2676,256,204
19980,944,128,90
19981,2972,256,229
19982,2864,256,218
19983,2572,256,192
19984,1236,128,115
19985,2856,256,217
19986,2264,256,179
19987,1132,128,106
19988,2876,256,221
19989,2440,256,192
19990,1964,256,149
19991,2564,256,192
19992,1280,128,121
19993,504,64,60
19994,1944,256,148
19995,1236,128,114
19996,2656,256,202
19997,500,64,60
19998,2708,256,210
19999,1240,128,116
20000,2332,256,181
